# TIER C - REFERENCE ONLY. NOT ELIGIBLE FOR CLV, EVER.
# These are sportsbook numbers with no capture timestamp: there is no way
# to know whether a given spread_line was the open, the close, or a
# midweek number, so any 'closing-line value' computed from them would be
# a number that looks fine and means nothing.
# NO MODEL-FITTING CODE MAY READ THIS FILE. It exists so that games.csv
# can be honestly market-blind, and for market-structure diagnostics only.
game_id,season,week,away_moneyline,home_moneyline,spread_line,away_spread_odds,home_spread_odds,total_line,under_odds,over_odds
2010_01_MIN_NO,2010,1,197,-220,4.5,-105,-103,48.5,-104,-106
2010_01_ATL_PIT,2010,1,-112,102,-1,-106,-102,38.5,-108,-102
2010_01_CAR_NYG,2010,1,214,-240,5.5,-107,-101,40.5,-107,-103
2010_01_CIN_NE,2010,1,205,-230,5,-104,-104,44.5,-113,102
2010_01_CLE_TB,2010,1,122,-135,2.5,102,-110,37,-106,-104
2010_01_DEN_JAX,2010,1,166,-185,3,109,-118,41.5,-110,100
2010_01_DET_CHI,2010,1,248,-280,6.5,103,-111,44.5,-105,-105
2010_01_IND_HOU,2010,1,-117,106,-1,-110,102,47.5,-102,-108
2010_01_MIA_BUF,2010,1,-155,140,-3,-106,-102,39.5,-110,100
2010_01_OAK_TEN,2010,1,235,-265,6.5,-102,-106,39.5,-105,-105
2010_01_ARI_STL,2010,1,-163,147,-3,-104,-104,39.5,-101,-109
2010_01_GB_PHI,2010,1,-138,125,-3,108,-117,47.5,-113,102
2010_01_SF_SEA,2010,1,-185,166,-3,-118,109,37,-105,-105
2010_01_DAL_WAS,2010,1,-185,166,-3.5,100,-108,39.5,100,-110
2010_01_BAL_NYJ,2010,1,108,-119,1,104,-113,36.5,-102,-108
2010_01_SD_KC,2010,1,-200,180,-4,102,-110,45.5,-101,-109
2010_02_ARI_ATL,2010,2,248,-280,7,-113,104,43,-115,104
2010_02_BAL_CIN,2010,2,-145,131,-2.5,-115,106,39.5,105,-116
2010_02_BUF_GB,2010,2,548,-670,12.5,-102,-106,43,-102,-108
2010_02_CHI_DAL,2010,2,277,-315,7,-102,-106,41,-107,-103
2010_02_KC_CLE,2010,2,158,-175,3,111,-120,38,102,-113
2010_02_MIA_MIN,2010,2,199,-222,5.5,-111,103,40.5,-115,104
2010_02_PHI_DET,2010,2,-276,244,-6.5,101,-109,41,-108,-102
2010_02_PIT_TEN,2010,2,231,-260,6,-104,-104,36.5,-115,104
2010_02_TB_CAR,2010,2,188,-210,4,-101,-107,38,100,-110
2010_02_SEA_DEN,2010,2,158,-175,3.5,-113,104,41,-104,-106
2010_02_STL_OAK,2010,2,162,-180,3,116,-126,37.5,100,-110
2010_02_HOU_WAS,2010,2,-143,129,-2.5,-114,105,43,-110,100
2010_02_JAX_SD,2010,2,264,-300,7,-112,104,45.5,-103,-107
2010_02_NE_NYJ,2010,2,-155,140,-3,102,-110,39.5,-108,-102
2010_02_NYG_IND,2010,2,186,-207,4,-102,-106,47.5,-103,-107
2010_02_NO_SF,2010,2,-215,193,-4.5,-106,-102,43.5,-106,-104
2010_03_ATL_NO,2010,3,155,-172,3,111,-120,49.5,100,-110
2010_03_BUF_NE,2010,3,697,-890,14,101,-109,42.5,-107,-103
2010_03_CIN_CAR,2010,3,-163,147,-3,-108,100,37.5,100,-110
2010_03_CLE_BAL,2010,3,569,-700,12,101,-109,36.5,100,-110
2010_03_DAL_HOU,2010,3,119,-131,1.5,107,-116,47.5,100,-110
2010_03_DET_MIN,2010,3,534,-650,13,-103,-105,42.5,-105,-105
2010_03_PIT_TB,2010,3,-140,127,-2,-113,104,33,-114,103
2010_03_SF_KC,2010,3,-138,125,-2.5,-114,105,38,-105,-105
2010_03_TEN_NYG,2010,3,133,-147,3,-112,104,43.5,-104,-106
2010_03_PHI_JAX,2010,3,-127,115,-2,-109,101,45,-102,-108
2010_03_WAS_STL,2010,3,-220,197,-4.5,-103,-105,39,-105,-105
2010_03_IND_DEN,2010,3,-253,225,-5.5,-111,103,47,-102,-108
2010_03_OAK_ARI,2010,3,209,-234,5.5,-104,-104,38.5,-105,-105
2010_03_SD_SEA,2010,3,-190,171,-3.5,-103,-105,44,-106,-104
2010_03_NYJ_MIA,2010,3,119,-131,1,114,-123,35.5,-105,-105
2010_03_GB_CHI,2010,3,-140,127,-3,105,-114,45.5,103,-114
2010_04_BAL_PIT,2010,4,112,-124,2,102,-110,34.5,-101,-109
2010_04_CAR_NO,2010,4,534,-650,12.5,-108,100,43.5,102,-113
2010_04_CIN_CLE,2010,4,-115,104,-1.5,-103,-105,36.5,-109,-101
2010_04_DEN_TEN,2010,4,244,-275,6,102,-110,43.5,-101,-109
2010_04_DET_GB,2010,4,816,-1100,14.5,-101,-107,46,-113,102
2010_04_NYJ_BUF,2010,4,-235,210,-5.5,104,-113,36.5,-103,-107
2010_04_SEA_STL,2010,4,-125,113,-1.5,-111,103,40,104,-115
2010_04_SF_ATL,2010,4,272,-309,7,-109,101,42.5,100,-110
2010_04_HOU_OAK,2010,4,-180,162,-3.5,109,-118,43.5,104,-115
2010_04_IND_JAX,2010,4,-288,254,-7,106,-115,45.5,-103,-107
2010_04_ARI_SD,2010,4,423,-500,10,-104,-104,47,106,-117
2010_04_WAS_PHI,2010,4,214,-240,5,103,-111,44,-106,-104
2010_04_CHI_NYG,2010,4,174,-194,3.5,100,-108,44,101,-111
2010_04_NE_MIA,2010,4,101,-111,1,-105,-103,48,-105,-105
2010_05_ATL_CLE,2010,5,-160,144,-3,-105,-103,41.5,-107,-103
2010_05_CHI_CAR,2010,5,127,-140,2.5,105,-114,33,-107,-103
2010_05_DEN_BAL,2010,5,326,-375,8,-109,101,39.5,-105,-105
2010_05_GB_WAS,2010,5,-150,136,-2.5,-117,108,45.5,-105,-105
2010_05_JAX_BUF,2010,5,119,-131,2.5,-105,-103,41.5,-105,-105
2010_05_KC_IND,2010,5,310,-355,7.5,-110,102,46,100,-110
2010_05_NYG_HOU,2010,5,158,-175,3,112,-121,48.5,-102,-108
2010_05_STL_DET,2010,5,129,-143,3,-114,105,43.5,100,-110
2010_05_TB_CIN,2010,5,252,-285,6.5,-108,100,38,-110,100
2010_05_NO_ARI,2010,5,-285,252,-6.5,-105,-103,45.5,-107,-103
2010_05_SD_OAK,2010,5,-290,256,-7,-101,-107,44,-106,-104
2010_05_TEN_DAL,2010,5,264,-300,6.5,101,-109,43.5,-108,-102
2010_05_PHI_SF,2010,5,158,-175,3,104,-113,39.5,102,-113
2010_05_MIN_NYJ,2010,5,193,-215,4,-104,-104,38,-101,-109
2010_06_ATL_PHI,2010,6,107,-118,1,104,-113,43,-107,-103
2010_06_BAL_NE,2010,6,126,-139,3,-118,109,44.5,-105,-105
2010_06_CLE_PIT,2010,6,760,-1000,14,-113,104,37.5,-101,-109
2010_06_DET_NYG,2010,6,423,-500,10,-107,-101,45.5,-105,-105
2010_06_KC_HOU,2010,6,199,-222,4.5,-103,-105,45.5,-104,-106
2010_06_MIA_GB,2010,6,138,-153,3,-109,101,44,-106,-104
2010_06_NO_TB,2010,6,-230,205,-5.5,100,-108,43.5,-102,-108
2010_06_SD_STL,2010,6,-376,326,-9.5,104,-113,44.5,-110,100
2010_06_SEA_CHI,2010,6,228,-257,6,-106,-102,37.5,-102,-108
2010_06_NYJ_DEN,2010,6,-180,162,-3.5,101,-109,43,-102,-108
2010_06_OAK_SF,2010,6,305,-350,9,-119,110,40.5,-107,-103
2010_06_DAL_MIN,2010,6,112,-124,1,107,-116,43.5,-105,-105
2010_06_IND_WAS,2010,6,-164,148,-3,-104,-104,44.5,102,-113
2010_06_TEN_JAX,2010,6,-143,129,-3,105,-114,43.5,101,-111
2010_07_BUF_BAL,2010,7,513,-621,12,100,-108,39.5,-102,-108
2010_07_CIN_ATL,2010,7,175,-195,3.5,100,-108,43,100,-110
2010_07_CLE_NO,2010,7,498,-600,12,-111,103,44,-109,-101
2010_07_JAX_KC,2010,7,358,-415,9,-113,104,38.5,-108,-102
2010_07_PHI_TEN,2010,7,129,-142,3,-118,109,41,-108,-102
2010_07_PIT_MIA,2010,7,-142,129,-3,106,-115,40.5,100,-110
2010_07_SF_CAR,2010,7,-125,113,-1,-116,107,36.5,-103,-107
2010_07_STL_TB,2010,7,149,-165,3,105,-114,38.5,-107,-103
2010_07_WAS_CHI,2010,7,144,-160,3,-104,-104,40.5,-105,-105
2010_07_ARI_SEA,2010,7,244,-276,6.5,-103,-105,40.5,100,-110
2010_07_NE_SD,2010,7,113,-125,2.5,-103,-105,49,103,-114
2010_07_OAK_DEN,2010,7,264,-300,7,-108,100,43,100,-110
2010_07_MIN_GB,2010,7,118,-130,2.5,102,-110,43.5,-105,-105
2010_07_NYG_DAL,2010,7,162,-180,3.5,-106,-102,45,101,-111
2010_08_BUF_KC,2010,8,285,-325,7,-101,-107,45,-103,-107
2010_08_CAR_STL,2010,8,131,-145,2.5,100,-108,38,-113,102
2010_08_DEN_SF,2010,8,112,-124,2,-105,-103,41,-113,102
2010_08_GB_NYJ,2010,8,231,-260,6.5,-101,-107,41.5,-106,-104
2010_08_JAX_DAL,2010,8,246,-278,6.5,104,-113,43.5,-108,-102
2010_08_MIA_CIN,2010,8,-108,-102,-1,-105,-103,43,-102,-108
2010_08_WAS_DET,2010,8,122,-135,2.5,105,-114,44.5,-108,-102
2010_08_TEN_SD,2010,8,198,-221,6,-107,-101,45,104,-115
2010_08_MIN_NE,2010,8,190,-212,5,-109,101,44.5,102,-112
2010_08_SEA_OAK,2010,8,107,-118,1.5,-102,-106,39.5,-110,100
2010_08_TB_ARI,2010,8,157,-174,3,107,-116,38,102,-112
2010_08_PIT_NO,2010,8,106,-117,1,101,-109,45,-102,-108
2010_08_HOU_IND,2010,8,205,-230,5.5,-103,-105,50.5,102,-113
2010_09_ARI_MIN,2010,9,285,-325,7,102,-110,42.5,100,-110
2010_09_CHI_BUF,2010,9,-149,135,-3,100,-108,41.5,-106,-104
2010_09_MIA_BAL,2010,9,198,-221,5,-105,-103,40.5,-110,100
2010_09_NE_CLE,2010,9,-200,180,-4,100,-108,44,102,-113
2010_09_NO_CAR,2010,9,-245,218,-5.5,-108,100,40,-117,106
2010_09_NYJ_DET,2010,9,-240,214,-5.5,-105,-103,42.5,100,-110
2010_09_SD_HOU,2010,9,-136,123,-3,112,-121,50,100,-110
2010_09_TB_ATL,2010,9,404,-475,10,-102,-106,44.5,-106,-104
2010_09_NYG_SEA,2010,9,-316,278,-7,-108,100,40.5,-105,-105
2010_09_IND_PHI,2010,9,146,-162,3.5,-117,108,46.5,102,-113
2010_09_KC_OAK,2010,9,-107,-103,-1,-102,-106,41,-108,-102
2010_09_DAL_GB,2010,9,286,-326,7,105,-114,46,102,-112
2010_09_PIT_CIN,2010,9,-235,210,-5,-102,-106,41.5,101,-111
2010_10_BAL_ATL,2010,10,113,-125,1,111,-120,43.5,-113,102
2010_10_CAR_TB,2010,10,249,-282,7,-115,106,36.5,-110,100
2010_10_CIN_IND,2010,10,264,-300,6.5,105,-114,47,-104,-106
2010_10_DET_BUF,2010,10,108,-119,1.5,-104,-104,45,104,-115
2010_10_HOU_JAX,2010,10,101,-111,1,-103,-105,48,-101,-109
2010_10_MIN_CHI,2010,10,100,-110,1,-104,-104,41,-103,-107
2010_10_NYJ_CLE,2010,10,-184,166,-3.5,100,-108,37,-103,-107
2010_10_TEN_MIA,2010,10,111,-123,1,108,-117,43,104,-115
2010_10_KC_DEN,2010,10,-109,-101,-1,-104,-104,44,102,-112
2010_10_DAL_NYG,2010,10,446,-530,11.5,104,-112,46,100,-110
2010_10_SEA_ARI,2010,10,180,-200,3.5,103,-111,41,-104,-106
2010_10_STL_SF,2010,10,197,-220,4.5,104,-112,38.5,-107,-103
2010_10_NE_PIT,2010,10,171,-190,4.5,-111,103,44.5,-105,-105
2010_10_PHI_WAS,2010,10,-181,163,-3.5,107,-116,43.5,-108,-102
2010_11_CHI_MIA,2010,11,129,-143,2.5,102,-110,40,101,-111
2010_11_ARI_KC,2010,11,267,-303,7,-108,100,45,100,-110
2010_11_BAL_CAR,2010,11,-850,671,-13,-105,-103,37,100,-110
2010_11_BUF_CIN,2010,11,188,-210,4,-104,-104,41,104,-115
2010_11_CLE_JAX,2010,11,121,-134,2.5,102,-110,43,-106,-104
2010_11_DET_DAL,2010,11,211,-237,5,-108,100,47.5,102,-113
2010_11_GB_MIN,2010,11,-147,133,-3,-101,-107,45,103,-114
2010_11_HOU_NYJ,2010,11,244,-275,6.5,101,-109,46,103,-114
2010_11_OAK_PIT,2010,11,256,-290,7,-107,-101,41,102,-113
2010_11_WAS_TEN,2010,11,273,-310,7,-112,104,44,100,-110
2010_11_ATL_STL,2010,11,-180,162,-3.5,103,-111,43,-105,-105
2010_11_SEA_NO,2010,11,431,-510,11,-115,106,44.5,101,-111
2010_11_TB_SF,2010,11,179,-199,3.5,103,-111,41,-108,-102
2010_11_IND_NE,2010,11,178,-198,4,101,-109,49.5,105,-116
2010_11_NYG_PHI,2010,11,163,-181,3.5,-113,104,47.5,103,-114
2010_11_DEN_SD,2010,11,338,-390,9,-111,103,50,100,-110
2010_12_NE_DET,2010,12,-275,244,-6,-101,-107,50.5,104,-115
2010_12_NO_DAL,2010,12,-206,185,-4.5,-106,-102,48,-101,-109
2010_12_CIN_NYJ,2010,12,385,-450,10,-110,102,43,102,-113
2010_12_CAR_CLE,2010,12,314,-360,9,-120,111,37.5,102,-113
2010_12_GB_ATL,2010,12,113,-125,2.5,-104,-104,47.5,-101,-109
2010_12_JAX_NYG,2010,12,277,-315,8,-118,109,42.5,102,-113
2010_12_MIN_WAS,2010,12,-127,115,-1,-123,114,43.5,-108,-102
2010_12_PIT_BUF,2010,12,-282,249,-6.5,100,-108,43.5,-105,-105
2010_12_TEN_HOU,2010,12,180,-200,5,-110,102,46.5,-108,-102
2010_12_KC_SEA,2010,12,-119,108,-1,-113,104,45,-110,100
2010_12_MIA_OAK,2010,12,127,-140,3,-117,108,38,-104,-106
2010_12_PHI_CHI,2010,12,-160,144,-3,-104,-104,41.5,100,-110
2010_12_STL_DEN,2010,12,162,-180,3,109,-118,46.5,-110,100
2010_12_TB_BAL,2010,12,292,-334,7.5,-108,100,41,-114,103
2010_12_SD_IND,2010,12,119,-131,2,-104,-104,50,100,-110
2010_12_SF_ARI,2010,12,-125,113,-1,-116,107,41.5,102,-112
2010_13_HOU_PHI,2010,13,318,-365,8.5,-111,103,51,-103,-107
2010_13_BUF_MIN,2010,13,205,-230,5,-102,-106,43.5,102,-113
2010_13_CHI_DET,2010,13,-225,201,-5,-103,-105,43,100,-110
2010_13_CLE_MIA,2010,13,214,-240,6,-105,-103,43.5,104,-115
2010_13_DEN_KC,2010,13,314,-360,9,-119,110,48,-108,-102
2010_13_JAX_TEN,2010,13,156,-173,3,107,-116,43.5,-107,-103
2010_13_NO_CIN,2010,13,-270,239,-6.5,102,-110,45,-105,-105
2010_13_SF_GB,2010,13,361,-420,9,-114,105,41,-106,-104
2010_13_WAS_NYG,2010,13,310,-355,7,109,-118,43,102,-113
2010_13_OAK_SD,2010,13,525,-650,12.5,-106,-102,44.5,-110,100
2010_13_ATL_TB,2010,13,-154,139,-3,104,-112,43.5,-102,-108
2010_13_CAR_SEA,2010,13,201,-225,4.5,101,-109,40,-108,-102
2010_13_DAL_IND,2010,13,210,-235,5.5,-106,-102,47.5,-109,-101
2010_13_STL_ARI,2010,13,-169,152,-3,-112,104,43.5,-105,-105
2010_13_PIT_BAL,2010,13,162,-180,3,108,-117,38,-109,-101
2010_13_NYJ_NE,2010,13,180,-201,4,-109,101,44.5,100,-110
2010_14_IND_TEN,2010,14,-179,161,-3,-115,106,44,-101,-109
2010_14_ATL_CAR,2010,14,-300,264,-7,-102,-106,41,-106,-104
2010_14_CIN_PIT,2010,14,322,-370,9,-120,111,39.5,-108,-102
2010_14_CLE_BUF,2010,14,102,-113,1,-102,-106,39.5,-102,-108
2010_14_GB_DET,2010,14,-320,281,-7,102,-110,45.5,-102,-108
2010_14_OAK_JAX,2010,14,171,-190,3.5,-102,-106,41,-104,-106
2010_14_TB_WAS,2010,14,-117,106,-1,-111,103,41,-107,-103
2010_14_SEA_SF,2010,14,182,-203,4.5,-109,101,42.5,-105,-105
2010_14_STL_NO,2010,14,365,-425,9.5,-113,104,47,-106,-104
2010_14_DEN_ARI,2010,14,-190,171,-4,100,-108,44.5,102,-113
2010_14_KC_SD,2010,14,431,-510,10,-106,-102,45.5,102,-112
2010_14_MIA_NYJ,2010,14,197,-220,5,-109,101,37.5,100,-110
2010_14_NE_CHI,2010,14,-145,131,-3,105,-114,37.5,-108,-102
2010_14_PHI_DAL,2010,14,-209,187,-4,100,-108,50.5,-105,-105
2010_14_NYG_MIN,2010,14,-230,205,-4.5,-106,-102,43.5,105,-116
2010_14_BAL_HOU,2010,14,-145,131,-3,106,-115,47,-103,-107
2010_15_SF_SD,2010,15,439,-520,10,-104,-104,44.5,-103,-107
2010_15_ARI_CAR,2010,15,116,-128,2.5,-104,-104,37.5,100,-110
2010_15_BUF_MIA,2010,15,210,-235,5.5,103,-111,40,100,-110
2010_15_CLE_CIN,2010,15,-106,-104,1,-110,102,41.5,-107,-103
2010_15_DET_TB,2010,15,177,-197,3.5,100,-108,43,-105,-105
2010_15_HOU_TEN,2010,15,110,-121,2,-102,-106,47.5,100,-110
2010_15_JAX_IND,2010,15,195,-218,4,-102,-106,48,-102,-108
2010_15_KC_STL,2010,15,125,-138,3,-121,112,42.5,-110,100
2010_15_NO_BAL,2010,15,113,-125,1,110,-119,45,-110,100
2010_15_PHI_NYG,2010,15,140,-155,3,-106,-102,46.5,-107,-103
2010_15_WAS_DAL,2010,15,385,-450,9.5,-101,-107,43.5,-109,-101
2010_15_ATL_SEA,2010,15,-229,205,-5.5,-102,-106,46,-119,108
2010_15_DEN_OAK,2010,15,301,-345,9,-130,120,41.5,-107,-103
2010_15_NYJ_PIT,2010,15,174,-194,3.5,-110,102,36,-110,100
2010_15_GB_NE,2010,15,736,-950,14,-104,-104,43.5,-105,-105
2010_15_CHI_MIN,2010,15,-225,201,-5.5,100,-108,34,-113,102
2010_16_CAR_PIT,2010,16,850,-1150,14,-110,102,37.5,-110,100
2010_16_DAL_ARI,2010,16,-305,269,-7,104,-113,45,107,-118
2010_16_BAL_CLE,2010,16,-190,171,-3.5,-102,-106,39.5,-111,101
2010_16_DET_MIA,2010,16,167,-186,3.5,-105,-103,41,-108,-102
2010_16_NE_BUF,2010,16,-300,264,-7,103,-111,46.5,-106,-104
2010_16_NYJ_CHI,2010,16,127,-140,1.5,115,-125,36,-103,-107
2010_16_SF_STL,2010,16,121,-134,2,111,-120,40,-108,-102
2010_16_TEN_KC,2010,16,171,-190,4,-108,100,42.5,-107,-103
2010_16_WAS_JAX,2010,16,269,-305,7,101,-109,45.5,-104,-106
2010_16_HOU_DEN,2010,16,-121,110,-2,100,-108,49.5,-108,-102
2010_16_IND_OAK,2010,16,-124,112,-1,-117,108,46,105,-116
2010_16_SD_CIN,2010,16,-350,305,-9,108,-117,43.5,-107,-103
2010_16_NYG_GB,2010,16,139,-154,3,105,-114,43,-104,-106
2010_16_SEA_TB,2010,16,205,-230,5,104,-112,43.5,103,-114
2010_16_NO_ATL,2010,16,117,-129,2,103,-111,50,103,-114
2010_16_MIN_PHI,2010,16,760,-1000,14,-106,-102,44,102,-113
2010_17_BUF_NYJ,2010,17,113,-125,1,109,-118,38,-101,-109
2010_17_CAR_ATL,2010,17,730,-940,14,-112,104,41,-108,-102
2010_17_CIN_BAL,2010,17,369,-430,9.5,-113,104,43,-105,-105
2010_17_MIA_NE,2010,17,184,-205,4,-101,-107,44,-108,-102
2010_17_MIN_DET,2010,17,171,-190,3.5,-107,-101,43.5,-115,104
2010_17_OAK_KC,2010,17,188,-210,4.5,-103,-105,43,102,-113
2010_17_PIT_CLE,2010,17,-250,222,-6.5,-101,-107,38,-108,-102
2010_17_TB_NO,2010,17,248,-280,7,-119,110,46.5,-106,-104
2010_17_ARI_SF,2010,17,205,-230,6,-109,101,39.5,-108,-102
2010_17_CHI_GB,2010,17,569,-700,11,101,-109,43.5,-108,-102
2010_17_DAL_PHI,2010,17,-129,117,-1.5,-116,107,43,-110,100
2010_17_JAX_HOU,2010,17,186,-208,4.5,-104,-104,47.5,-106,-104
2010_17_NYG_WAS,2010,17,-208,186,-4.5,-104,-104,44.5,-113,102
2010_17_SD_DEN,2010,17,-224,200,-5,-101,-107,47.5,-101,-109
2010_17_TEN_IND,2010,17,372,-434,9,-116,107,47.5,-107,-103
2010_17_STL_SEA,2010,17,-164,148,-3,-108,100,42.5,-105,-105
2010_18_NO_SEA,2010,18,-500,423,-9.5,-106,-102,45.5,-108,-102
2010_18_NYJ_IND,2010,18,118,-130,1,109,-118,44,102,-113
2010_18_BAL_KC,2010,18,-154,139,-3,104,-112,41,101,-111
2010_18_GB_PHI,2010,18,105,-116,1,-101,-107,46.5,101,-111
2010_19_BAL_PIT,2010,19,166,-184,3.5,-106,-102,37.5,-114,103
2010_19_GB_ATL,2010,19,103,-114,1,101,-109,43.5,-107,-103
2010_19_SEA_CHI,2010,19,393,-460,10,101,-109,42.5,-108,-102
2010_19_NYJ_NE,2010,19,318,-365,9.5,-113,104,45,-104,-106
2010_20_GB_CHI,2010,20,-186,167,-3.5,103,-111,42,101,-111
2010_20_NYJ_PIT,2010,20,181,-202,4,101,-109,38,102,-113
2010_21_PIT_GB,2010,21,136,-147,3,-115,108,44.5,106,-117
2011_01_NO_GB,2011,1,222,-250,4.5,100,-108,47.5,104,-115
2011_01_ATL_CHI,2011,1,-116,105,-1,-109,101,40.5,-101,-109
2011_01_BUF_KC,2011,1,173,-192,3.5,-108,100,38.5,-105,-105
2011_01_CIN_CLE,2011,1,273,-310,6.5,109,-118,36.5,-101,-109
2011_01_DET_TB,2011,1,113,-125,1,109,-118,43.5,-107,-103
2011_01_IND_HOU,2011,1,369,-430,9,-110,102,44,-106,-104
2011_01_PHI_STL,2011,1,-200,180,-3.5,-102,-106,44,-103,-107
2011_01_PIT_BAL,2011,1,113,-125,1,108,-117,37,-101,-109
2011_01_TEN_JAX,2011,1,-108,-102,-1,-102,-106,38,-101,-109
2011_01_CAR_ARI,2011,1,266,-302,6.5,104,-113,37.5,-107,-103
2011_01_MIN_SD,2011,1,387,-453,9,-106,-102,43.5,-105,-105
2011_01_NYG_WAS,2011,1,-111,101,-1,-106,-102,40.5,-110,100
2011_01_SEA_SF,2011,1,213,-239,6,-104,-104,38,-101,-109
2011_01_DAL_NYJ,2011,1,239,-270,6.5,-106,-102,40.5,-109,-101
2011_01_NE_MIA,2011,1,-330,289,-7,-104,-104,46.5,100,-110
2011_01_OAK_DEN,2011,1,153,-170,3,102,-110,42.5,-103,-107
2011_02_ARI_WAS,2011,2,193,-215,4.5,-106,-102,44.5,-109,-101
2011_02_BAL_TEN,2011,2,-242,216,-5.5,104,-113,39.5,-107,-103
2011_02_CHI_NO,2011,2,204,-228,4.5,-104,-104,46.5,100,-110
2011_02_CLE_IND,2011,2,-120,109,-1,-113,104,39.5,102,-113
2011_02_GB_CAR,2011,2,-539,453,-10.5,101,-109,45.5,-105,-105
2011_02_JAX_NYJ,2011,2,330,-380,9,-115,106,38,-105,-105
2011_02_KC_DET,2011,2,285,-325,9,-125,115,45,-104,-106
2011_02_OAK_BUF,2011,2,171,-190,3.5,-106,-102,40.5,-105,-105
2011_02_SEA_PIT,2011,2,604,-750,13.5,-104,-104,39.5,-103,-107
2011_02_TB_MIN,2011,2,102,-112,1,-102,-106,41,-105,-105
2011_02_DAL_SF,2011,2,-167,151,-3,-108,100,41,102,-113
2011_02_CIN_DEN,2011,2,153,-170,3.5,-123,114,40.5,-104,-106
2011_02_HOU_MIA,2011,2,-151,137,-3,100,-108,46.5,-106,-104
2011_02_SD_NE,2011,2,244,-275,6.5,-104,-104,53.5,106,-117
2011_02_PHI_ATL,2011,2,-133,120,-2.5,-106,-102,49,-110,100
2011_02_STL_NYG,2011,2,273,-310,7,-112,104,43.5,108,-119
2011_03_DEN_TEN,2011,3,273,-310,7,-108,100,43.5,-109,-101
2011_03_DET_MIN,2011,3,-160,144,-3,-108,100,44.5,-102,-108
2011_03_HOU_NO,2011,3,157,-174,3.5,-113,104,51,-107,-103
2011_03_JAX_CAR,2011,3,153,-170,3.5,-116,107,43,-110,100
2011_03_MIA_CLE,2011,3,-125,113,-1,-117,108,42.5,-105,-105
2011_03_NE_BUF,2011,3,-310,273,-7,105,-114,54,-107,-103
2011_03_NYG_PHI,2011,3,337,-389,9,-120,111,46.5,-103,-107
2011_03_SF_CIN,2011,3,102,-113,1,-101,-107,38.5,102,-113
2011_03_BAL_STL,2011,3,-240,214,-5.5,-105,-103,41.5,-106,-104
2011_03_KC_SD,2011,3,780,-1035,14,-103,-105,44.5,-107,-103
2011_03_NYJ_OAK,2011,3,-133,120,-1,-125,115,40,-105,-105
2011_03_ARI_SEA,2011,3,-155,140,-3,-105,-103,42.5,-103,-107
2011_03_ATL_TB,2011,3,102,-113,1,100,-108,45,-108,-102
2011_03_GB_CHI,2011,3,-210,188,-4,-112,104,45.5,-105,-105
2011_03_PIT_IND,2011,3,-585,487,-10.5,-106,-102,39.5,-111,101
2011_03_WAS_DAL,2011,3,158,-175,3.5,-111,103,44.5,-108,-102
2011_04_BUF_CIN,2011,4,-148,134,-3,104,-113,41.5,-109,-101
2011_04_CAR_CHI,2011,4,264,-300,7,101,-109,41.5,-105,-105
2011_04_DET_DAL,2011,4,120,-133,2.5,-104,-104,46,-103,-107
2011_04_MIN_KC,2011,4,-150,136,-3,101,-109,40,-108,-102
2011_04_NO_JAX,2011,4,-375,326,-9,107,-116,45,-105,-105
2011_04_PIT_HOU,2011,4,180,-200,4,-104,-104,46,-103,-107
2011_04_SF_PHI,2011,4,423,-500,9.5,101,-109,43.5,-107,-103
2011_04_TEN_CLE,2011,4,118,-130,1,112,-121,37.5,-102,-108
2011_04_WAS_STL,2011,4,-145,131,-3,108,-117,44,-103,-107
2011_04_ATL_SEA,2011,4,-261,232,-6,-104,-104,39.5,-107,-103
2011_04_NYG_ARI,2011,4,-107,-103,-1,-101,-107,45.5,-105,-105
2011_04_DEN_GB,2011,4,502,-605,12,-103,-105,46.5,-110,100
2011_04_MIA_SD,2011,4,269,-305,6.5,-103,-105,45,-104,-106
2011_04_NE_OAK,2011,4,-260,231,-6,-109,101,55,-104,-106
2011_04_NYJ_BAL,2011,4,213,-239,5,100,-108,43,101,-111
2011_04_IND_TB,2011,4,423,-500,10,-103,-105,40,-105,-105
2011_05_ARI_MIN,2011,5,171,-190,3.5,-101,-107,44.5,-105,-105
2011_05_CIN_JAX,2011,5,-136,123,-1,-130,120,37,-102,-108
2011_05_KC_IND,2011,5,104,-115,1,-101,-107,37.5,-108,-102
2011_05_NO_CAR,2011,5,-285,252,-6.5,-106,-102,51,100,-110
2011_05_OAK_HOU,2011,5,197,-220,4.5,-104,-104,47.5,-107,-103
2011_05_PHI_BUF,2011,5,-158,143,-3,-104,-104,52.5,100,-110
2011_05_SEA_NYG,2011,5,385,-450,10,-120,111,43.5,100,-110
2011_05_TEN_PIT,2011,5,156,-173,3,108,-117,40,-108,-102
2011_05_TB_SF,2011,5,127,-140,2.5,105,-114,41,-105,-105
2011_05_NYJ_NE,2011,5,314,-360,7.5,-105,-103,50.5,-105,-105
2011_05_SD_DEN,2011,5,-190,171,-3.5,-102,-106,47,-106,-104
2011_05_GB_ATL,2011,5,-248,221,-6,-103,-105,53.5,-105,-105
2011_05_CHI_DET,2011,5,248,-280,6.5,-104,-104,47,100,-110
2011_06_BUF_NYG,2011,6,166,-185,3,115,-124,49,-107,-103
2011_06_CAR_ATL,2011,6,171,-190,3.5,-104,-104,49,-105,-105
2011_06_IND_CIN,2011,6,205,-230,5,-113,104,40,-108,-102
2011_06_JAX_PIT,2011,6,502,-606,12.5,-111,103,40,-102,-108
2011_06_PHI_WAS,2011,6,-147,133,-3,109,-118,46.5,-105,-105
2011_06_SF_DET,2011,6,203,-227,5.5,-109,101,45,100,-110
2011_06_STL_GB,2011,6,750,-973,14,-103,-105,47,100,-110
2011_06_CLE_OAK,2011,6,256,-290,6.5,104,-113,44.5,-105,-105
2011_06_HOU_BAL,2011,6,274,-311,7,-108,100,43.5,-104,-106
2011_06_DAL_NE,2011,6,256,-290,6.5,-103,-105,54.5,100,-110
2011_06_NO_TB,2011,6,-257,228,-6,-106,-102,49.5,-103,-107
2011_06_MIN_CHI,2011,6,116,-128,1,110,-119,41.5,-109,-101
2011_06_MIA_NYJ,2011,6,323,-372,7,-101,-107,41.5,100,-110
2011_07_ATL_DET,2011,7,197,-220,4.5,-103,-105,47,101,-111
2011_07_CHI_TB,2011,7,-122,111,-1.5,-111,103,44,100,-110
2011_07_DEN_MIA,2011,7,-106,-104,-1,101,-109,41.5,-110,100
2011_07_HOU_TEN,2011,7,125,-138,3,-123,114,44,-106,-104
2011_07_SD_NYJ,2011,7,-105,-105,-1,102,-110,43,-105,-105
2011_07_SEA_CLE,2011,7,171,-190,3,117,-127,41,-110,100
2011_07_WAS_CAR,2011,7,120,-133,1.5,108,-117,44.5,100,-110
2011_07_KC_OAK,2011,7,162,-180,3.5,-116,107,41.5,102,-113
2011_07_PIT_ARI,2011,7,-215,193,-4,-103,-105,46,-106,-104
2011_07_GB_MIN,2011,7,-543,456,-10,100,-108,47,-113,102
2011_07_STL_DAL,2011,7,760,-1000,14,-109,101,43,-105,-105
2011_07_IND_NO,2011,7,760,-1000,13.5,100,-108,49,100,-110
2011_07_BAL_JAX,2011,7,-525,442,-10,100,-108,38.5,101,-111
2011_08_ARI_BAL,2011,8,635,-796,12,-103,-105,43,-110,100
2011_08_IND_TEN,2011,8,337,-389,9,-125,115,43.5,-102,-108
2011_08_JAX_HOU,2011,8,377,-440,10,-114,105,41,-104,-106
2011_08_MIA_NYG,2011,8,423,-500,9.5,102,-110,43.5,-108,-102
2011_08_MIN_CAR,2011,8,158,-175,3,109,-118,47,-105,-105
2011_08_NO_STL,2011,8,-900,704,-13.5,100,-108,48.5,-101,-109
2011_08_DET_DEN,2011,8,-171,154,-3,-115,106,43.5,103,-114
2011_08_WAS_BUF,2011,8,188,-210,4,-102,-106,46.5,-103,-107
2011_08_CIN_SEA,2011,8,-114,103,-1,-108,100,37.5,-101,-109
2011_08_CLE_SF,2011,8,370,-431,9,-102,-106,38.5,-108,-102
2011_08_NE_PIT,2011,8,-169,152,-3,-112,104,52,-102,-108
2011_08_DAL_PHI,2011,8,146,-162,3,103,-111,49,-104,-106
2011_08_SD_KC,2011,8,-158,143,-3,-102,-106,44.5,102,-113
2011_09_ATL_IND,2011,9,-300,264,-6.5,-111,103,45,-103,-107
2011_09_CLE_HOU,2011,9,446,-530,10.5,-106,-102,42.5,-110,100
2011_09_MIA_KC,2011,9,205,-230,5,103,-111,41,-103,-107
2011_09_NYJ_BUF,2011,9,118,-130,2.5,-103,-105,45,-106,-104
2011_09_SEA_DAL,2011,9,457,-545,11,-115,106,46,-107,-103
2011_09_SF_WAS,2011,9,-240,214,-5,-106,-102,38,-104,-106
2011_09_TB_NO,2011,9,389,-455,9,-106,-102,50.5,-109,-101
2011_09_CIN_TEN,2011,9,123,-136,1.5,109,-118,41.5,102,-113
2011_09_DEN_OAK,2011,9,293,-335,7,101,-109,41.5,102,-113
2011_09_GB_SD,2011,9,-223,199,-5.5,-111,103,50.5,102,-113
2011_09_NYG_NE,2011,9,431,-510,9.5,104,-113,51.5,100,-110
2011_09_STL_ARI,2011,9,106,-117,1,103,-111,41.5,-107,-103
2011_09_BAL_PIT,2011,9,176,-196,3.5,-114,105,41.5,-105,-105
2011_09_CHI_PHI,2011,9,310,-355,9,-121,112,47.5,-103,-107
2011_10_OAK_SD,2011,10,289,-330,7.5,-104,-104,47.5,104,-115
2011_10_ARI_PHI,2011,10,569,-700,13.5,-110,102,47,102,-113
2011_10_BUF_DAL,2011,10,199,-222,4.5,101,-109,48.5,-105,-105
2011_10_DEN_KC,2011,10,166,-184,3,112,-121,42,100,-110
2011_10_HOU_TB,2011,10,-183,165,-3.5,102,-110,45.5,-102,-108
2011_10_JAX_IND,2011,10,-146,132,-3,106,-115,37.5,101,-111
2011_10_NO_ATL,2011,10,103,-114,1,101,-109,49.5,-110,100
2011_10_PIT_CIN,2011,10,-190,171,-3.5,100,-108,40.5,-104,-106
2011_10_STL_CLE,2011,10,120,-132,2.5,105,-114,36.5,-106,-104
2011_10_TEN_CAR,2011,10,171,-190,3.5,-106,-102,47.5,-103,-107
2011_10_WAS_MIA,2011,10,191,-213,4,-101,-107,38.5,-109,-101
2011_10_BAL_SEA,2011,10,-300,264,-7,110,-119,38.5,106,-117
2011_10_DET_CHI,2011,10,122,-135,2.5,102,-110,42.5,-108,-102
2011_10_NYG_SF,2011,10,184,-205,4,-104,-104,42.5,-110,100
2011_10_NE_NYJ,2011,10,123,-136,2.5,-104,-104,47,-103,-107
2011_10_MIN_GB,2011,10,538,-655,12.5,-106,-102,49,-106,-104
2011_11_NYJ_DEN,2011,11,-280,248,-6.5,-104,-104,38.5,104,-115
2011_11_BUF_MIA,2011,11,141,-156,3,-113,104,44,-109,-101
2011_11_CAR_DET,2011,11,285,-325,7,-107,-101,47.5,-105,-105
2011_11_CIN_BAL,2011,11,277,-315,7,-104,-104,39.5,-105,-105
2011_11_DAL_WAS,2011,11,-330,289,-7,104,-113,43,-105,-105
2011_11_JAX_CLE,2011,11,100,-110,1,-104,-104,34.5,-104,-106
2011_11_OAK_MIN,2011,11,115,-127,1,109,-118,46,-109,-101
2011_11_TB_GB,2011,11,583,-720,13.5,-108,100,48.5,-105,-105
2011_11_ARI_SF,2011,11,442,-525,10,-108,100,40.5,-107,-103
2011_11_SEA_STL,2011,11,143,-158,3,-106,-102,40.5,-111,101
2011_11_SD_CHI,2011,11,207,-232,4.5,-102,-106,45,-108,-102
2011_11_TEN_ATL,2011,11,222,-250,6,-109,101,44,-108,-102
2011_11_PHI_NYG,2011,11,201,-225,6,-114,105,45,-102,-108
2011_11_KC_NE,2011,11,1125,-1700,17,-103,-105,46.5,103,-114
2011_12_GB_DET,2011,12,-190,171,-4,-103,-105,55,101,-111
2011_12_MIA_DAL,2011,12,264,-300,7,-108,100,45.5,-107,-103
2011_12_SF_BAL,2011,12,159,-176,3,111,-120,38.5,-105,-105
2011_12_ARI_STL,2011,12,127,-140,1,120,-130,40,-104,-106
2011_12_BUF_NYJ,2011,12,385,-450,9.5,-102,-106,42.5,-108,-102
2011_12_CAR_IND,2011,12,-178,160,-3.5,104,-113,46.5,-105,-105
2011_12_CLE_CIN,2011,12,244,-275,6.5,-108,100,38.5,100,-110
2011_12_HOU_JAX,2011,12,-265,235,-6,-108,100,37,-109,-101
2011_12_MIN_ATL,2011,12,416,-490,10,-108,100,44,-103,-107
2011_12_TB_TEN,2011,12,153,-170,3,100,-108,43.5,-108,-102
2011_12_CHI_OAK,2011,12,127,-140,3,-113,104,40.5,-103,-107
2011_12_WAS_SEA,2011,12,127,-140,3,-113,104,37,-107,-103
2011_12_DEN_SD,2011,12,188,-210,4.5,-108,100,42.5,-107,-103
2011_12_NE_PHI,2011,12,-143,129,-3,106,-115,50.5,-105,-105
2011_12_PIT_KC,2011,12,-500,423,-10.5,102,-110,41.5,100,-110
2011_12_NYG_NO,2011,12,273,-310,7,-105,-103,51,-104,-106
2011_13_PHI_SEA,2011,13,-157,142,-3,-106,-102,43.5,-104,-106
2011_13_ATL_HOU,2011,13,-119,108,-1,-113,104,38.5,-113,102
2011_13_CAR_TB,2011,13,-135,122,-1,-125,115,45.5,100,-110
2011_13_CIN_PIT,2011,13,281,-320,7,-107,-101,43.5,-107,-103
2011_13_DEN_MIN,2011,13,118,-130,1,115,-125,37.5,-104,-106
2011_13_IND_NE,2011,13,1300,-2400,20.5,-104,-104,48.5,-107,-103
2011_13_KC_CHI,2011,13,338,-390,9,-109,101,35,-110,100
2011_13_NYJ_WAS,2011,13,-168,152,-3,-110,102,38.5,-113,102
2011_13_OAK_MIA,2011,13,152,-168,3.5,-119,110,43,-101,-109
2011_13_TEN_BUF,2011,13,-103,-107,1,-107,-101,43.5,100,-110
2011_13_BAL_CLE,2011,13,-291,257,-7,106,-115,38.5,100,-110
2011_13_DAL_ARI,2011,13,-200,180,-4,-105,-103,46.5,-110,100
2011_13_GB_NYG,2011,13,-295,260,-7,100,-108,53.5,-106,-104
2011_13_STL_SF,2011,13,638,-800,14,103,-111,38.5,-104,-106
2011_13_DET_NO,2011,13,301,-345,9.5,-104,-104,55,-109,-101
2011_13_SD_JAX,2011,13,-162,146,-3,-108,100,39.5,-107,-103
2011_14_CLE_PIT,2011,14,816,-1100,14,-105,-103,40,-113,102
2011_14_ATL_CAR,2011,14,-145,131,-3,110,-119,48,-103,-107
2011_14_HOU_CIN,2011,14,126,-139,2.5,105,-114,37.5,-106,-104
2011_14_IND_BAL,2011,14,925,-1350,16.5,-105,-103,41.5,100,-110
2011_14_KC_NYJ,2011,14,461,-550,10.5,-106,-102,35.5,-104,-106
2011_14_MIN_DET,2011,14,423,-500,10,-103,-105,48,-105,-105
2011_14_NE_WAS,2011,14,-321,282,-7.5,106,-115,46.5,-108,-102
2011_14_NO_TEN,2011,14,-175,158,-3.5,110,-119,47.5,-106,-104
2011_14_PHI_MIA,2011,14,118,-130,3,-125,115,44.5,-103,-107
2011_14_TB_JAX,2011,14,-146,132,-3,110,-119,41.5,-101,-109
2011_14_CHI_DEN,2011,14,153,-170,3.5,-117,108,35,-107,-103
2011_14_SF_ARI,2011,14,-165,149,-3.5,112,-121,39,-105,-105
2011_14_BUF_SD,2011,14,272,-309,7,-104,-104,49.5,-106,-104
2011_14_OAK_GB,2011,14,558,-684,11.5,-101,-107,49.5,-110,100
2011_14_NYG_DAL,2011,14,192,-214,4.5,-101,-107,48.5,-103,-107
2011_14_STL_SEA,2011,14,322,-370,9,-117,108,38,-107,-103
2011_15_JAX_ATL,2011,15,742,-960,14,-104,-104,41.5,104,-115
2011_15_DAL_TB,2011,15,-335,293,-7,-110,102,47,101,-111
2011_15_CAR_HOU,2011,15,214,-240,4.5,107,-116,45,-106,-104
2011_15_CIN_STL,2011,15,-300,264,-7,100,-108,38.5,-101,-109
2011_15_GB_KC,2011,15,-579,483,-11,100,-108,46,-103,-107
2011_15_MIA_BUF,2011,15,-107,-103,-1,101,-109,42.5,100,-110
2011_15_NO_MIN,2011,15,-320,281,-7,-107,-101,53.5,100,-110
2011_15_SEA_CHI,2011,15,175,-195,3.5,102,-110,34.5,-105,-105
2011_15_TEN_IND,2011,15,-285,252,-6.5,-103,-105,41.5,-103,-107
2011_15_WAS_NYG,2011,15,231,-260,5.5,-102,-106,45,-102,-108
2011_15_DET_OAK,2011,15,-144,130,-1,-137,126,47.5,-101,-109
2011_15_CLE_ARI,2011,15,218,-245,6,-104,-104,37,-107,-103
2011_15_NE_DEN,2011,15,-300,264,-7,106,-115,47.5,-102,-108
2011_15_NYJ_PHI,2011,15,147,-163,3,102,-110,44,-108,-102
2011_15_BAL_SD,2011,15,-109,-101,-1,-104,-104,44.5,-111,101
2011_15_PIT_SF,2011,15,144,-160,3,102,-110,37,103,-114
2011_16_HOU_IND,2011,16,-300,264,-7,105,-114,40.5,105,-116
2011_16_ARI_CIN,2011,16,180,-200,3.5,102,-110,41,-106,-104
2011_16_CLE_BAL,2011,16,510,-617,10.5,-105,-103,38,-108,-102
2011_16_DEN_BUF,2011,16,-140,127,-3,106,-115,43.5,-106,-104
2011_16_JAX_TEN,2011,16,334,-385,8.5,-101,-107,38.5,-113,102
2011_16_MIA_NE,2011,16,305,-350,7.5,-108,100,49,-108,-102
2011_16_MIN_WAS,2011,16,227,-255,6,-101,-107,43,-105,-105
2011_16_NYG_NYJ,2011,16,136,-150,1.5,121,-131,45.5,-104,-106
2011_16_OAK_KC,2011,16,131,-145,3,-108,100,43,100,-110
2011_16_STL_PIT,2011,16,412,-485,10,-104,-104,33.5,-106,-104
2011_16_TB_CAR,2011,16,305,-350,9,-120,111,48.5,-108,-102
2011_16_SD_DET,2011,16,100,-110,-1,106,-115,52.5,-107,-103
2011_16_PHI_DAL,2011,16,-130,118,-1.5,-115,106,49.5,-107,-103
2011_16_SF_SEA,2011,16,-123,111,-1.5,-113,104,36.5,-105,-105
2011_16_CHI_GB,2011,16,641,-804,13,102,-110,41.5,100,-110
2011_16_ATL_NO,2011,16,273,-310,7,-105,-103,53,100,-110
2011_17_BUF_NE,2011,17,474,-568,10,-101,-107,49.5,-110,100
2011_17_CAR_NO,2011,17,264,-300,7,-105,-103,54.5,-113,102
2011_17_CHI_MIN,2011,17,132,-146,1.5,120,-130,41.5,-103,-107
2011_17_DET_GB,2011,17,-260,231,-6.5,-105,-103,41.5,101,-111
2011_17_IND_JAX,2011,17,150,-166,3,-101,-107,36.5,-110,100
2011_17_NYJ_MIA,2011,17,109,-120,1.5,101,-109,38,-103,-107
2011_17_SF_STL,2011,17,-711,577,-12.5,-102,-106,35.5,-110,100
2011_17_TEN_HOU,2011,17,-133,120,-1,-124,115,38.5,-105,-105
2011_17_WAS_PHI,2011,17,281,-320,7,-106,-102,44,-104,-106
2011_17_BAL_CIN,2011,17,-153,138,-2.5,-121,112,37.5,100,-110
2011_17_KC_DEN,2011,17,113,-125,1,110,-119,37,-103,-107
2011_17_PIT_CLE,2011,17,-325,285,-7,-114,105,33,-108,-102
2011_17_SD_OAK,2011,17,118,-130,2.5,100,-108,50.5,-107,-103
2011_17_SEA_ARI,2011,17,123,-136,2.5,-102,-106,40.5,-107,-103
2011_17_TB_ATL,2011,17,400,-470,10,108,-117,45.5,-102,-108
2011_17_DAL_NYG,2011,17,145,-161,3,-109,101,48,-101,-109
2011_18_CIN_HOU,2011,18,202,-226,4,103,-111,38,-106,-104
2011_18_DET_NO,2011,18,439,-520,10.5,-116,107,59.5,112,-124
2011_18_ATL_NYG,2011,18,130,-144,3,-122,113,47.5,110,-121
2011_18_PIT_DEN,2011,18,-335,293,-7.5,102,-110,34,-102,-108
2011_19_NO_SF,2011,19,-165,149,-3.5,111,-120,46.5,106,-117
2011_19_DEN_NE,2011,19,551,-674,14,100,-108,50,-114,103
2011_19_HOU_BAL,2011,19,310,-355,7.5,-110,102,37,-113,102
2011_19_NYG_GB,2011,19,347,-402,8.5,100,-108,54,-107,-103
2011_20_BAL_NE,2011,20,273,-310,7,-108,100,49,-104,-106
2011_20_NYG_SF,2011,20,122,-135,2,106,-115,40.5,-115,104
2011_21_NYG_NE,2011,21,137,-149,3,-109,103,53,100,-108
2012_01_DAL_NYG,2012,1,164,-182,3.5,-108,100,45.5,-103,-107
2012_01_ATL_KC,2012,1,-130,118,-1,-123,114,43,-104,-106
2012_01_BUF_NYJ,2012,1,130,-144,3,-109,101,39.5,100,-110
2012_01_IND_CHI,2012,1,385,-450,10,-107,-101,41.5,-104,-106
2012_01_JAX_MIN,2012,1,174,-194,3.5,-104,-104,38,-109,-101
2012_01_MIA_HOU,2012,1,583,-720,13,-104,-104,41.5,101,-111
2012_01_NE_TEN,2012,1,-224,200,-4.5,-105,-103,48,-105,-105
2012_01_PHI_CLE,2012,1,-420,361,-9,101,-109,42,-102,-108
2012_01_STL_DET,2012,1,341,-394,9,-116,107,46,-104,-106
2012_01_WAS_NO,2012,1,334,-385,9.5,-115,106,50,-104,-106
2012_01_CAR_TB,2012,1,-161,145,-3,-106,-102,45.5,-106,-104
2012_01_SEA_ARI,2012,1,-135,122,-1,-128,118,40.5,-108,-102
2012_01_SF_GB,2012,1,228,-256,6,103,-111,46.5,-105,-105
2012_01_PIT_DEN,2012,1,140,-155,2.5,108,-117,45.5,104,-115
2012_01_CIN_BAL,2012,1,281,-320,7,-102,-106,42.5,-110,100
2012_01_SD_OAK,2012,1,103,-114,1,-101,-107,47.5,102,-113
2012_02_CHI_GB,2012,2,205,-230,5,-102,-106,50.5,-109,-101
2012_02_ARI_NE,2012,2,534,-650,13,-104,-104,47,-105,-105
2012_02_BAL_PHI,2012,2,144,-160,3,-101,-107,46.5,-104,-106
2012_02_CLE_CIN,2012,2,272,-309,7,-104,-104,39.5,-110,100
2012_02_HOU_JAX,2012,2,-275,244,-6.5,106,-115,40,-109,-101
2012_02_KC_BUF,2012,2,147,-163,3,102,-110,45,-107,-103
2012_02_MIN_IND,2012,2,-141,128,-3,110,-119,45.5,-101,-109
2012_02_NO_CAR,2012,2,-152,137,-3,100,-108,53,-109,-101
2012_02_OAK_MIA,2012,2,-125,113,-1,-117,108,41,-108,-102
2012_02_TB_NYG,2012,2,314,-360,9,-120,111,43.5,-106,-104
2012_02_DAL_SEA,2012,2,-160,144,-3,-105,-103,43,101,-111
2012_02_WAS_STL,2012,2,-190,171,-3.5,-105,-103,42.5,-105,-105
2012_02_NYJ_PIT,2012,2,188,-210,4.5,-104,-104,43,-113,102
2012_02_TEN_SD,2012,2,217,-243,6.5,-111,103,43.5,-102,-108
2012_02_DET_SF,2012,2,239,-270,7,-117,108,46,-101,-109
2012_02_DEN_ATL,2012,2,142,-157,3,100,-108,50,102,-113
2012_03_NYG_CAR,2012,3,140,-155,2.5,115,-124,49,106,-117
2012_03_BUF_CLE,2012,3,-140,127,-2.5,-115,106,45,-102,-108
2012_03_CIN_WAS,2012,3,168,-187,3,115,-125,49.5,-102,-108
2012_03_DET_TEN,2012,3,-195,175,-3.5,-108,100,47,-101,-109
2012_03_JAX_IND,2012,3,156,-173,3,107,-116,41.5,-110,100
2012_03_KC_NO,2012,3,324,-373,9,-113,104,51.5,-111,101
2012_03_NYJ_MIA,2012,3,-143,129,-2.5,-114,105,40.5,-105,-105
2012_03_SF_MIN,2012,3,-285,252,-6.5,-108,100,42.5,-105,-105
2012_03_STL_CHI,2012,3,264,-300,7,-113,104,41.5,-105,-105
2012_03_TB_DAL,2012,3,301,-345,7,102,-110,45.5,-102,-108
2012_03_ATL_SD,2012,3,145,-161,3,-101,-107,47,-106,-104
2012_03_PHI_ARI,2012,3,-177,159,-3,-125,115,42.5,-108,-102
2012_03_HOU_DEN,2012,3,-116,105,-1,-111,103,43.5,-104,-106
2012_03_PIT_OAK,2012,3,-200,180,-3.5,-106,-102,45.5,-106,-104
2012_03_NE_BAL,2012,3,137,-152,2.5,113,-122,48.5,101,-111
2012_03_GB_SEA,2012,3,-172,155,-3,-115,106,45.5,103,-114
2012_04_CLE_BAL,2012,4,468,-560,11.5,-110,102,44,100,-110
2012_04_CAR_ATL,2012,4,269,-305,7,-110,102,48,-108,-102
2012_04_MIN_DET,2012,4,171,-190,3.5,-108,100,48,-102,-108
2012_04_NE_BUF,2012,4,-195,175,-3.5,-104,-104,48,-111,101
2012_04_SD_KC,2012,4,-130,118,-2.5,-107,-101,43,-113,102
2012_04_SEA_STL,2012,4,-130,118,-2,-110,102,39.5,-101,-109
2012_04_SF_NYJ,2012,4,-190,171,-3.5,-105,-103,40.5,-112,102
2012_04_TEN_HOU,2012,4,569,-700,13,-108,100,44.5,102,-113
2012_04_CIN_JAX,2012,4,109,-120,1,105,-114,45.5,-110,100
2012_04_MIA_ARI,2012,4,186,-208,4,-102,-106,38.5,-107,-103
2012_04_OAK_DEN,2012,4,244,-275,6.5,-101,-107,47,-107,-103
2012_04_NO_GB,2012,4,305,-350,7.5,-110,102,54,-102,-108
2012_04_WAS_TB,2012,4,122,-135,1.5,111,-120,44.5,-108,-102
2012_04_NYG_PHI,2012,4,106,-117,1.5,-102,-106,46,-103,-107
2012_04_CHI_DAL,2012,4,144,-160,3,-101,-107,41,-102,-108
2012_05_ARI_STL,2012,5,-113,102,-1,-105,-103,37.5,-103,-107
2012_05_ATL_WAS,2012,5,-157,142,-3,-105,-103,50.5,-108,-102
2012_05_BAL_KC,2012,5,-260,231,-6,-105,-103,46.5,-101,-109
2012_05_CLE_NYG,2012,5,346,-400,7.5,101,-109,44,-102,-108
2012_05_GB_IND,2012,5,-260,231,-6.5,-105,-103,49.5,-105,-105
2012_05_MIA_CIN,2012,5,139,-154,3,-108,100,45,-103,-107
2012_05_PHI_PIT,2012,5,175,-195,4,-102,-106,44,-108,-102
2012_05_CHI_JAX,2012,5,-245,218,-6,-101,-107,38.5,-103,-107
2012_05_SEA_CAR,2012,5,108,-119,1,104,-113,42.5,-105,-105
2012_05_TEN_MIN,2012,5,231,-260,6,-105,-103,44,-102,-108
2012_05_BUF_SF,2012,5,393,-460,10,-106,-102,45.5,-109,-101
2012_05_DEN_NE,2012,5,239,-270,6,102,-110,50.5,-108,-102
2012_05_SD_NO,2012,5,158,-175,3.5,-107,-101,53,-102,-108
2012_05_HOU_NYJ,2012,5,-410,354,-9.5,-104,-104,40.5,102,-113
2012_06_PIT_TEN,2012,6,-240,214,-5.5,-105,-103,42.5,104,-115
2012_06_CIN_CLE,2012,6,-118,107,-1,-110,102,42,-109,-101
2012_06_DAL_BAL,2012,6,151,-167,3,103,-111,45.5,-106,-104
2012_06_DET_PHI,2012,6,167,-186,3.5,-103,-105,47.5,-103,-107
2012_06_IND_NYJ,2012,6,166,-185,3.5,-113,104,43.5,-107,-103
2012_06_KC_TB,2012,6,210,-235,5,-103,-105,39.5,-108,-102
2012_06_OAK_ATL,2012,6,385,-450,10,-106,-102,49,-108,-102
2012_06_STL_MIA,2012,6,201,-225,5.5,-107,-101,38,-102,-108
2012_06_BUF_ARI,2012,6,210,-235,5,100,-108,44,-103,-107
2012_06_NE_SEA,2012,6,-188,169,-3.5,-102,-106,42.5,-105,-105
2012_06_MIN_WAS,2012,6,-118,107,-1.5,-104,-104,44,-102,-108
2012_06_NYG_SF,2012,6,275,-313,7,104,-113,46.5,-108,-102
2012_06_GB_HOU,2012,6,176,-196,4,-104,-104,46.5,-108,-102
2012_06_DEN_SD,2012,6,-101,-109,1,-105,-103,47.5,-113,102
2012_07_SEA_SF,2012,7,314,-360,7.5,-108,100,37.5,-102,-108
2012_07_ARI_MIN,2012,7,256,-290,7,-114,105,38.5,-105,-105
2012_07_BAL_HOU,2012,7,227,-255,6.5,-104,-104,47,-102,-108
2012_07_CLE_IND,2012,7,103,-114,1,-101,-107,46.5,-103,-107
2012_07_DAL_CAR,2012,7,-137,124,-2.5,-114,105,45,-105,-105
2012_07_GB_STL,2012,7,-215,193,-4,-107,-101,45,-108,-102
2012_07_NO_TB,2012,7,-116,105,-1,-108,100,49.5,-107,-103
2012_07_TEN_BUF,2012,7,188,-210,4,-102,-106,47,101,-111
2012_07_WAS_NYG,2012,7,231,-260,6.5,-102,-106,51.5,-103,-107
2012_07_JAX_OAK,2012,7,239,-270,6,-104,-104,44.5,-107,-103
2012_07_NYJ_NE,2012,7,523,-635,11,102,-110,47.5,-114,103
2012_07_PIT_CIN,2012,7,-113,102,-1,-111,103,46.5,-114,103
2012_07_DET_CHI,2012,7,235,-265,6.5,-104,-104,45.5,109,-120
2012_08_TB_MIN,2012,8,210,-235,5,-104,-104,43,-105,-105
2012_08_ATL_PHI,2012,8,127,-140,1.5,116,-126,43.5,-103,-107
2012_08_CAR_CHI,2012,8,273,-310,7,-110,102,41.5,102,-113
2012_08_IND_TEN,2012,8,153,-170,3.5,-113,104,46.5,-105,-105
2012_08_JAX_GB,2012,8,704,-900,15,-102,-106,45,-105,-105
2012_08_MIA_NYJ,2012,8,100,-110,1,-104,-104,38.5,-105,-105
2012_08_NE_STL,2012,8,-305,269,-7.5,111,-120,46,-105,-105
2012_08_SD_CLE,2012,8,-145,131,-2.5,-117,108,40.5,-107,-103
2012_08_SEA_DET,2012,8,133,-147,3,-110,102,42.5,-107,-103
2012_08_WAS_PIT,2012,8,188,-210,4.5,-103,-105,44.5,-105,-105
2012_08_OAK_KC,2012,8,105,-116,1,102,-110,41.5,-103,-107
2012_08_NYG_DAL,2012,8,-144,130,-1.5,-130,120,47.5,-104,-106
2012_08_NO_DEN,2012,8,231,-260,6,-107,-101,55,-102,-108
2012_08_SF_ARI,2012,8,-325,285,-7,-103,-105,37.5,102,-113
2012_09_KC_SD,2012,9,264,-300,7.5,-114,105,41,-105,-105
2012_09_ARI_GB,2012,9,400,-470,10.5,-106,-102,43,-108,-102
2012_09_BAL_CLE,2012,9,-176,159,-3.5,105,-114,44,-106,-104
2012_09_BUF_HOU,2012,9,431,-510,11,-106,-102,47.5,-105,-105
2012_09_CAR_WAS,2012,9,152,-168,3,102,-110,48,-110,100
2012_09_CHI_TEN,2012,9,-215,193,-4.5,-105,-103,44,-101,-109
2012_09_DEN_CIN,2012,9,-225,201,-5,-105,-103,47.5,100,-110
2012_09_DET_JAX,2012,9,-245,218,-6,-104,-104,44,-106,-104
2012_09_MIA_IND,2012,9,-130,118,-2.5,-108,100,44,-104,-106
2012_09_MIN_SEA,2012,9,201,-225,4.5,-101,-107,38,-103,-107
2012_09_TB_OAK,2012,9,101,-111,1,-103,-105,47,100,-110
2012_09_PIT_NYG,2012,9,157,-174,3.5,-108,100,48,-110,100
2012_09_DAL_ATL,2012,9,166,-185,4,-115,106,47,-110,100
2012_09_PHI_NO,2012,9,122,-135,2.5,101,-109,52,-103,-107
2012_10_IND_JAX,2012,10,-165,149,-3,-107,-101,43.5,-105,-105
2012_10_ATL_NO,2012,10,-122,111,-1,-115,106,54,-110,100
2012_10_BUF_NE,2012,10,545,-665,13.5,-106,-102,54,-110,100
2012_10_DEN_CAR,2012,10,-186,167,-3.5,-101,-107,46.5,-104,-106
2012_10_DET_MIN,2012,10,-171,154,-3,-114,105,46,-105,-105
2012_10_NYG_CIN,2012,10,-191,172,-3.5,-104,-104,47,102,-113
2012_10_OAK_BAL,2012,10,281,-320,9.5,-130,120,48,-113,102
2012_10_SD_TB,2012,10,152,-168,3,102,-110,46.5,-102,-108
2012_10_TEN_MIA,2012,10,244,-275,6.5,104,-113,44,-104,-106
2012_10_NYJ_SEA,2012,10,205,-229,5,100,-108,38,-104,-106
2012_10_DAL_PHI,2012,10,-131,119,-1,-125,115,44,-102,-108
2012_10_STL_SF,2012,10,541,-660,13.5,-105,-103,38,-107,-103
2012_10_HOU_CHI,2012,10,105,-116,1,102,-110,37,103,-114
2012_10_KC_PIT,2012,10,505,-610,12.5,-110,102,39.5,-102,-108
2012_11_MIA_BUF,2012,11,121,-134,1,116,-126,46,-104,-106
2012_11_ARI_ATL,2012,11,361,-420,9.5,-108,100,43,-106,-104
2012_11_CIN_KC,2012,11,-165,149,-3,-110,102,41,-108,-102
2012_11_CLE_DAL,2012,11,281,-320,7,-104,-104,43.5,-102,-108
2012_11_GB_DET,2012,11,-160,144,-3,-106,-102,53.5,-108,-102
2012_11_JAX_HOU,2012,11,925,-1350,15,-106,-102,40.5,-102,-108
2012_11_NYJ_STL,2012,11,164,-182,3.5,-107,-101,38,-104,-106
2012_11_PHI_WAS,2012,11,160,-178,3.5,-110,102,46,-110,100
2012_11_TB_CAR,2012,11,-110,100,-1,-103,-105,46,-105,-105
2012_11_NO_OAK,2012,11,-236,211,-6,104,-113,56.5,-108,-102
2012_11_IND_NE,2012,11,400,-470,10,-102,-106,54.5,-103,-107
2012_11_SD_DEN,2012,11,314,-360,7.5,-108,100,47.5,-108,-102
2012_11_BAL_PIT,2012,11,-156,141,-3,-104,-104,41,-101,-109
2012_11_CHI_SF,2012,11,171,-190,3.5,100,-108,34,-103,-107
2012_12_HOU_DET,2012,12,-170,153,-3.5,107,-116,48.5,-113,102
2012_12_WAS_DAL,2012,12,166,-185,3.5,100,-108,47,-101,-109
2012_12_NE_NYJ,2012,12,-277,245,-7,101,-109,48,-109,-101
2012_12_ATL_TB,2012,12,-116,105,-1,-108,100,50.5,-103,-107
2012_12_BUF_IND,2012,12,120,-132,2,101,-109,51,-107,-103
2012_12_DEN_KC,2012,12,-470,400,-10,106,-115,41.5,102,-113
2012_12_MIN_CHI,2012,12,227,-255,6.5,100,-108,38.5,100,-110
2012_12_OAK_CIN,2012,12,338,-390,9.5,-119,110,50.5,-101,-109
2012_12_PIT_CLE,2012,12,-114,103,-1,-108,100,33,105,-116
2012_12_SEA_MIA,2012,12,-176,159,-3,-122,113,37.5,102,-113
2012_12_TEN_JAX,2012,12,-160,144,-3.5,115,-125,45,-113,102
2012_12_BAL_SD,2012,12,-109,-101,-1,-103,-105,46.5,-104,-106
2012_12_SF_NO,2012,12,-127,115,-1,-120,111,50,-106,-104
2012_12_STL_ARI,2012,12,105,-116,1,101,-109,36,102,-113
2012_12_GB_NYG,2012,12,120,-132,1,117,-127,50,-105,-105
2012_12_CAR_PHI,2012,12,-162,146,-3,-113,104,41.5,-105,-105
2012_13_NO_ATL,2012,13,164,-182,3.5,-106,-102,54.5,-102,-108
2012_13_ARI_NYJ,2012,13,222,-250,6,-104,-104,37,104,-115
2012_13_CAR_KC,2012,13,-210,188,-5,-102,-106,41,-106,-104
2012_13_HOU_TEN,2012,13,-295,260,-7,107,-116,47.5,-104,-106
2012_13_IND_DET,2012,13,273,-310,7,-102,-106,51.5,100,-110
2012_13_JAX_BUF,2012,13,239,-270,6,-102,-106,41,-105,-105
2012_13_MIN_GB,2012,13,318,-365,7,102,-110,47,-104,-106
2012_13_NE_MIA,2012,13,-330,289,-7,102,-110,51,-103,-107
2012_13_SEA_CHI,2012,13,141,-156,3,-101,-107,36.5,-105,-105
2012_13_SF_STL,2012,13,-330,289,-7,-106,-102,40.5,-104,-106
2012_13_TB_DEN,2012,13,346,-400,9.5,-121,112,50,-105,-105
2012_13_CIN_SD,2012,13,105,-116,1,-101,-107,45,-108,-102
2012_13_CLE_OAK,2012,13,-135,122,-2.5,-111,103,39.5,-105,-105
2012_13_PIT_BAL,2012,13,264,-300,7,-114,105,36.5,-107,-103
2012_13_PHI_DAL,2012,13,461,-550,10.5,100,-108,44,-105,-105
2012_13_NYG_WAS,2012,13,-134,121,-2.5,-108,100,50,-107,-103
2012_14_DEN_OAK,2012,14,-500,423,-10,102,-110,47,-105,-105
2012_14_ATL_CAR,2012,14,-162,146,-3,-113,104,46.5,100,-110
2012_14_BAL_WAS,2012,14,108,-119,1,104,-113,47.5,-113,102
2012_14_CHI_MIN,2012,14,-128,116,-1,-120,111,40.5,-105,-105
2012_14_DAL_CIN,2012,14,162,-180,3.5,-114,105,46,-104,-106
2012_14_KC_CLE,2012,14,269,-305,7,-106,-102,38,100,-110
2012_14_NYJ_JAX,2012,14,-162,146,-3,-108,100,39.5,104,-115
2012_14_PHI_TB,2012,14,289,-330,8,-125,115,47.5,100,-110
2012_14_SD_PIT,2012,14,305,-350,7,102,-110,37.5,102,-113
2012_14_STL_BUF,2012,14,171,-190,3.5,102,-110,42,-107,-103
2012_14_TEN_IND,2012,14,171,-190,3.5,-104,-104,47,-103,-107
2012_14_MIA_SF,2012,14,468,-560,10.5,104,-113,38.5,102,-113
2012_14_ARI_SEA,2012,14,457,-545,10.5,-106,-102,36,-105,-105
2012_14_NO_NYG,2012,14,184,-205,4,-102,-106,52.5,-107,-103
2012_14_DET_GB,2012,14,217,-244,6,-113,104,49.5,-111,101
2012_14_HOU_NE,2012,14,207,-232,5.5,-109,101,50.5,-103,-107
2012_15_CIN_PHI,2012,15,-219,196,-4.5,-108,100,45,105,-116
2012_15_DEN_BAL,2012,15,-145,131,-3,110,-119,48,-103,-107
2012_15_GB_CHI,2012,15,-146,132,-3,104,-113,43,-109,-101
2012_15_IND_HOU,2012,15,423,-500,10.5,100,-108,47.5,-104,-106
2012_15_JAX_MIA,2012,15,310,-355,7.5,-113,104,38.5,-102,-108
2012_15_MIN_STL,2012,15,120,-133,1,116,-126,39,-106,-104
2012_15_NYG_ATL,2012,15,100,-110,1,-104,-104,50,-109,-101
2012_15_TB_NO,2012,15,173,-192,3.5,-104,-104,54.5,-105,-105
2012_15_WAS_CLE,2012,15,190,-212,4,101,-109,40.5,-102,-108
2012_15_CAR_SD,2012,15,144,-160,3,-102,-106,45,-107,-103
2012_15_DET_ARI,2012,15,-224,200,-5.5,104,-113,43.5,100,-110
2012_15_SEA_BUF,2012,15,-212,190,-4.5,-104,-104,44,-110,100
2012_15_KC_OAK,2012,15,188,-210,4.5,-108,100,44,-106,-104
2012_15_PIT_DAL,2012,15,-132,120,-1,-125,115,45.5,-104,-106
2012_15_SF_NE,2012,15,179,-199,4,-106,-102,47,-105,-105
2012_15_NYJ_TEN,2012,15,-103,-107,1,-107,-101,40,-101,-109
2012_16_ATL_DET,2012,16,-190,171,-3.5,-104,-104,50,-104,-106
2012_16_BUF_MIA,2012,16,201,-225,5,-104,-104,43.5,-105,-105
2012_16_CIN_PIT,2012,16,153,-170,3.5,-113,104,40,-102,-108
2012_16_IND_KC,2012,16,-208,186,-4.5,100,-108,41.5,-110,100
2012_16_MIN_HOU,2012,16,305,-350,7.5,-103,-105,43,100,-110
2012_16_NE_JAX,2012,16,-800,638,-14,102,-110,51.5,102,-113
2012_16_NO_DAL,2012,16,131,-145,1,129,-140,55,-106,-104
2012_16_OAK_CAR,2012,16,361,-420,9.5,-103,-105,47.5,-110,100
2012_16_SD_NYJ,2012,16,144,-160,3,-102,-106,37,-103,-107
2012_16_STL_TB,2012,16,140,-155,3,-105,-103,43.5,-102,-108
2012_16_TEN_GB,2012,16,486,-584,10.5,-104,-104,44,-110,100
2012_16_WAS_PHI,2012,16,-202,181,-3.5,-109,101,46,-102,-108
2012_16_CLE_DEN,2012,16,494,-595,11,-105,-103,43.5,-110,100
2012_16_CHI_ARI,2012,16,-290,256,-7,104,-113,35.5,-112,102
2012_16_NYG_BAL,2012,16,-130,118,-1,-123,114,48,-113,102
2012_16_SF_SEA,2012,16,122,-135,2.5,-107,-101,40,-113,102
2012_17_BAL_CIN,2012,17,216,-242,5.5,100,-108,43,-107,-103
2012_17_CAR_NO,2012,17,175,-195,4,-103,-105,53.5,-107,-103
2012_17_CHI_DET,2012,17,-163,147,-3,-108,100,46,100,-110
2012_17_CLE_PIT,2012,17,385,-450,10,-103,-105,36.5,-110,100
2012_17_HOU_IND,2012,17,-272,241,-6.5,-106,-102,47,-106,-104
2012_17_JAX_TEN,2012,17,227,-255,6,-101,-107,42,100,-110
2012_17_NYJ_BUF,2012,17,155,-172,3.5,-114,105,40.5,-113,102
2012_17_PHI_NYG,2012,17,235,-265,6.5,-105,-103,44,-110,100
2012_17_TB_ATL,2012,17,131,-145,3,-115,106,46,-110,100
2012_17_ARI_SF,2012,17,865,-1200,16,-110,102,39,100,-110
2012_17_GB_MIN,2012,17,-172,155,-3,-115,106,45.5,-105,-105
2012_17_KC_DEN,2012,17,1075,-1600,17,-108,100,41,-108,-102
2012_17_MIA_NE,2012,17,498,-600,11.5,-101,-107,48,-103,-107
2012_17_OAK_SD,2012,17,305,-350,9.5,-120,111,41,-113,102
2012_17_STL_SEA,2012,17,412,-485,11,-113,104,41.5,-108,-102
2012_17_DAL_WAS,2012,17,157,-174,3,108,-117,49,-113,102
2012_18_CIN_HOU,2012,18,181,-202,4,-102,-106,42.5,-105,-105
2012_18_MIN_GB,2012,18,450,-535,10.5,104,-113,44,-101,-109
2012_18_IND_BAL,2012,18,293,-335,7.5,-108,100,47.5,-105,-105
2012_18_SEA_WAS,2012,18,-160,144,-3,-111,103,44.5,-102,-108
2012_19_BAL_DEN,2012,19,338,-390,9.5,-116,107,44,-102,-108
2012_19_GB_SF,2012,19,146,-162,3,102,-110,45,-105,-105
2012_19_SEA_ATL,2012,19,126,-139,2.5,101,-109,46,-105,-105
2012_19_HOU_NE,2012,19,373,-435,9.5,-102,-106,50.5,102,-113
2012_20_SF_ATL,2012,20,-186,167,-3.5,-105,-103,47.5,100,-110
2012_20_BAL_NE,2012,20,301,-345,8,102,-110,49.5,-107,-103
2012_21_BAL_SF,2012,21,188,-210,4.5,-104,-104,47.5,-102,-108
2013_01_BAL_DEN,2013,1,280,-319,7.5,-115,104,48.5,100,-110
2013_01_ATL_NO,2013,1,166,-185,3.5,-109,-101,54.5,-104,-106
2013_01_CIN_CHI,2013,1,140,-155,3,-107,-103,41.5,100,-110
2013_01_KC_JAX,2013,1,-170,153,-3.5,104,-115,42.5,-108,-102
2013_01_MIA_CLE,2013,1,118,-130,2.5,-107,-103,40.5,-106,-104
2013_01_MIN_DET,2013,1,186,-208,4,-103,-107,46,-110,100
2013_01_NE_BUF,2013,1,-420,361,-10,100,-110,50.5,-108,-102
2013_01_OAK_IND,2013,1,468,-560,11,-106,-104,45,-107,-103
2013_01_SEA_CAR,2013,1,-150,136,-3,-101,-109,44.5,-103,-107
2013_01_TB_NYJ,2013,1,-199,179,-4,-110,100,40,106,-117
2013_01_TEN_PIT,2013,1,218,-245,6,-113,102,42,-102,-108
2013_01_ARI_STL,2013,1,166,-185,3.5,-104,-106,42.5,-115,104
2013_01_GB_SF,2013,1,199,-222,5,-103,-107,47,100,-110
2013_01_NYG_DAL,2013,1,162,-180,3.5,-109,-101,49.5,-102,-108
2013_01_PHI_WAS,2013,1,181,-202,4,-103,-107,51,-115,104
2013_01_HOU_SD,2013,1,-215,193,-5,-102,-108,44,-109,-101
2013_02_NYJ_NE,2013,2,483,-580,10.5,-101,-109,43,-104,-106
2013_02_CAR_BUF,2013,2,-180,162,-3.5,-101,-109,43.5,-109,-101
2013_02_CLE_BAL,2013,2,222,-250,5.5,-101,-109,43.5,-110,100
2013_02_DAL_KC,2013,2,153,-170,3,106,-117,45,-105,-105
2013_02_MIA_IND,2013,2,108,-119,1,102,-113,43.5,-105,-105
2013_02_MIN_CHI,2013,2,231,-260,6,-102,-108,41,-105,-105
2013_02_SD_PHI,2013,2,285,-325,7.5,100,-110,51,-113,102
2013_02_STL_ATL,2013,2,183,-204,4,-106,-104,47.5,103,-114
2013_02_TEN_HOU,2013,2,285,-325,7.5,-120,109,42.5,-103,-107
2013_02_WAS_GB,2013,2,310,-355,9,-123,111,48.5,102,-113
2013_02_DET_ARI,2013,2,-109,-101,-1,-102,-108,47.5,-107,-103
2013_02_NO_TB,2013,2,-158,143,-3,-114,103,48.5,-110,100
2013_02_DEN_NYG,2013,2,-175,158,-3.5,102,-113,52.5,-108,-102
2013_02_JAX_OAK,2013,2,175,-195,3.5,100,-110,40.5,-111,101
2013_02_SF_SEA,2013,2,138,-153,3,-105,-105,43.5,-101,-109
2013_02_PIT_CIN,2013,2,244,-275,7,-117,106,40,-109,-101
2013_03_KC_PHI,2013,3,150,-166,3,103,-114,50,102,-113
2013_03_ARI_NO,2013,3,310,-355,8,-110,100,48.5,-102,-108
2013_03_CLE_MIN,2013,3,256,-290,7,-123,111,40,-102,-108
2013_03_DET_WAS,2013,3,-113,102,-1,-107,-103,48.5,-105,-105
2013_03_GB_CIN,2013,3,-147,133,-3,102,-112,49.5,-103,-107
2013_03_HOU_BAL,2013,3,105,-116,1,100,-110,44.5,100,-110
2013_03_NYG_CAR,2013,3,-125,113,-1,-117,106,46.5,-107,-103
2013_03_SD_TEN,2013,3,133,-147,3,-113,102,43,-104,-106
2013_03_STL_DAL,2013,3,153,-170,3.5,-123,111,47.5,-102,-108
2013_03_TB_NE,2013,3,285,-325,7.5,-117,106,44.5,-105,-105
2013_03_ATL_MIA,2013,3,127,-140,3,-117,106,45.5,-102,-108
2013_03_BUF_NYJ,2013,3,120,-132,2.5,-103,-107,41,-101,-109
2013_03_IND_SF,2013,3,431,-510,10.5,-105,-105,45.5,-107,-103
2013_03_JAX_SEA,2013,3,2000,-4500,19.5,100,-110,39,-104,-106
2013_03_CHI_PIT,2013,3,-127,115,-2.5,100,-110,40.5,-105,-105
2013_03_OAK_DEN,2013,3,1025,-1500,16,-101,-109,48.5,-102,-108
2013_04_SF_STL,2013,4,-179,161,-3,-124,112,43,-107,-103
2013_04_ARI_TB,2013,4,121,-134,2.5,102,-113,40,-102,-108
2013_04_BAL_BUF,2013,4,-195,175,-4,-108,-102,45,-108,-102
2013_04_CHI_DET,2013,4,134,-148,3,-115,104,48,-103,-107
2013_04_CIN_CLE,2013,4,-185,166,-3.5,-103,-107,42.5,-103,-107
2013_04_IND_JAX,2013,4,-350,305,-9.5,109,-120,42.5,-105,-105
2013_04_NYG_KC,2013,4,159,-177,3.5,-110,100,43.5,-105,-105
2013_04_PIT_MIN,2013,4,-154,139,-3,-106,-104,41.5,-103,-107
2013_04_SEA_HOU,2013,4,-114,103,-1,-108,-102,41,-102,-108
2013_04_NYJ_TEN,2013,4,161,-179,3.5,-113,102,40.5,-108,-102
2013_04_DAL_SD,2013,4,-105,-105,-1,102,-113,47,-107,-103
2013_04_PHI_DEN,2013,4,400,-470,10.5,-116,105,57.5,-102,-108
2013_04_WAS_OAK,2013,4,-185,166,-3.5,-102,-108,45.5,-109,-101
2013_04_NE_ATL,2013,4,141,-156,3,-109,-101,49,-107,-103
2013_04_MIA_NO,2013,4,282,-321,7,-113,102,48.5,-107,-103
2013_05_BUF_CLE,2013,5,166,-185,3.5,-105,-105,40.5,-108,-102
2013_05_BAL_MIA,2013,5,125,-138,2.5,-102,-108,42.5,102,-113
2013_05_DET_GB,2013,5,381,-445,10,-111,101,53,-102,-108
2013_05_JAX_STL,2013,5,450,-535,11,-103,-107,40.5,-109,-101
2013_05_KC_TEN,2013,5,-131,119,-2.5,-105,-105,38,100,-110
2013_05_NE_CIN,2013,5,-140,127,-2,-117,106,45.5,-105,-105
2013_05_NO_CHI,2013,5,104,-115,1,-102,-108,50.5,-104,-106
2013_05_PHI_NYG,2013,5,-123,111,-1,-119,108,53.5,-105,-105
2013_05_SEA_IND,2013,5,-144,130,-3,106,-117,43.5,-107,-103
2013_05_CAR_ARI,2013,5,-167,151,-3,-113,102,41,-105,-105
2013_05_DEN_DAL,2013,5,-305,269,-7.5,103,-114,56.5,-101,-109
2013_05_HOU_SF,2013,5,191,-213,4,100,-110,43,-105,-105
2013_05_SD_OAK,2013,5,-230,205,-6,102,-113,46,-110,100
2013_05_NYJ_ATL,2013,5,398,-467,10,-119,108,45,100,-110
2013_06_NYG_CHI,2013,6,322,-370,9.5,102,-113,46.5,-109,-101
2013_06_CAR_MIN,2013,6,127,-140,2.5,100,-110,44.5,-103,-107
2013_06_CIN_BUF,2013,6,-240,214,-6,-101,-109,41,-106,-104
2013_06_DET_CLE,2013,6,-125,113,-1,-118,107,44,-110,100
2013_06_GB_BAL,2013,6,-123,111,-1,-115,104,48.5,-108,-102
2013_06_OAK_KC,2013,6,314,-360,7.5,100,-110,41,-108,-102
2013_06_PHI_TB,2013,6,-139,126,-2.5,-115,104,44.5,-102,-108
2013_06_PIT_NYJ,2013,6,-113,102,-1,-108,-102,40.5,-101,-109
2013_06_STL_HOU,2013,6,342,-395,9.5,-105,-105,43,-107,-103
2013_06_JAX_DEN,2013,6,2173,-5000,27,-102,-108,53,-103,-107
2013_06_TEN_SEA,2013,6,471,-564,11,-102,-108,42,-105,-105
2013_06_ARI_SF,2013,6,369,-430,10,-123,111,40.5,-108,-102
2013_06_NO_NE,2013,6,130,-144,2.5,100,-110,51.5,-105,-105
2013_06_WAS_DAL,2013,6,205,-230,5.5,-104,-106,52,-105,-105
2013_06_IND_SD,2013,6,-116,105,-1,-107,-103,50.5,-106,-104
2013_07_SEA_ARI,2013,7,-227,203,-5,-104,-106,41,101,-111
2013_07_BUF_MIA,2013,7,227,-255,6,-108,-102,43.5,-110,100
2013_07_CHI_WAS,2013,7,-119,108,-1,-113,102,47.5,-108,-102
2013_07_CIN_DET,2013,7,136,-150,2.5,111,-123,45.5,-102,-108
2013_07_DAL_PHI,2013,7,153,-170,3,106,-117,55,-102,-108
2013_07_NE_NYJ,2013,7,-180,162,-3.5,-101,-109,43,100,-110
2013_07_SD_JAX,2013,7,-310,273,-7.5,106,-117,44.5,-102,-108
2013_07_STL_CAR,2013,7,286,-326,8,-110,100,42,-103,-107
2013_07_TB_ATL,2013,7,222,-250,6,-105,-105,43,-105,-105
2013_07_SF_TEN,2013,7,-154,139,-3,100,-110,41,-105,-105
2013_07_BAL_PIT,2013,7,115,-127,2.5,-109,-101,41,-106,-104
2013_07_CLE_GB,2013,7,330,-380,7.5,-105,-105,45,-102,-108
2013_07_HOU_KC,2013,7,248,-280,7,-119,108,38.5,-103,-107
2013_07_DEN_IND,2013,7,-254,226,-6,-105,-105,54.5,-105,-105
2013_07_MIN_NYG,2013,7,179,-199,4,-105,-105,47.5,-106,-104
2013_08_CAR_TB,2013,8,-270,239,-6.5,-106,-104,39,-108,-102
2013_08_BUF_NO,2013,8,439,-520,10.5,-110,100,48,-107,-103
2013_08_CLE_KC,2013,8,273,-310,7,-108,-102,39,-105,-105
2013_08_DAL_DET,2013,8,140,-155,3,-106,-104,51,-105,-105
2013_08_MIA_NE,2013,8,246,-278,6.5,-108,-102,46.5,-105,-105
2013_08_NYG_PHI,2013,8,205,-230,5.5,-105,-105,49,-105,-105
2013_08_SF_JAX,2013,8,-1350,925,-16,-102,-108,40,-105,-105
2013_08_NYJ_CIN,2013,8,227,-255,6,102,-113,40.5,102,-113
2013_08_PIT_OAK,2013,8,-139,126,-2.5,-115,104,40,-103,-107
2013_08_ATL_ARI,2013,8,136,-150,2.5,111,-122,44.5,-103,-107
2013_08_WAS_DEN,2013,8,452,-538,11,105,-116,58,-103,-107
2013_08_GB_MIN,2013,8,-305,269,-7,-105,-105,47.5,-103,-107
2013_08_SEA_STL,2013,8,-650,534,-13,100,-110,43,-105,-105
2013_09_CIN_MIA,2013,9,-150,136,-3,101,-111,42,-106,-104
2013_09_ATL_CAR,2013,9,361,-420,10,-123,111,46.5,100,-110
2013_09_KC_BUF,2013,9,-225,201,-4.5,-108,-102,40.5,-103,-107
2013_09_MIN_DAL,2013,9,385,-450,10,-120,109,51,102,-113
2013_09_NO_NYJ,2013,9,-250,222,-6,-104,-106,45.5,100,-110
2013_09_SD_WAS,2013,9,111,-123,1,104,-115,49.5,-108,-102
2013_09_TEN_STL,2013,9,-160,144,-3,-113,102,41,-104,-106
2013_09_PHI_OAK,2013,9,-113,102,-1,-105,-105,45.5,100,-110
2013_09_TB_SEA,2013,9,1025,-1500,16,102,-113,40,-105,-105
2013_09_BAL_CLE,2013,9,-113,102,-1,-105,-105,41.5,-105,-105
2013_09_PIT_NE,2013,9,221,-248,5.5,101,-111,42.5,-113,102
2013_09_IND_HOU,2013,9,-107,-103,-1,100,-110,42.5,100,-110
2013_09_CHI_GB,2013,9,404,-475,10,-115,104,50.5,-103,-107
2013_10_WAS_MIN,2013,10,-108,-102,-1,-102,-108,48,-106,-104
2013_10_BUF_PIT,2013,10,129,-143,3,-117,106,42.5,-101,-109
2013_10_CIN_BAL,2013,10,105,-116,1,-101,-109,44,-103,-107
2013_10_DET_CHI,2013,10,-107,-103,-1,102,-113,52,-110,100
2013_10_JAX_TEN,2013,10,439,-520,11.5,-117,106,41.5,-105,-105
2013_10_OAK_NYG,2013,10,256,-290,7.5,-123,111,41,-107,-103
2013_10_PHI_GB,2013,10,-113,102,-1,-107,-103,47,-107,-103
2013_10_SEA_ATL,2013,10,-177,159,-3.5,-101,-109,47,100,-110
2013_10_STL_IND,2013,10,293,-335,7.5,-113,102,43,-111,101
2013_10_CAR_SF,2013,10,210,-235,6,-113,102,43,-105,-105
2013_10_DEN_SD,2013,10,-280,248,-7,-105,-105,56,100,-110
2013_10_HOU_ARI,2013,10,191,-213,4,102,-113,41.5,-105,-105
2013_10_DAL_NO,2013,10,227,-255,6,-105,-105,54,-110,100
2013_10_MIA_TB,2013,10,-125,113,-1,-120,109,39,100,-110
2013_11_IND_TEN,2013,11,-140,127,-2.5,-117,106,42,-106,-104
2013_11_ARI_JAX,2013,11,-385,334,-9.5,-105,-105,40.5,-103,-107
2013_11_ATL_TB,2013,11,115,-127,1,109,-120,44,-105,-105
2013_11_BAL_CHI,2013,11,181,-202,4,-108,-102,41,-110,100
2013_11_CLE_CIN,2013,11,190,-212,4,-102,-108,40,105,-116
2013_11_DET_PIT,2013,11,-154,139,-3,-108,-102,45,-113,102
2013_11_NYJ_BUF,2013,11,-130,118,-1,-127,115,39.5,102,-113
2013_11_OAK_HOU,2013,11,400,-470,10.5,100,-110,41,-101,-109
2013_11_WAS_PHI,2013,11,186,-208,4.5,-102,-108,54.5,100,-110
2013_11_SD_MIA,2013,11,-139,126,-2.5,-113,102,44,-105,-105
2013_11_GB_NYG,2013,11,160,-178,3.5,-123,111,41,100,-110
2013_11_MIN_SEA,2013,11,569,-700,13,102,-113,45,-105,-105
2013_11_SF_NO,2013,11,159,-177,3.5,-117,106,50,104,-115
2013_11_KC_DEN,2013,11,281,-320,7.5,-114,103,48.5,102,-113
2013_11_NE_CAR,2013,11,155,-172,3,105,-116,46.5,100,-110
2013_12_NO_ATL,2013,12,-330,289,-7.5,102,-113,52.5,-103,-107
2013_12_CAR_MIA,2013,12,-202,181,-4.5,-106,-104,40,102,-113
2013_12_CHI_STL,2013,12,111,-123,1,106,-117,46,-102,-108
2013_12_JAX_HOU,2013,12,400,-470,10.5,-107,-103,44,102,-113
2013_12_MIN_GB,2013,12,226,-254,6,100,-110,44.5,-101,-109
2013_12_NYJ_BAL,2013,12,186,-208,4,-105,-105,38,-106,-104
2013_12_PIT_CLE,2013,12,131,-145,2.5,108,-119,40,-108,-102
2013_12_SD_KC,2013,12,156,-173,3.5,-117,106,43,-105,-105
2013_12_TB_DET,2013,12,273,-310,7,-118,107,48.5,100,-110
2013_12_IND_ARI,2013,12,166,-185,3.5,-113,102,44.5,-102,-108
2013_12_TEN_OAK,2013,12,-150,136,-2.5,-123,111,42,-110,100
2013_12_DAL_NYG,2013,12,117,-129,1,111,-123,44.5,-104,-106
2013_12_DEN_NE,2013,12,105,-116,1,-102,-108,54,-106,-104
2013_12_SF_WAS,2013,12,-250,222,-5.5,-113,102,45.5,-103,-107
2013_13_GB_DET,2013,13,235,-265,7,-119,108,48.5,100,-110
2013_13_OAK_DAL,2013,13,379,-443,10,-113,102,49.5,-102,-108
2013_13_PIT_BAL,2013,13,144,-160,3,-102,-108,40.5,-105,-105
2013_13_ARI_PHI,2013,13,166,-185,3.5,100,-110,48,-106,-104
2013_13_CHI_MIN,2013,13,124,-137,2.5,103,-114,48.5,-106,-104
2013_13_JAX_CLE,2013,13,277,-315,7.5,-113,102,39.5,102,-112
2013_13_MIA_NYJ,2013,13,-105,-105,-1,100,-110,39.5,-110,100
2013_13_NE_HOU,2013,13,-300,264,-7,102,-113,49.5,-113,102
2013_13_TB_CAR,2013,13,293,-335,7.5,-113,102,41,-105,-105
2013_13_TEN_IND,2013,13,166,-185,3.5,-109,-101,46,-109,-101
2013_13_ATL_BUF,2013,13,190,-212,5,-107,-103,48,-105,-105
2013_13_STL_SF,2013,13,285,-325,7.5,-115,104,40.5,-113,102
2013_13_CIN_SD,2013,13,-130,118,-2.5,-105,-105,48.5,100,-110
2013_13_DEN_KC,2013,13,-215,193,-5,102,-113,50.5,-114,103
2013_13_NYG_WAS,2013,13,-103,-107,1,-109,-101,45.5,-110,100
2013_13_NO_SEA,2013,13,244,-275,6.5,-101,-109,48.5,-101,-109
2013_14_HOU_JAX,2013,14,-168,152,-3,-118,107,43.5,100,-110
2013_14_ATL_GB,2013,14,166,-185,3.5,-105,-105,47,-108,-102
2013_14_BUF_TB,2013,14,160,-178,3,107,-118,42.5,-104,-106
2013_14_CLE_NE,2013,14,423,-500,9.5,102,-113,47.5,-102,-108
2013_14_DET_PHI,2013,14,126,-139,2.5,106,-117,54,-110,100
2013_14_IND_CIN,2013,14,266,-302,7,105,-116,43,-102,-108
2013_14_KC_WAS,2013,14,-185,166,-3.5,-101,-109,44,-102,-108
2013_14_MIA_PIT,2013,14,144,-160,3,100,-110,40.5,-102,-108
2013_14_MIN_BAL,2013,14,222,-250,6,-110,100,41.5,-116,105
2013_14_OAK_NYJ,2013,14,140,-155,3,-108,-102,39,102,-113
2013_14_TEN_DEN,2013,14,520,-630,13,-113,102,49.5,-110,100
2013_14_NYG_SD,2013,14,197,-220,4.5,103,-114,46.5,-105,-105
2013_14_SEA_SF,2013,14,118,-130,2.5,-102,-108,41,-107,-103
2013_14_STL_ARI,2013,14,179,-199,4,-107,-103,41,-105,-105
2013_14_CAR_NO,2013,14,156,-173,3,108,-119,47,102,-113
2013_14_DAL_CHI,2013,14,115,-127,2,-103,-107,49,-110,100
2013_15_SD_DEN,2013,15,400,-470,10,-107,-103,56.5,-108,-102
2013_15_BUF_JAX,2013,15,-202,181,-4,100,-110,43,-107,-103
2013_15_CHI_CLE,2013,15,-106,-104,1,-113,102,43.5,-110,100
2013_15_HOU_IND,2013,15,231,-260,6,-107,-103,47,-105,-105
2013_15_NE_MIA,2013,15,121,-134,2.5,100,-110,46.5,-113,102
2013_15_PHI_MIN,2013,15,-270,239,-6.5,-117,106,53,-110,100
2013_15_SEA_NYG,2013,15,-400,346,-9.5,-104,-106,43.5,-108,-102
2013_15_SF_TB,2013,15,-219,196,-4.5,-107,-103,41,-101,-109
2013_15_WAS_ATL,2013,15,205,-230,5.5,100,-110,50,-110,100
2013_15_KC_OAK,2013,15,-265,235,-6.5,-102,-108,44,-106,-104
2013_15_NYJ_CAR,2013,15,338,-390,10,-117,106,40.5,-105,-105
2013_15_ARI_TEN,2013,15,-144,130,-3,102,-113,43,-102,-108
2013_15_GB_DAL,2013,15,179,-199,4,-105,-105,49.5,102,-112
2013_15_NO_STL,2013,15,-290,256,-6.5,-123,111,48,-113,102
2013_15_CIN_PIT,2013,15,-123,111,-2,-105,-105,44,-105,-105
2013_15_BAL_DET,2013,15,191,-213,4.5,-102,-108,49,-102,-108
2013_16_CLE_NYJ,2013,16,113,-125,2.5,-108,-102,41.5,104,-115
2013_16_DAL_WAS,2013,16,-166,150,-3,-113,102,51,-114,103
2013_16_DEN_HOU,2013,16,-420,361,-9,-105,-105,53,-104,-106
2013_16_IND_KC,2013,16,301,-345,7.5,-105,-105,46.5,-103,-107
2013_16_MIA_BUF,2013,16,-102,-108,1,-110,100,42,102,-113
2013_16_MIN_CIN,2013,16,324,-373,7.5,-105,-105,48,-110,100
2013_16_NO_CAR,2013,16,156,-173,3.5,-121,110,44.5,104,-115
2013_16_TB_STL,2013,16,155,-172,3.5,-118,107,43,-110,100
2013_16_TEN_JAX,2013,16,-199,179,-4,-105,-105,44,-102,-108
2013_16_ARI_SEA,2013,16,365,-425,8,-105,-105,42.5,-105,-105
2013_16_NYG_DET,2013,16,385,-450,9.5,-105,-105,47,-105,-105
2013_16_NE_BAL,2013,16,-109,-101,-1,-102,-108,45,-105,-105
2013_16_OAK_SD,2013,16,439,-521,10,-105,-105,50,-101,-109
2013_16_PIT_GB,2013,16,-114,103,-1,-106,-104,43.5,-107,-103
2013_16_CHI_PHI,2013,16,126,-139,2.5,106,-117,53.5,106,-117
2013_16_ATL_SF,2013,16,760,-1000,15.5,-104,-106,46,100,-110
2013_17_BAL_CIN,2013,17,252,-285,6.5,111,-123,43,100,-110
2013_17_CAR_ATL,2013,17,-230,205,-5.5,-109,-101,46.5,-108,-102
2013_17_CLE_PIT,2013,17,314,-360,9.5,-104,-106,44.5,-105,-105
2013_17_DET_MIN,2013,17,-130,118,-2.5,-108,-102,50,-101,-109
2013_17_HOU_TEN,2013,17,248,-280,7,-119,108,44.5,-110,100
2013_17_JAX_IND,2013,17,461,-550,11,102,-113,45,-104,-106
2013_17_NYJ_MIA,2013,17,248,-280,7.5,-123,111,41,-101,-109
2013_17_WAS_NYG,2013,17,161,-179,3.5,-113,102,44,-113,102
2013_17_BUF_NE,2013,17,293,-335,7.5,-113,102,46.5,100,-110
2013_17_DEN_OAK,2013,17,-500,423,-10,-105,-105,53.5,-123,111
2013_17_GB_CHI,2013,17,-155,140,-3,-106,-104,51,-116,105
2013_17_KC_SD,2013,17,671,-850,15.5,-114,103,45,-105,-105
2013_17_SF_ARI,2013,17,144,-160,3,-105,-105,41,-108,-102
2013_17_STL_SEA,2013,17,498,-600,13,-118,107,41,-105,-105
2013_17_TB_NO,2013,17,520,-630,11,-105,-105,47,-105,-105
2013_17_PHI_DAL,2013,17,-300,264,-7.5,102,-113,54,-102,-108
2013_18_KC_IND,2013,18,-123,111,-2,-105,-105,48,-102,-108
2013_18_NO_PHI,2013,18,144,-160,3,102,-113,55.5,100,-110
2013_18_SD_CIN,2013,18,227,-255,6.5,-110,100,47.5,-105,-105
2013_18_SF_GB,2013,18,-170,153,-3,-127,115,46.5,-107,-103
2013_19_NO_SEA,2013,19,338,-390,10,-118,107,44,102,-113
2013_19_IND_NE,2013,19,260,-295,7.5,-115,104,51,-110,100
2013_19_SF_CAR,2013,19,-103,-107,-0,-103,-107,41,-107,-103
2013_19_SD_DEN,2013,19,293,-335,8,-109,-101,55,105,-116
2013_20_NE_DEN,2013,20,204,-228,5,-102,-108,56.5,-106,-104
2013_20_SF_SEA,2013,20,182,-203,4,101,-111,40,-105,-105
2013_21_SEA_DEN,2013,21,113,-122,1.5,104,-110,47,-103,-107
2014_01_GB_SEA,2014,1,205,-230,4.5,-102,-108,46.5,-102,-108
2014_01_BUF_CHI,2014,1,239,-270,7,-125,113,47,-110,100
2014_01_CIN_BAL,2014,1,102,-113,1,-104,-106,43.5,-103,-107
2014_01_CLE_PIT,2014,1,216,-242,5.5,-103,-107,41.5,-106,-104
2014_01_JAX_PHI,2014,1,435,-515,10,-113,102,49,-110,100
2014_01_MIN_STL,2014,1,140,-155,3,-113,102,43.5,-114,103
2014_01_NE_MIA,2014,1,-179,161,-3.5,102,-113,47.5,-108,-102
2014_01_NO_ATL,2014,1,-160,144,-3,-106,-104,51,-104,-106
2014_01_OAK_NYJ,2014,1,246,-278,6.5,-102,-108,41,-105,-105
2014_01_TEN_KC,2014,1,144,-160,3,-103,-107,45.5,-109,-101
2014_01_WAS_HOU,2014,1,159,-177,3,111,-123,43.5,-115,104
2014_01_CAR_TB,2014,1,201,-225,5.5,-106,-104,38.5,-108,-102
2014_01_SF_DAL,2014,1,-154,139,-3.5,113,-125,49,100,-110
2014_01_IND_DEN,2014,1,330,-380,8,-105,-105,52.5,100,-110
2014_01_NYG_DET,2014,1,241,-272,6.5,100,-110,45,100,-110
2014_01_SD_ARI,2014,1,139,-154,3,-108,-102,45.5,-105,-105
2014_02_PIT_BAL,2014,2,136,-150,2.5,109,-120,44,-108,-102
2014_02_ARI_NYG,2014,2,104,-115,1,-102,-108,41.5,-102,-108
2014_02_ATL_CIN,2014,2,216,-242,5.5,-108,-102,48.5,-109,-101
2014_02_DAL_TEN,2014,2,151,-167,3,102,-113,49.5,-102,-108
2014_02_DET_CAR,2014,2,102,-113,1,-105,-105,43.5,101,-111
2014_02_JAX_WAS,2014,2,197,-220,5,-113,102,43,-108,-102
2014_02_MIA_BUF,2014,2,102,-113,1,-105,-105,43,-105,-105
2014_02_NE_MIN,2014,2,-164,148,-3.5,118,-130,49,-108,-102
2014_02_NO_CLE,2014,2,-220,197,-4.5,-110,100,49.5,-103,-107
2014_02_SEA_SD,2014,2,-225,201,-4.5,-109,-101,45,-106,-104
2014_02_STL_TB,2014,2,184,-205,4,-105,-105,37.5,-105,-105
2014_02_HOU_OAK,2014,2,-155,140,-3,-105,-105,41,-102,-108
2014_02_KC_DEN,2014,2,704,-900,13,102,-113,49,-105,-105
2014_02_NYJ_GB,2014,2,273,-310,7,-106,-104,46.5,100,-110
2014_02_CHI_SF,2014,2,264,-300,7,-113,102,47,-105,-105
2014_02_PHI_IND,2014,2,132,-146,3,-117,106,53.5,100,-110
2014_03_TB_ATL,2014,3,245,-277,6.5,-102,-108,47,-103,-107
2014_03_BAL_CLE,2014,3,-123,111,-2,-105,-105,43,-108,-102
2014_03_DAL_STL,2014,3,-120,109,-1.5,-105,-105,45,-107,-103
2014_03_GB_DET,2014,3,111,-123,1.5,-101,-109,51,-105,-105
2014_03_HOU_NYG,2014,3,103,-114,1,-103,-107,41.5,100,-110
2014_03_IND_JAX,2014,3,-260,231,-6,-110,100,45.5,-105,-105
2014_03_MIN_NO,2014,3,442,-525,10,-108,-102,49.5,-105,-105
2014_03_OAK_NE,2014,3,704,-900,14,-119,108,47.5,-101,-109
2014_03_SD_BUF,2014,3,118,-130,2.5,-105,-105,45.5,100,-110
2014_03_TEN_CIN,2014,3,235,-265,6.5,-105,-105,44.5,-103,-107
2014_03_WAS_PHI,2014,3,187,-209,4,-103,-107,50.5,100,-110
2014_03_SF_ARI,2014,3,-150,136,-3,106,-117,41,-102,-108
2014_03_DEN_SEA,2014,3,186,-208,4,-105,-105,48,102,-113
2014_03_KC_MIA,2014,3,216,-242,6,-110,100,43,-102,-108
2014_03_PIT_CAR,2014,3,171,-190,3,115,-127,42.5,-107,-103
2014_03_CHI_NYJ,2014,3,108,-119,1.5,-105,-105,44.5,-105,-105
2014_04_NYG_WAS,2014,4,157,-174,3,108,-119,44.5,-105,-105
2014_04_BUF_HOU,2014,4,121,-134,3,-125,113,44,-105,-105
2014_04_CAR_BAL,2014,4,141,-156,3.5,-130,118,42.5,-110,100
2014_04_DET_NYJ,2014,4,108,-119,2,-109,-101,43.5,-101,-109
2014_04_GB_CHI,2014,4,-123,111,-2,-105,-105,51,-103,-107
2014_04_MIA_OAK,2014,4,-190,171,-4,100,-110,41,-108,-102
2014_04_TB_PIT,2014,4,301,-345,7.5,-120,109,44.5,-105,-105
2014_04_TEN_IND,2014,4,289,-330,7.5,-117,106,45.5,-108,-102
2014_04_JAX_SD,2014,4,461,-550,13,-123,111,45,-105,-105
2014_04_ATL_MIN,2014,4,-231,206,-5.5,-109,-101,48,-110,100
2014_04_PHI_SF,2014,4,186,-208,3.5,100,-110,48.5,-105,-105
2014_04_NO_DAL,2014,4,-138,125,-3,111,-123,53.5,100,-110
2014_04_NE_KC,2014,4,-138,125,-3,111,-123,45,-104,-106
2014_05_MIN_GB,2014,5,346,-400,8.5,100,-110,46.5,-104,-106
2014_05_ATL_NYG,2014,5,176,-196,4,-107,-103,50.5,-104,-106
2014_05_BAL_IND,2014,5,126,-139,2.5,102,-113,49.5,-103,-107
2014_05_BUF_DET,2014,5,197,-220,4.5,-108,-102,43,-108,-102
2014_05_CHI_CAR,2014,5,106,-117,1.5,-105,-105,46.5,-113,102
2014_05_CLE_TEN,2014,5,-116,105,-1,-107,-103,44.5,-103,-107
2014_05_HOU_DAL,2014,5,210,-235,5,-106,-104,47.5,-107,-103
2014_05_PIT_JAX,2014,5,-230,205,-6,100,-110,47,-105,-105
2014_05_STL_PHI,2014,5,175,-195,3.5,-102,-108,48,-101,-109
2014_05_TB_NO,2014,5,461,-550,11,-107,-103,47.5,102,-113
2014_05_ARI_DEN,2014,5,305,-350,8,-104,-106,47,-107,-103
2014_05_KC_SF,2014,5,181,-202,4,-102,-108,43.5,-105,-105
2014_05_NYJ_SD,2014,5,256,-290,7,-117,106,44.5,-103,-107
2014_05_CIN_NE,2014,5,-130,118,-2.5,-108,-102,46,-105,-105
2014_05_SEA_WAS,2014,5,-295,260,-7,-102,-108,45.5,100,-110
2014_06_IND_HOU,2014,6,-125,113,-2.5,-102,-108,46,-110,100
2014_06_BAL_TB,2014,6,-177,159,-3.5,104,-115,44,-105,-105
2014_06_CAR_CIN,2014,6,281,-320,7,100,-110,43.5,-109,-101
2014_06_DEN_NYJ,2014,6,-420,361,-10,111,-123,47,103,-114
2014_06_DET_MIN,2014,6,102,-113,1,-105,-105,43,-103,-107
2014_06_GB_MIA,2014,6,-115,104,-1.5,100,-110,46.5,-105,-105
2014_06_JAX_TEN,2014,6,186,-208,4,-102,-108,42.5,-104,-106
2014_06_NE_BUF,2014,6,106,-117,1,100,-110,44,100,-110
2014_06_PIT_CLE,2014,6,111,-123,2.5,-110,100,46.5,-110,100
2014_06_SD_OAK,2014,6,-340,297,-7,-108,-102,43.5,-103,-107
2014_06_CHI_ATL,2014,6,171,-190,3.5,100,-110,55.5,-106,-104
2014_06_DAL_SEA,2014,6,385,-450,10,-108,-102,47,-107,-103
2014_06_WAS_ARI,2014,6,205,-230,5,-101,-109,47,-102,-108
2014_06_NYG_PHI,2014,6,106,-117,1,100,-110,50.5,100,-110
2014_06_SF_STL,2014,6,-188,169,-3.5,103,-114,44,-110,100
2014_07_NYJ_NE,2014,7,423,-500,9.5,-115,104,44.5,-105,-105
2014_07_ATL_BAL,2014,7,264,-300,7,-113,102,49.5,-101,-109
2014_07_CAR_GB,2014,7,248,-280,6.5,-105,-105,48.5,-107,-103
2014_07_CIN_IND,2014,7,161,-179,3,116,-128,50.5,-107,-103
2014_07_CLE_JAX,2014,7,-202,181,-4,-104,-106,44.5,-105,-105
2014_07_MIA_CHI,2014,7,156,-173,3,106,-117,47.5,100,-110
2014_07_MIN_BUF,2014,7,264,-300,7,-110,100,43.5,-104,-106
2014_07_NO_DET,2014,7,108,-119,1.5,-103,-107,45.5,-105,-105
2014_07_SEA_STL,2014,7,-305,269,-7,100,-110,43.5,-108,-102
2014_07_TEN_WAS,2014,7,220,-247,6,-110,100,46,-102,-108
2014_07_KC_SD,2014,7,139,-154,3,-105,-105,46,-102,-108
2014_07_ARI_OAK,2014,7,-185,166,-3.5,-106,-104,46,-108,-102
2014_07_NYG_DAL,2014,7,205,-230,5,-105,-105,47,100,-110
2014_07_SF_DEN,2014,7,264,-300,7,-110,100,48,-102,-108
2014_07_HOU_PIT,2014,7,146,-162,3,-104,-106,44.5,-105,-105
2014_08_SD_DEN,2014,8,358,-415,9,-106,-104,51,102,-113
2014_08_DET_ATL,2014,8,-170,153,-3.5,107,-118,45,-105,-105
2014_08_BAL_CIN,2014,8,-150,136,-2.5,-128,116,44.5,100,-110
2014_08_BUF_NYJ,2014,8,131,-145,3,-115,104,40,-108,-102
2014_08_CHI_NE,2014,8,201,-225,5.5,-104,-106,51,-105,-105
2014_08_HOU_TEN,2014,8,-180,162,-3.5,-102,-108,43,-107,-103
2014_08_MIA_JAX,2014,8,-320,281,-7,-103,-107,42,-104,-106
2014_08_MIN_TB,2014,8,104,-115,1,-102,-108,43,-103,-107
2014_08_SEA_CAR,2014,8,-240,214,-6,100,-110,44.5,-105,-105
2014_08_STL_KC,2014,8,293,-335,7.5,-110,100,44.5,-103,-107
2014_08_PHI_ARI,2014,8,-105,-105,1,-113,102,49,-105,-105
2014_08_IND_PIT,2014,8,-225,201,-5,-107,-103,48,-105,-105
2014_08_OAK_CLE,2014,8,239,-270,6.5,-110,100,44.5,-105,-105
2014_08_GB_NO,2014,8,112,-124,2,-102,-108,55,-107,-103
2014_08_WAS_DAL,2014,8,369,-430,9.5,100,-110,49,100,-110
2014_09_NO_CAR,2014,9,-162,146,-3,-113,102,48.5,-109,-101
2014_09_ARI_DAL,2014,9,108,-119,1.5,-105,-105,45,102,-113
2014_09_JAX_CIN,2014,9,393,-460,10,-107,-103,44,-108,-102
2014_09_NYJ_KC,2014,9,377,-440,9.5,-105,-105,41.5,-102,-108
2014_09_PHI_HOU,2014,9,-114,103,-1.5,-102,-108,48.5,-105,-105
2014_09_SD_MIA,2014,9,130,-144,3,-114,103,45.5,-102,-108
2014_09_TB_CLE,2014,9,281,-320,7,-105,-105,44,-110,100
2014_09_WAS_MIN,2014,9,-112,102,-1,-105,-105,43.5,-110,100
2014_09_STL_SF,2014,9,446,-530,10.5,-106,-104,44,-102,-108
2014_09_DEN_NE,2014,9,-152,137,-3,-104,-106,52.5,-106,-104
2014_09_OAK_SEA,2014,9,638,-800,13.5,-113,102,43.5,-105,-105
2014_09_BAL_PIT,2014,9,116,-128,2.5,-108,-102,47.5,-105,-105
2014_09_IND_NYG,2014,9,-149,135,-3,102,-113,51,102,-113
2014_10_CLE_CIN,2014,10,222,-250,6.5,-114,103,45.5,-110,100
2014_10_ATL_TB,2014,10,-170,153,-3.5,106,-117,47,-110,100
2014_10_DAL_JAX,2014,10,-330,289,-7.5,102,-113,45,-105,-105
2014_10_KC_BUF,2014,10,116,-128,2,-107,-103,42,-107,-103
2014_10_MIA_DET,2014,10,131,-145,3,-115,104,43,-110,100
2014_10_PIT_NYJ,2014,10,-212,190,-4.5,-106,-104,47,100,-110
2014_10_SF_NO,2014,10,221,-248,6,100,-110,49.5,100,-110
2014_10_TEN_BAL,2014,10,423,-500,10.5,-118,107,44.5,-106,-104
2014_10_DEN_OAK,2014,10,-650,534,-13,-102,-108,50.5,-105,-105
2014_10_NYG_SEA,2014,10,385,-450,9,102,-113,44.5,-103,-107
2014_10_STL_ARI,2014,10,264,-300,7,100,-110,43,-105,-105
2014_10_CHI_GB,2014,10,330,-380,9.5,-107,-103,53,-104,-106
2014_10_CAR_PHI,2014,10,293,-335,7,107,-118,48.5,100,-110
2014_11_BUF_MIA,2014,11,175,-195,4,-114,103,40.5,-113,102
2014_11_ATL_CAR,2014,11,-139,126,-2.5,-110,100,46.5,-109,-101
2014_11_CIN_NO,2014,11,330,-380,8.5,104,-115,51,-103,-107
2014_11_DEN_STL,2014,11,-355,310,-8,-105,-105,49.5,-108,-102
2014_11_HOU_CLE,2014,11,191,-213,4.5,-107,-103,42,-105,-105
2014_11_MIN_CHI,2014,11,116,-128,2.5,-103,-107,46.5,-111,101
2014_11_SEA_KC,2014,11,-115,104,-1,-107,-103,43.5,-102,-108
2014_11_SF_NYG,2014,11,-190,171,-4,102,-112,45,102,-113
2014_11_TB_WAS,2014,11,264,-300,6.5,102,-113,45.5,-106,-104
2014_11_OAK_SD,2014,11,423,-500,10.5,-123,111,45.5,-104,-106
2014_11_DET_ARI,2014,11,-115,104,-1,-108,-102,41.5,-110,100
2014_11_PHI_GB,2014,11,180,-200,4.5,-117,106,55.5,-120,109
2014_11_NE_IND,2014,11,144,-160,3,102,-113,58,-102,-108
2014_11_PIT_TEN,2014,11,-308,271,-7,100,-110,46.5,-105,-105
2014_12_KC_OAK,2014,12,-330,289,-7.5,107,-118,42,-102,-108
2014_12_CIN_HOU,2014,12,135,-149,3,-110,100,44.5,-101,-109
2014_12_CLE_ATL,2014,12,131,-145,3,-119,108,48.5,-110,100
2014_12_DET_NE,2014,12,273,-310,7.5,-123,111,47.5,100,-110
2014_12_GB_MIN,2014,12,-340,297,-7.5,102,-113,50,-110,100
2014_12_JAX_IND,2014,12,569,-700,13,-113,102,49,-105,-105
2014_12_TB_CHI,2014,12,181,-202,4,100,-110,47,100,-110
2014_12_TEN_PHI,2014,12,498,-600,11,-108,-102,49,-103,-107
2014_12_ARI_SEA,2014,12,314,-360,7.5,100,-110,42,-102,-108
2014_12_STL_SD,2014,12,175,-195,4,-109,-101,43.5,-102,-108
2014_12_MIA_DEN,2014,12,252,-285,6.5,104,-115,47.5,-101,-109
2014_12_WAS_SF,2014,12,361,-420,9,100,-110,44,-110,100
2014_12_DAL_NYG,2014,12,-202,181,-4,-110,100,48.5,-108,-102
2014_12_NYJ_BUF,2014,12,129,-143,2.5,107,-118,42,-110,100
2014_12_BAL_NO,2014,12,121,-134,2.5,-101,-109,50.5,-115,104
2014_13_CHI_DET,2014,13,289,-330,7.5,-107,-103,46,100,-110
2014_13_PHI_DAL,2014,13,144,-160,3,100,-110,56.5,-102,-108
2014_13_SEA_SF,2014,13,103,-114,1,-103,-107,40,-106,-104
2014_13_CAR_MIN,2014,13,129,-143,2.5,108,-119,41.5,-103,-107
2014_13_CIN_TB,2014,13,-235,210,-6,102,-113,43.5,-109,-101
2014_13_CLE_BUF,2014,13,156,-173,3,108,-119,42,-108,-102
2014_13_NO_PIT,2014,13,166,-185,3.5,100,-110,54.5,-107,-103
2014_13_NYG_JAX,2014,13,-152,137,-3,100,-110,44,100,-110
2014_13_OAK_STL,2014,13,256,-290,6.5,102,-113,43,-107,-103
2014_13_SD_BAL,2014,13,256,-290,6.5,104,-115,45.5,-108,-102
2014_13_TEN_HOU,2014,13,252,-285,7,-117,106,43,-105,-105
2014_13_WAS_IND,2014,13,338,-390,7.5,-104,-106,48.5,-113,102
2014_13_ARI_ATL,2014,13,-117,106,-1.5,-102,-108,45.5,102,-112
2014_13_NE_GB,2014,13,144,-160,3,100,-110,57,-108,-102
2014_13_DEN_KC,2014,13,-101,-109,1,-108,-102,49,-105,-105
2014_13_MIA_NYJ,2014,13,-305,269,-6.5,-116,105,41.5,-103,-107
2014_14_DAL_CHI,2014,14,-187,168,-3.5,-105,-105,50.5,-106,-104
2014_14_BAL_MIA,2014,14,146,-162,3,104,-115,45,-105,-105
2014_14_CAR_NO,2014,14,346,-400,8.5,-105,-105,50.5,-106,-104
2014_14_HOU_JAX,2014,14,-274,243,-6.5,-110,100,41.5,-102,-108
2014_14_IND_CLE,2014,14,-154,139,-3,-105,-105,50,-103,-107
2014_14_NYG_TEN,2014,14,-143,129,-3,102,-113,46.5,-107,-103
2014_14_NYJ_MIN,2014,14,195,-218,4.5,-105,-105,40.5,-110,100
2014_14_PIT_CIN,2014,14,126,-139,3,-117,106,47,-111,101
2014_14_STL_WAS,2014,14,-134,121,-2.5,-105,-105,44.5,-110,100
2014_14_TB_DET,2014,14,408,-480,10.5,-115,104,42,-102,-108
2014_14_BUF_DEN,2014,14,346,-400,9,-108,-102,47,-107,-103
2014_14_KC_ARI,2014,14,-145,131,-2.5,-123,111,41.5,-103,-107
2014_14_SEA_PHI,2014,14,-123,111,-1.5,-108,-102,48,-105,-105
2014_14_SF_OAK,2014,14,-362,315,-8,-104,-106,40,-105,-105
2014_14_NE_SD,2014,14,-208,186,-4,-109,-101,53,-106,-104
2014_14_ATL_GB,2014,14,590,-730,13.5,-103,-107,54.5,-102,-108
2014_15_ARI_STL,2014,15,227,-255,6,-101,-109,40.5,100,-110
2014_15_CIN_CLE,2014,15,126,-139,2.5,102,-113,44,-102,-108
2014_15_GB_BUF,2014,15,-172,155,-3.5,104,-115,49.5,-102,-108
2014_15_HOU_IND,2014,15,273,-310,7,-102,-108,49,-108,-102
2014_15_JAX_BAL,2014,15,638,-800,14,-105,-105,44.5,100,-110
2014_15_MIA_NE,2014,15,361,-420,9.5,-105,-105,49,100,-110
2014_15_OAK_KC,2014,15,423,-500,11,-110,100,41.5,-105,-105
2014_15_PIT_ATL,2014,15,-150,136,-3,102,-113,55,-108,-102
2014_15_TB_CAR,2014,15,166,-185,3.5,-107,-103,41,-101,-109
2014_15_WAS_NYG,2014,15,264,-300,7,-116,105,46.5,102,-113
2014_15_DEN_SD,2014,15,-190,171,-4,-108,-102,49,-104,-106
2014_15_NYJ_TEN,2014,15,-186,167,-3.5,102,-113,42,-102,-108
2014_15_MIN_DET,2014,15,305,-350,8,-109,-101,42.5,-105,-105
2014_15_SF_SEA,2014,15,369,-430,10,-120,109,38,-108,-102
2014_15_DAL_PHI,2014,15,144,-159,3.5,-123,111,54.5,-103,-107
2014_15_NO_CHI,2014,15,-177,159,-3,-123,111,53.5,100,-110
2014_16_TEN_JAX,2014,16,176,-196,4,-107,-103,39,-108,-102
2014_16_PHI_WAS,2014,16,-315,277,-7,-105,-105,51,-103,-107
2014_16_SD_SF,2014,16,116,-128,2,100,-110,40.5,-102,-108
2014_16_ATL_NO,2014,16,208,-233,6,-107,-103,56,-103,-107
2014_16_BAL_HOU,2014,16,-242,216,-6,-105,-105,42,-110,100
2014_16_CLE_CAR,2014,16,211,-236,6,-102,-108,40,-102,-108
2014_16_DET_CHI,2014,16,-410,354,-10,100,-110,44.5,-103,-107
2014_16_GB_TB,2014,16,-630,520,-11.5,102,-113,48.5,-108,-102
2014_16_KC_PIT,2014,16,121,-134,2.5,-103,-107,49.5,-104,-106
2014_16_MIN_MIA,2014,16,201,-225,4.5,-104,-106,42,-109,-101
2014_16_NE_NYJ,2014,16,-450,385,-10,107,-118,47,-103,-107
2014_16_NYG_STL,2014,16,256,-290,7,-115,104,43.5,100,-110
2014_16_BUF_OAK,2014,16,-290,256,-7,102,-113,42,-105,-105
2014_16_IND_DAL,2014,16,160,-178,3.5,-109,-101,53,-108,-102
2014_16_SEA_ARI,2014,16,-390,338,-9.5,-102,-108,36.5,-110,100
2014_16_DEN_CIN,2014,16,-190,171,-3.5,-105,-105,47,102,-113
2014_17_BUF_NE,2014,17,195,-218,4.5,100,-110,43.5,-113,102
2014_17_CHI_MIN,2014,17,264,-300,7,100,-110,47,-113,102
2014_17_CLE_BAL,2014,17,760,-1000,14,-113,102,40,-102,-108
2014_17_DAL_WAS,2014,17,-250,222,-6,-107,-103,47.5,-110,100
2014_17_IND_TEN,2014,17,-320,281,-7.5,102,-113,46.5,-105,-105
2014_17_JAX_HOU,2014,17,346,-400,8.5,-106,-104,38.5,-109,-101
2014_17_NO_TB,2014,17,-242,216,-6,-102,-108,47,-102,-108
2014_17_NYJ_MIA,2014,17,281,-320,7,100,-110,41,-107,-103
2014_17_PHI_NYG,2014,17,-105,-105,-1,104,-115,51.5,-109,-101
2014_17_SD_KC,2014,17,137,-152,3,-104,-106,42.5,-102,-108
2014_17_ARI_SF,2014,17,220,-247,6,-110,100,38,-110,100
2014_17_CAR_ATL,2014,17,116,-128,2.5,-108,-102,48,-103,-107
2014_17_DET_GB,2014,17,346,-400,9,-110,100,46.5,100,-110
2014_17_OAK_DEN,2014,17,925,-1300,16.5,100,-110,49,-105,-105
2014_17_STL_SEA,2014,17,446,-530,11,-110,100,41.5,103,-114
2014_17_CIN_PIT,2014,17,136,-150,3,-110,100,48,100,-110
2014_18_ARI_CAR,2014,18,216,-242,5.5,-110,100,37.5,-107,-103
2014_18_BAL_PIT,2014,18,146,-162,3,-102,-108,47.5,-105,-105
2014_18_CIN_IND,2014,18,181,-202,3.5,100,-110,47,-104,-106
2014_18_DET_DAL,2014,18,231,-260,6,-107,-103,47.5,-106,-104
2014_19_BAL_NE,2014,19,256,-290,7,-116,105,47.5,-105,-105
2014_19_CAR_SEA,2014,19,569,-700,13.5,100,-110,40,-110,100
2014_19_DAL_GB,2014,19,205,-230,5.5,-105,-105,52.5,104,-115
2014_19_IND_DEN,2014,19,377,-440,9.5,102,-113,53.5,-109,-101
2014_20_GB_SEA,2014,20,316,-363,8.5,-102,-108,44.5,-107,-103
2014_20_IND_NE,2014,20,281,-320,7,106,-117,52,100,-110
2014_21_NE_SEA,2014,21,-105,-105,-1,101,-109,47,-105,-105
2015_01_PIT_NE,2015,1,305,-350,7.5,-111,101,51,-107,-103
2015_01_CAR_JAX,2015,1,-145,131,-3,-100,-110,41,-107,-103
2015_01_CLE_NYJ,2015,1,166,-185,3.5,-102,-108,39,-107,-103
2015_01_GB_CHI,2015,1,-250,222,-5.5,-110,100,48.5,-107,-103
2015_01_IND_BUF,2015,1,-109,-101,-1,-103,-107,44.5,102,-113
2015_01_KC_HOU,2015,1,-105,-105,-1,100,-110,41,-103,-107
2015_01_MIA_WAS,2015,1,-202,181,-4,-110,100,45.5,-103,-107
2015_01_SEA_STL,2015,1,-177,159,-3.5,-101,-109,41.5,-103,-107
2015_01_DET_SD,2015,1,162,-180,3.5,-108,-102,45.5,-104,-106
2015_01_NO_ARI,2015,1,118,-130,2,100,-110,48.5,-105,-105
2015_01_BAL_DEN,2015,1,197,-220,4.5,-101,-109,46.5,-105,-105
2015_01_CIN_OAK,2015,1,-150,136,-3,-100,-110,43,-110,100
2015_01_TEN_TB,2015,1,140,-155,3,-104,-106,40.5,-102,-108
2015_01_NYG_DAL,2015,1,266,-302,7,-108,-102,52,-104,-106
2015_01_PHI_ATL,2015,1,-177,159,-3.5,100,-110,55,-106,-104
2015_01_MIN_SF,2015,1,-155,140,-2.5,-134,121,42.5,-113,102
2015_02_DEN_KC,2015,2,146,-162,3,102,-113,42,100,-110
2015_02_ARI_CHI,2015,2,-119,108,-2,-103,-107,45.5,-105,-105
2015_02_ATL_NYG,2015,2,111,-123,2,-103,-107,49.5,-107,-103
2015_02_DET_MIN,2015,2,129,-143,2.5,104,-115,44,-105,-105
2015_02_HOU_CAR,2015,2,129,-143,3,-117,106,41,-108,-102
2015_02_NE_BUF,2015,2,112,-124,2,-103,-107,45,-105,-105
2015_02_SD_CIN,2015,2,156,-173,3.5,-110,100,47.5,-108,-102
2015_02_SF_PIT,2015,2,220,-247,6,-107,-103,46,-105,-105
2015_02_STL_WAS,2015,2,-177,159,-3,-120,109,41,-109,-101
2015_02_TB_NO,2015,2,354,-410,9.5,-110,100,47,-101,-109
2015_02_TEN_CLE,2015,2,102,-113,1,-105,-105,41,100,-110
2015_02_BAL_OAK,2015,2,-254,226,-6,-114,103,42,-104,-106
2015_02_MIA_JAX,2015,2,-230,205,-5,-110,100,42.5,-105,-105
2015_02_DAL_PHI,2015,2,252,-285,7,-110,100,53,-104,-106
2015_02_SEA_GB,2015,2,166,-185,3.5,-109,-101,49,-104,-106
2015_02_NYJ_IND,2015,2,214,-240,6,-108,-102,45.5,-102,-108
2015_03_WAS_NYG,2015,3,151,-167,3,104,-115,45,-101,-109
2015_03_ATL_DAL,2015,3,104,-115,1,-102,-108,43.5,-107,-103
2015_03_CIN_BAL,2015,3,125,-138,2.5,104,-115,45.5,-105,-105
2015_03_IND_TEN,2015,3,-173,156,-3,-123,111,46.5,-102,-108
2015_03_JAX_NE,2015,3,944,-1300,14.5,-108,-102,48.5,-102,-108
2015_03_NO_CAR,2015,3,346,-400,10,-113,102,43,-103,-107
2015_03_OAK_CLE,2015,3,159,-177,3.5,-108,-102,43.5,-108,-102
2015_03_PHI_NYJ,2015,3,146,-162,3,102,-113,47,-105,-105
2015_03_PIT_STL,2015,3,111,-123,1.5,-102,-108,48.5,-102,-108
2015_03_SD_MIN,2015,3,111,-123,2.5,-110,100,45.5,-105,-105
2015_03_TB_HOU,2015,3,225,-253,6,-105,-105,41,102,-113
2015_03_SF_ARI,2015,3,265,-301,7,-109,-101,45,-102,-108
2015_03_BUF_MIA,2015,3,-103,-107,1,-110,100,43.5,-107,-103
2015_03_CHI_SEA,2015,3,944,-1300,16.5,-110,100,43.5,-103,-107
2015_03_DEN_DET,2015,3,-138,125,-3,108,-119,45,-105,-105
2015_03_KC_GB,2015,3,201,-225,4.5,-101,-109,47,-108,-102
2015_04_BAL_PIT,2015,4,-145,131,-3,106,-117,44,100,-110
2015_04_NYJ_MIA,2015,4,-134,121,-2.5,-116,105,42,-110,100
2015_04_CAR_TB,2015,4,-145,131,-3,100,-110,40,-110,-100
2015_04_HOU_ATL,2015,4,181,-202,4,-108,-102,47.5,-110,100
2015_04_JAX_IND,2015,4,179,-199,4,100,-110,43,-108,-102
2015_04_KC_CIN,2015,4,159,-177,3.5,-115,104,45,-103,-107
2015_04_NYG_BUF,2015,4,216,-242,6,-105,-105,46.5,-103,-107
2015_04_OAK_CHI,2015,4,-177,159,-3,-125,113,44.5,101,-111
2015_04_PHI_WAS,2015,4,-149,135,-3,102,-113,46,109,-120
2015_04_CLE_SD,2015,4,205,-230,4.5,100,-110,44.5,100,-110
2015_04_GB_SF,2015,4,-320,281,-7.5,102,-113,48,-103,-107
2015_04_MIN_DEN,2015,4,253,-286,7,-117,106,43.5,-102,-108
2015_04_STL_ARI,2015,4,252,-285,7,-115,104,43.5,-110,100
2015_04_DAL_NO,2015,4,129,-143,3,-117,106,48,-107,-103
2015_04_DET_SEA,2015,4,400,-470,10,-113,102,43,-103,-107
2015_05_IND_HOU,2015,5,187,-209,4.5,-111,101,40.5,-111,101
2015_05_BUF_TEN,2015,5,100,-110,1,-107,-103,43,-105,-105
2015_05_CHI_KC,2015,5,361,-420,10,-115,104,44,-105,-105
2015_05_CLE_BAL,2015,5,227,-255,6,100,-110,43,-105,-105
2015_05_JAX_TB,2015,5,104,-115,1,-103,-107,41,-110,100
2015_05_NO_PHI,2015,5,245,-277,6.5,105,-116,49.5,-110,100
2015_05_SEA_CIN,2015,5,131,-145,3,-109,-101,44.5,100,-110
2015_05_STL_GB,2015,5,322,-370,8.5,-110,100,45,-110,100
2015_05_WAS_ATL,2015,5,285,-325,7.5,-120,109,48.5,-106,-104
2015_05_ARI_DET,2015,5,-202,181,-4.5,-105,-105,46,-106,-104
2015_05_DEN_OAK,2015,5,-225,201,-5,-107,-103,44.5,100,-110
2015_05_NE_DAL,2015,5,-350,305,-8,-108,-102,51,-105,-105
2015_05_SF_NYG,2015,5,305,-350,7.5,-105,-105,43.5,-110,100
2015_05_PIT_SD,2015,5,186,-208,4,-106,-104,45.5,-104,-106
2015_06_ATL_NO,2015,6,-148,134,-3,100,-110,52,-107,-103
2015_06_ARI_PIT,2015,6,-230,205,-5.5,-102,-108,45,-109,-101
2015_06_CHI_DET,2015,6,181,-202,3.5,102,-113,45,-103,-107
2015_06_CIN_BUF,2015,6,-156,141,-3,-109,-101,42.5,-110,100
2015_06_DEN_CLE,2015,6,-164,148,-3.5,115,-127,41.5,-105,-105
2015_06_HOU_JAX,2015,6,140,-155,2.5,120,-133,43.5,100,-110
2015_06_KC_MIN,2015,6,146,-162,3.5,-123,111,43,-102,-108
2015_06_MIA_TEN,2015,6,118,-130,2.5,-103,-107,44,-104,-106
2015_06_WAS_NYJ,2015,6,305,-350,7.5,100,-110,39.5,-109,-101
2015_06_CAR_SEA,2015,6,270,-307,7,-105,-105,41,-106,-104
2015_06_BAL_SF,2015,6,-139,126,-2.5,-116,105,43.5,-105,-105
2015_06_SD_GB,2015,6,439,-520,10.5,-109,-101,50,-109,-101
2015_06_NE_IND,2015,6,-335,293,-8,-104,-106,53.5,-104,-106
2015_06_NYG_PHI,2015,6,181,-202,3.5,100,-110,50.5,-108,-102
2015_07_SEA_SF,2015,7,-270,239,-6.5,-107,-103,41.5,-103,-107
2015_07_BUF_JAX,2015,7,-170,153,-3.5,104,-115,41,-101,-109
2015_07_ATL_TEN,2015,7,-230,205,-5.5,-108,-102,45.5,-105,-105
2015_07_CLE_STL,2015,7,244,-276,6.5,102,-113,43.5,-107,-103
2015_07_HOU_MIA,2015,7,195,-218,4.5,102,-113,46.5,102,-113
2015_07_MIN_DET,2015,7,104,-115,1,-102,-108,44.5,-102,-108
2015_07_NO_IND,2015,7,211,-236,5.5,-102,-108,52.5,-109,-101
2015_07_NYJ_NE,2015,7,264,-300,7,-120,109,47,-110,100
2015_07_PIT_KC,2015,7,186,-208,4,-103,-107,41.5,-107,-103
2015_07_TB_WAS,2015,7,136,-150,3,-110,100,42,-107,-103
2015_07_OAK_SD,2015,7,171,-190,3.5,-108,-102,48,-108,-102
2015_07_DAL_NYG,2015,7,140,-155,3,-110,100,44.5,-103,-107
2015_07_PHI_CAR,2015,7,124,-137,3,-123,111,46,-105,-105
2015_07_BAL_ARI,2015,7,389,-455,10,-108,-102,49.5,-108,-102
2015_08_MIA_NE,2015,8,365,-425,8,102,-113,51,-112,102
2015_08_DET_KC,2015,8,153,-170,3,111,-123,45,102,-113
2015_08_ARI_CLE,2015,8,-308,271,-7,100,-110,46,-102,-108
2015_08_CIN_PIT,2015,8,106,-117,1,100,-110,49,-110,100
2015_08_MIN_CHI,2015,8,-117,106,-1,-110,100,43.5,-108,-102
2015_08_NYG_NO,2015,8,151,-167,3,106,-117,51.5,-103,-107
2015_08_SD_BAL,2015,8,186,-208,4.5,-105,-105,50,-117,106
2015_08_SF_STL,2015,8,346,-400,8,100,-110,41,-104,-106
2015_08_TB_ATL,2015,8,346,-400,8,-114,103,47.5,100,-110
2015_08_TEN_HOU,2015,8,166,-185,3.5,-107,-103,43,-105,-105
2015_08_NYJ_OAK,2015,8,-170,153,-3,-120,109,43.5,-103,-107
2015_08_SEA_DAL,2015,8,-208,186,-4.5,-104,-106,41.5,-105,-105
2015_08_GB_DEN,2015,8,-133,120,-2.5,-110,100,46,100,-110
2015_08_IND_CAR,2015,8,197,-220,5,-110,100,44.5,100,-110
2015_09_CLE_CIN,2015,9,671,-850,13,109,-120,45.5,-109,-101
2015_09_GB_CAR,2015,9,-120,109,-2,-103,-107,45.5,-105,-105
2015_09_JAX_NYJ,2015,9,293,-335,7.5,-106,-104,42,-107,-103
2015_09_MIA_BUF,2015,9,181,-202,4,-107,-103,44,-104,-106
2015_09_OAK_PIT,2015,9,231,-260,6,-104,-106,47.5,-107,-103
2015_09_STL_MIN,2015,9,111,-123,2,-107,-103,40,-109,-101
2015_09_TEN_NO,2015,9,264,-300,7,-110,100,50,-113,102
2015_09_WAS_NE,2015,9,828,-1100,13.5,-100,-110,51.5,-108,-102
2015_09_ATL_SF,2015,9,-420,361,-9.5,-105,-105,43.5,100,-110
2015_09_NYG_TB,2015,9,-115,104,-1.5,-102,-108,49,101,-111
2015_09_DEN_IND,2015,9,-170,153,-3.5,111,-123,45,-106,-104
2015_09_PHI_DAL,2015,9,-165,149,-3,-118,107,43.5,-106,-104
2015_09_CHI_SD,2015,9,161,-179,3.5,-108,-102,49,-110,100
2015_10_BUF_NYJ,2015,10,114,-126,2.5,-109,-101,41.5,104,-115
2015_10_CAR_TEN,2015,10,-195,175,-3.5,-105,-105,42.5,-107,-103
2015_10_CHI_STL,2015,10,324,-373,7.5,-102,-108,42,-110,100
2015_10_CLE_PIT,2015,10,271,-308,7,-105,-105,43.5,101,-111
2015_10_DAL_TB,2015,10,-109,-101,-1,-102,-108,43.5,104,-115
2015_10_DET_GB,2015,10,491,-590,10.5,-113,102,50,-102,-108
2015_10_JAX_BAL,2015,10,186,-208,4,-105,-105,47,-106,-104
2015_10_MIA_PHI,2015,10,205,-230,5.5,-108,-102,49,-103,-107
2015_10_NO_WAS,2015,10,-113,102,-1,-105,-105,52,-105,-105
2015_10_MIN_OAK,2015,10,148,-164,3,102,-113,44,-107,-103
2015_10_KC_DEN,2015,10,181,-202,4,-113,102,42,-101,-109
2015_10_NE_NYG,2015,10,-320,281,-7,-104,-106,52.5,-104,-106
2015_10_ARI_SEA,2015,10,136,-150,3,-113,102,43.5,-106,-104
2015_10_HOU_CIN,2015,10,400,-470,10,-105,-105,46.5,-102,-108
2015_11_TEN_JAX,2015,11,127,-140,3,-120,109,41.5,104,-115
2015_11_DAL_MIA,2015,11,-134,121,-2.5,-110,100,45,-105,-105
2015_11_DEN_CHI,2015,11,-123,111,-2.5,-102,-108,41.5,-101,-109
2015_11_IND_ATL,2015,11,162,-180,3.5,-114,103,47.5,-108,-102
2015_11_NYJ_HOU,2015,11,-199,179,-4,-103,-107,40,-106,-104
2015_11_OAK_DET,2015,11,-127,115,-2,-110,100,50,-107,-103
2015_11_STL_BAL,2015,11,135,-149,3,-110,100,41,-107,-103
2015_11_TB_PHI,2015,11,270,-307,7,-113,102,46,-105,-105
2015_11_WAS_CAR,2015,11,277,-315,7,-104,-106,44,-107,-103
2015_11_KC_SD,2015,11,-168,152,-3,-118,107,45.5,-101,-109
2015_11_GB_MIN,2015,11,-113,102,-1,-105,-105,45,-113,102
2015_11_SF_SEA,2015,11,807,-1065,14,-108,-102,40,-113,102
2015_11_CIN_ARI,2015,11,179,-199,4,-113,102,48,102,-113
2015_11_BUF_NE,2015,11,301,-345,7,-108,-102,47.5,102,-113
2015_12_PHI_DET,2015,12,136,-150,3,-109,-101,46.5,-110,100
2015_12_CAR_DAL,2015,12,-113,102,-1,-105,-105,44.5,100,-110
2015_12_CHI_GB,2015,12,354,-410,7.5,100,-110,45,-110,100
2015_12_BUF_KC,2015,12,195,-218,4.5,100,-110,41,-103,-107
2015_12_MIA_NYJ,2015,12,191,-213,4.5,100,-110,44,100,-110
2015_12_MIN_ATL,2015,12,116,-128,2,100,-110,45,-104,-106
2015_12_NO_HOU,2015,12,178,-198,3.5,102,-112,50.5,-107,-103
2015_12_NYG_WAS,2015,12,-109,-101,-1,-101,-109,47.5,-107,-103
2015_12_OAK_TEN,2015,12,-114,103,-1,-107,-103,45,-107,-103
2015_12_SD_JAX,2015,12,216,-242,5,105,-116,47,-105,-105
2015_12_STL_CIN,2015,12,361,-420,10.5,-125,113,42,-102,-108
2015_12_TB_IND,2015,12,120,-133,3,-127,115,46.5,-107,-103
2015_12_ARI_SF,2015,12,-365,318,-7.5,-106,-104,45,-105,-105
2015_12_PIT_SEA,2015,12,126,-139,3,-125,113,46.5,-111,101
2015_12_NE_DEN,2015,12,-133,120,-2.5,-103,-107,43,-106,-104
2015_12_BAL_CLE,2015,12,231,-260,6,101,-111,41,-110,100
2015_13_GB_DET,2015,13,-121,110,-2.5,104,-115,46,-102,-108
2015_13_ARI_STL,2015,13,-180,162,-3.5,100,-110,43,-105,-105
2015_13_ATL_TB,2015,13,104,-115,1,-101,-109,46.5,-106,-104
2015_13_BAL_MIA,2015,13,156,-173,3.5,-119,108,43,-110,100
2015_13_CIN_CLE,2015,13,-320,281,-7.5,104,-115,44,-113,102
2015_13_HOU_BUF,2015,13,129,-143,3,-117,106,42,-105,-105
2015_13_JAX_TEN,2015,13,126,-139,3,-123,111,43.5,100,-110
2015_13_NYJ_NYG,2015,13,-123,111,-2,-105,-105,45.5,-103,-107
2015_13_SEA_MIN,2015,13,-145,131,-2.5,-120,109,43,-105,-105
2015_13_SF_CHI,2015,13,222,-250,6,-105,-105,43,-105,-105
2015_13_DEN_SD,2015,13,-230,205,-6,102,-113,45,-106,-104
2015_13_KC_OAK,2015,13,-156,141,-3,-106,-104,45.5,-106,-104
2015_13_CAR_NO,2015,13,-225,201,-5.5,100,-110,50.5,-102,-108
2015_13_PHI_NE,2015,13,361,-420,9.5,-103,-107,49.5,-110,100
2015_13_IND_PIT,2015,13,385,-450,10,-102,-108,50.5,100,-110
2015_13_DAL_WAS,2015,13,108,-119,2,-110,100,43,-109,-101
2015_14_MIN_ARI,2015,14,385,-450,10,-105,-105,46.5,103,-114
2015_14_ATL_CAR,2015,14,322,-370,8.5,-101,-109,45.5,-110,100
2015_14_BUF_PHI,2015,14,102,-113,1,-103,-107,48,-110,100
2015_14_DET_STL,2015,14,-155,140,-3,-105,-105,41.5,-104,-106
2015_14_IND_JAX,2015,14,102,-113,1,-104,-106,45.5,-110,100
2015_14_NO_TB,2015,14,220,-247,6,-102,-108,52,-106,-104
2015_14_PIT_CIN,2015,14,-103,-107,1,-110,100,49,-105,-105
2015_14_SD_KC,2015,14,483,-580,11.5,101,-111,42,-112,102
2015_14_SEA_BAL,2015,14,-430,369,-10.5,107,-118,42,-105,-105
2015_14_SF_CLE,2015,14,119,-131,2.5,-103,-107,43,-105,-105
2015_14_TEN_NYJ,2015,14,297,-340,8,-113,102,43,-104,-106
2015_14_WAS_CHI,2015,14,186,-208,4,-101,-109,42.5,-115,104
2015_14_OAK_DEN,2015,14,235,-265,6,-102,-108,43,-107,-103
2015_14_DAL_GB,2015,14,241,-272,6,100,-110,43,103,-114
2015_14_NE_HOU,2015,14,-202,181,-4,-104,-106,46,-105,-105
2015_14_NYG_MIA,2015,14,-123,111,-2.5,-101,-109,47.5,-105,-105
2015_15_TB_STL,2015,15,-105,-105,1,-113,102,41,-106,-104
2015_15_NYJ_DAL,2015,15,-152,137,-3,-103,-107,41,-113,102
2015_15_ATL_JAX,2015,15,113,-125,2,-103,-107,47.5,-109,-101
2015_15_BUF_WAS,2015,15,-123,111,-2.5,102,-113,46,-106,-104
2015_15_CAR_NYG,2015,15,-208,186,-4.5,-109,-101,46.5,-106,-104
2015_15_CHI_MIN,2015,15,176,-196,4,-105,-105,43.5,-102,-108
2015_15_HOU_IND,2015,15,120,-133,2.5,-105,-105,42,-103,-107
2015_15_KC_BAL,2015,15,-260,231,-6.5,-105,-105,41,-104,-106
2015_15_TEN_NE,2015,15,767,-1000,14.5,-117,106,48,-102,-108
2015_15_CLE_SEA,2015,15,767,-1000,14.5,-105,-105,45,-113,102
2015_15_GB_OAK,2015,15,-202,181,-4,-106,-104,47,-106,-104
2015_15_CIN_SF,2015,15,-297,262,-7,103,-114,41,102,-112
2015_15_DEN_PIT,2015,15,301,-345,7.5,-103,-107,45.5,-102,-108
2015_15_MIA_SD,2015,15,-105,-105,1,-114,103,46.5,-110,100
2015_15_ARI_PHI,2015,15,-173,156,-3.5,104,-115,50.5,-110,100
2015_15_DET_NO,2015,15,112,-124,2.5,-110,100,52,-102,-108
2015_16_SD_OAK,2015,16,181,-202,4,-105,-105,45,100,-110
2015_16_WAS_PHI,2015,16,171,-190,3.5,-101,-109,48,-103,-107
2015_16_CAR_ATL,2015,16,-270,239,-7,102,-113,45.5,-102,-108
2015_16_CHI_TB,2015,16,161,-179,3,111,-123,44,-102,-108
2015_16_CLE_KC,2015,16,461,-550,11.5,-103,-107,42.5,-115,104
2015_16_DAL_BUF,2015,16,231,-260,6.5,-107,-103,42,-110,100
2015_16_HOU_TEN,2015,16,-170,153,-3.5,111,-123,39,-104,-106
2015_16_IND_MIA,2015,16,120,-133,2.5,101,-111,44,-111,101
2015_16_NE_NYJ,2015,16,-134,121,-2.5,-110,100,45.5,100,-110
2015_16_PIT_BAL,2015,16,-550,461,-11,-109,-101,47.5,-113,102
2015_16_SF_DET,2015,16,346,-400,8.5,104,-115,42.5,-109,-101
2015_16_JAX_NO,2015,16,118,-130,2.5,-103,-107,52.5,-107,-103
2015_16_GB_ARI,2015,16,221,-248,6,-102,-108,50,-107,-103
2015_16_STL_SEA,2015,16,480,-575,11,-110,100,42,100,-110
2015_16_NYG_MIN,2015,16,269,-305,7,-110,100,44.5,-110,100
2015_16_CIN_DEN,2015,16,166,-185,3.5,-108,-102,39,-107,-103
2015_17_BAL_CIN,2015,17,330,-380,10,-123,111,40.5,-106,-104
2015_17_DET_CHI,2015,17,-124,112,-2.5,-103,-107,45,-106,-104
2015_17_JAX_HOU,2015,17,197,-220,5,-102,-108,45,100,-110
2015_17_NE_MIA,2015,17,-380,330,-10,104,-115,46.5,-103,-107
2015_17_NO_ATL,2015,17,221,-248,6,-106,-104,53.5,-107,-103
2015_17_NYJ_BUF,2015,17,-145,131,-2.5,-119,108,41,-108,-102
2015_17_PHI_NYG,2015,17,181,-202,4,100,-110,51,-104,-106
2015_17_PIT_CLE,2015,17,-600,498,-13,103,-114,47,104,-115
2015_17_TEN_IND,2015,17,166,-185,3.5,-105,-105,39,-105,-105
2015_17_WAS_DAL,2015,17,151,-167,3,111,-122,41,-105,-105
2015_17_OAK_KC,2015,17,256,-290,6.5,-104,-106,43.5,-102,-108
2015_17_SD_DEN,2015,17,393,-460,10,102,-113,42,-107,-103
2015_17_SEA_ARI,2015,17,209,-234,6,-109,-101,46.5,-105,-105
2015_17_STL_SF,2015,17,-162,146,-3,-115,104,39,-110,100
2015_17_TB_CAR,2015,17,347,-402,10,-118,107,44,-110,100
2015_17_MIN_GB,2015,17,133,-147,3,-115,104,44,-110,100
2015_18_KC_HOU,2015,18,-143,129,-3,109,-120,39.5,-103,-107
2015_18_PIT_CIN,2015,18,-119,108,-2,100,-110,46,-110,100
2015_18_SEA_MIN,2015,18,-214,192,-4,-113,102,40,-113,102
2015_18_GB_WAS,2015,18,114,-126,2,-104,-106,47,-110,100
2015_19_KC_NE,2015,19,231,-260,6,-105,-105,44,-107,-103
2015_19_GB_ARI,2015,19,244,-275,7,-116,105,49,-102,-108
2015_19_SEA_CAR,2015,19,131,-145,2.5,108,-119,41.5,-117,106
2015_19_PIT_DEN,2015,19,256,-290,7,-106,-104,41.5,100,-110
2015_20_NE_DEN,2015,20,-128,116,-2.5,-105,-105,45,-108,-102
2015_20_ARI_CAR,2015,20,154,-174,3.5,-105,-115,47,-110,100
2015_21_CAR_DEN,2015,21,-209,187,-4.5,-110,100,43,-105,-105
2016_01_CAR_DEN,2016,1,-150,136,-3,101,-111,40.5,-110,-100
2016_01_BUF_BAL,2016,1,151,-167,3,105,-116,44.5,-108,-102
2016_01_CHI_HOU,2016,1,210,-235,5.5,-107,-103,43,100,-110
2016_01_CIN_NYJ,2016,1,106,-117,1,-100,-110,42,-105,-105
2016_01_CLE_PHI,2016,1,162,-180,3.5,-105,-105,41,-105,-105
2016_01_GB_JAX,2016,1,-179,161,-3.5,-100,-110,47,-110,-100
2016_01_MIN_TEN,2016,1,-127,115,-2.5,-100,-110,40,-100,-110
2016_01_OAK_NO,2016,1,133,-147,2.5,111,-123,50,-104,-106
2016_01_SD_KC,2016,1,244,-275,6.5,-105,-105,45.5,101,-111
2016_01_TB_ATL,2016,1,120,-133,2.5,-102,-108,46.5,-105,-105
2016_01_MIA_SEA,2016,1,423,-500,10.5,-110,-100,43.5,-118,107
2016_01_DET_IND,2016,1,131,-145,2.5,107,-118,51.5,-103,-107
2016_01_NYG_DAL,2016,1,102,-113,1,-105,-105,47.5,-106,-104
2016_01_NE_ARI,2016,1,330,-380,9,-103,-107,44.5,-110,100
2016_01_PIT_WAS,2016,1,-134,121,-2.5,-110,-100,49,-105,-105
2016_01_LA_SF,2016,1,-126,114,-2.5,-103,-107,44,-106,-104
2016_02_NYJ_BUF,2016,2,113,-125,1.5,-100,-110,40.5,-103,-107
2016_02_BAL_CLE,2016,2,-190,171,-4,102,-113,42,-113,102
2016_02_CIN_PIT,2016,2,146,-162,3,-103,-107,48,105,-116
2016_02_DAL_WAS,2016,2,166,-185,3.5,-108,-102,47,-105,-105
2016_02_KC_HOU,2016,2,-107,-103,-1,-100,-110,41.5,-105,-105
2016_02_MIA_NE,2016,2,205,-230,5.5,-108,-102,42,-107,-103
2016_02_NO_NYG,2016,2,171,-190,3.5,-101,-109,54,-110,-100
2016_02_SF_CAR,2016,2,447,-550,12,-109,-101,44.5,-108,-102
2016_02_TB_ARI,2016,2,289,-330,7.5,-119,108,49.5,-105,-105
2016_02_TEN_DET,2016,2,231,-260,6,-102,-108,48,-100,-110
2016_02_SEA_LA,2016,2,-235,210,-5.5,-103,-107,38,-110,100
2016_02_ATL_OAK,2016,2,175,-195,4,-104,-106,47.5,102,-113
2016_02_IND_DEN,2016,2,200,-224,5,-105,-105,47,-106,-104
2016_02_JAX_SD,2016,2,131,-145,3,-115,104,47.5,-106,-104
2016_02_GB_MIN,2016,2,-119,108,-1.5,-107,-103,43,-105,-105
2016_02_PHI_CHI,2016,2,144,-160,3,-100,-110,42.5,-110,-100
2016_03_HOU_NE,2016,3,106,-117,1,101,-111,38.5,-106,-104
2016_03_ARI_BUF,2016,3,-218,195,-5,-104,-106,48,-100,-110
2016_03_BAL_JAX,2016,3,-115,104,-1,-109,-101,45,-100,-110
2016_03_CLE_MIA,2016,3,361,-420,10,-105,-105,42,-110,100
2016_03_DEN_CIN,2016,3,165,-183,3.5,-109,-101,42,113,-125
2016_03_DET_GB,2016,3,231,-260,6,-102,-108,47.5,-102,-108
2016_03_MIN_CAR,2016,3,231,-260,6,-108,-102,43,-104,-106
2016_03_OAK_TEN,2016,3,-120,109,-1.5,-107,-103,47,-106,-104
2016_03_WAS_NYG,2016,3,157,-174,3.5,-113,102,47,-103,-107
2016_03_LA_TB,2016,3,156,-173,3.5,-103,-107,40.5,-104,-106
2016_03_SF_SEA,2016,3,391,-458,10.5,-109,-101,42,-104,-106
2016_03_NYJ_KC,2016,3,150,-166,3,106,-117,44.5,-108,-102
2016_03_PIT_PHI,2016,3,-190,171,-3.5,-105,-105,46.5,-105,-105
2016_03_SD_IND,2016,3,115,-127,1.5,102,-113,51.5,102,-113
2016_03_CHI_DAL,2016,3,231,-260,6.5,-107,-103,45,-107,-103
2016_03_ATL_NO,2016,3,142,-157,2.5,115,-127,54,-110,-100
2016_04_MIA_CIN,2016,4,297,-340,7.5,-113,102,46,-105,-105
2016_04_IND_JAX,2016,4,-104,-106,1,-113,102,48,-110,-100
2016_04_BUF_NE,2016,4,153,-170,3.5,-115,104,41,-109,-101
2016_04_CAR_ATL,2016,4,-138,125,-2.5,-114,103,48.5,-105,-105
2016_04_CLE_WAS,2016,4,297,-340,7.5,-100,-110,48,-105,-105
2016_04_DET_CHI,2016,4,-177,159,-3,-124,112,48,102,-113
2016_04_OAK_BAL,2016,4,166,-185,3.5,-110,-100,45,104,-115
2016_04_SEA_NYJ,2016,4,-113,102,-1,-105,-105,40,-105,-105
2016_04_TEN_HOU,2016,4,176,-196,4,-105,-105,40,-110,100
2016_04_DEN_TB,2016,4,-173,156,-3.5,102,-113,43,-106,-104
2016_04_DAL_SF,2016,4,-123,111,-1,-116,105,44,102,-113
2016_04_LA_ARI,2016,4,357,-414,10,-114,103,43.5,-111,101
2016_04_NO_SD,2016,4,176,-196,4,-102,-108,54,-105,-105
2016_04_KC_PIT,2016,4,159,-177,3,111,-123,48,-107,-103
2016_04_NYG_MIN,2016,4,175,-195,3.5,102,-113,42.5,-107,-103
2016_05_ARI_SF,2016,5,-188,169,-3.5,-106,-104,42.5,-110,-100
2016_05_CHI_IND,2016,5,181,-202,4,-105,-105,47.5,-110,-100
2016_05_HOU_MIN,2016,5,222,-250,6,-105,-105,39,-110,-100
2016_05_NE_CLE,2016,5,-450,385,-10,-100,-110,47.5,102,-113
2016_05_NYJ_PIT,2016,5,338,-390,10,-123,111,50,-102,-108
2016_05_PHI_DET,2016,5,-185,166,-3.5,-102,-108,46,-110,-100
2016_05_TEN_MIA,2016,5,121,-134,2.5,-102,-108,44.5,-103,-107
2016_05_WAS_BAL,2016,5,175,-195,4,-108,-102,44.5,-106,-104
2016_05_ATL_DEN,2016,5,175,-195,3.5,102,-113,44.5,-110,-100
2016_05_BUF_LA,2016,5,-128,116,-2.5,-105,-105,41.5,-105,-105
2016_05_CIN_DAL,2016,5,-127,115,-2.5,-104,-106,46,-105,-105
2016_05_SD_OAK,2016,5,166,-185,3.5,-101,-109,50.5,-102,-108
2016_05_NYG_GB,2016,5,271,-308,7,-110,-100,49,-110,-100
2016_05_TB_CAR,2016,5,217,-244,6,-107,-103,46.5,-116,105
2016_06_DEN_SD,2016,6,-150,136,-3,-100,-110,44,-105,-105
2016_06_BAL_NYG,2016,6,171,-190,3.5,102,-113,42.5,-102,-108
2016_06_CAR_NO,2016,6,-139,126,-2.5,-117,106,53.5,-113,102
2016_06_CIN_NE,2016,6,293,-335,7.5,-117,106,48.5,-103,-107
2016_06_CLE_TEN,2016,6,285,-325,7.5,-108,-102,45,-108,-102
2016_06_JAX_CHI,2016,6,126,-139,2.5,106,-117,46,-108,-102
2016_06_LA_DET,2016,6,131,-145,2.5,111,-123,44,-110,100
2016_06_PHI_WAS,2016,6,-150,136,-3,-101,-109,45,100,-110
2016_06_PIT_MIA,2016,6,-305,269,-7.5,106,-117,49.5,-105,-105
2016_06_SF_BUF,2016,6,269,-305,7.5,-113,102,44,102,-112
2016_06_KC_OAK,2016,6,-123,111,-1,-115,104,46.5,-117,106
2016_06_ATL_SEA,2016,6,266,-302,7,-107,-103,45.5,-110,100
2016_06_DAL_GB,2016,6,211,-237,5,-102,-108,47,-107,-103
2016_06_IND_HOU,2016,6,144,-160,3,-100,-110,47.5,-110,-100
2016_06_NYJ_ARI,2016,6,305,-350,7.5,-102,-108,46,-104,-106
2016_07_CHI_GB,2016,7,293,-335,7.5,-117,106,46.5,-113,102
2016_07_NYG_LA,2016,7,-145,131,-3,104,-115,44.5,-113,102
2016_07_BAL_NYJ,2016,7,111,-123,2,-103,-107,40.5,-117,106
2016_07_BUF_MIA,2016,7,-134,121,-2.5,-109,-101,46,-112,102
2016_07_CLE_CIN,2016,7,480,-575,11.5,-105,-105,46.5,-110,-100
2016_07_IND_TEN,2016,7,175,-195,4,-104,-106,48.5,-108,-102
2016_07_MIN_PHI,2016,7,-128,116,-2.5,-108,-102,39,-105,-105
2016_07_NO_KC,2016,7,218,-245,6,-107,-103,51,-111,101
2016_07_OAK_JAX,2016,7,111,-123,1.5,-100,-110,47.5,-103,-107
2016_07_WAS_DET,2016,7,-105,-105,-1,101,-111,50,-103,-107
2016_07_SD_ATL,2016,7,186,-208,4.5,-103,-107,52.5,-104,-106
2016_07_TB_SF,2016,7,104,-115,1,-103,-107,45,-104,-106
2016_07_NE_PIT,2016,7,-295,260,-7.5,111,-123,49,-123,111
2016_07_SEA_ARI,2016,7,121,-134,2.5,-100,-110,43,101,-111
2016_07_HOU_DEN,2016,7,334,-385,8.5,-107,-103,40,-115,104
2016_08_JAX_TEN,2016,8,130,-144,3,-118,107,43.5,-103,-107
2016_08_WAS_CIN,2016,8,136,-150,3,-105,-105,49,-113,102
2016_08_ARI_CAR,2016,8,121,-134,2.5,-100,-110,45.5,-104,-106
2016_08_DET_HOU,2016,8,-101,-109,1,-109,-101,46.5,-105,-105
2016_08_KC_IND,2016,8,-139,126,-3,108,-119,50.5,-105,-105
2016_08_NE_BUF,2016,8,-235,210,-5.5,-105,-105,48,-113,102
2016_08_NYJ_CLE,2016,8,-134,121,-2.5,-110,-100,45.5,-103,-107
2016_08_OAK_TB,2016,8,106,-117,1,-100,-110,48,111,-123
2016_08_SEA_NO,2016,8,-105,-105,-1,102,-113,50,-108,-102
2016_08_SD_DEN,2016,8,159,-177,3.5,-113,102,43,-110,100
2016_08_GB_ATL,2016,8,139,-154,3,-106,-104,51,-105,-105
2016_08_PHI_DAL,2016,8,201,-225,5,-102,-108,44,105,-116
2016_08_MIN_CHI,2016,8,-230,205,-5.5,-104,-106,39.5,-107,-103
2016_09_ATL_TB,2016,9,-205,184,-4.5,-103,-107,49,-110,-100
2016_09_DAL_CLE,2016,9,-289,255,-7,-100,-110,49,-102,-108
2016_09_DET_MIN,2016,9,174,-194,4,-110,-100,42.5,-102,-108
2016_09_JAX_KC,2016,9,264,-300,7,-117,106,42.5,-105,-105
2016_09_NYJ_MIA,2016,9,171,-190,3.5,-100,-110,45,-110,-100
2016_09_PHI_NYG,2016,9,135,-149,3,-110,-100,42.5,-119,108
2016_09_PIT_BAL,2016,9,-155,140,-3.5,120,-133,46,-108,-102
2016_09_CAR_LA,2016,9,-140,127,-3,108,-119,44.5,-100,-110
2016_09_NO_SF,2016,9,-212,190,-5,-103,-107,53,102,-112
2016_09_IND_GB,2016,9,297,-340,7.5,-107,-103,52,101,-111
2016_09_TEN_SD,2016,9,161,-179,3.5,-107,-103,47.5,102,-113
2016_09_DEN_OAK,2016,9,-108,-102,1,-115,104,44.5,-107,-103
2016_09_BUF_SEA,2016,9,197,-220,5.5,-110,-100,43.5,-108,-102
2016_10_CLE_BAL,2016,10,301,-345,7.5,-110,-100,44,-110,100
2016_10_ATL_PHI,2016,10,111,-123,2,-105,-105,48.5,-107,-103
2016_10_CHI_TB,2016,10,-145,131,-2.5,-117,106,45,105,-116
2016_10_DEN_NO,2016,10,136,-150,3,-110,-100,50,-105,-105
2016_10_GB_TEN,2016,10,-140,127,-3,106,-117,48.5,-102,-108
2016_10_HOU_JAX,2016,10,141,-156,3,-102,-108,42,-116,105
2016_10_KC_CAR,2016,10,153,-170,3,111,-123,44,-105,-105
2016_10_LA_NYJ,2016,10,-115,104,-1,-108,-102,39,106,-117
2016_10_MIN_WAS,2016,10,131,-145,2.5,106,-117,42,-107,-103
2016_10_MIA_SD,2016,10,178,-198,4,-110,-100,48.5,-105,-105
2016_10_DAL_PIT,2016,10,156,-173,3,111,-123,50.5,-115,104
2016_10_SF_ARI,2016,10,671,-850,14,-105,-105,46.5,-110,-100
2016_10_SEA_NE,2016,10,273,-310,7.5,-113,102,49.5,-105,-105
2016_10_CIN_NYG,2016,10,-113,102,-1,-105,-105,49.5,-108,-102
2016_11_NO_CAR,2016,11,166,-184,3.5,-106,-104,52.5,-110,-100
2016_11_ARI_MIN,2016,11,113,-125,2,-108,-102,39.5,-107,-103
2016_11_BAL_DAL,2016,11,264,-300,7,-102,-108,44.5,-100,-110
2016_11_BUF_CIN,2016,11,123,-136,2.5,-100,-110,48,-107,-103
2016_11_CHI_NYG,2016,11,250,-283,7,-110,-100,41.5,-107,-103
2016_11_JAX_DET,2016,11,205,-230,5.5,-113,102,47,-105,-105
2016_11_PIT_CLE,2016,11,-309,272,-8,108,-119,45.5,-113,102
2016_11_TB_KC,2016,11,256,-290,7,-117,106,45,-105,-105
2016_11_TEN_IND,2016,11,127,-140,3,-123,111,53.5,-108,-102
2016_11_MIA_LA,2016,11,-103,-107,1,-111,101,39,-108,-102
2016_11_NE_SF,2016,11,-500,423,-10.5,-100,-110,51.5,-107,-103
2016_11_PHI_SEA,2016,11,235,-265,6.5,-100,-110,43,-102,-108
2016_11_GB_WAS,2016,11,120,-133,2.5,-100,-110,48.5,-106,-104
2016_11_HOU_OAK,2016,11,225,-253,6.5,-104,-106,45.5,-108,-102
2016_12_MIN_DET,2016,12,108,-119,2,-108,-102,42,-110,100
2016_12_WAS_DAL,2016,12,206,-231,5.5,-105,-105,53,-105,-105
2016_12_PIT_IND,2016,12,-400,346,-8,-101,-109,50,102,-113
2016_12_ARI_ATL,2016,12,168,-187,3.5,-103,-107,49,-105,-105
2016_12_CIN_BAL,2016,12,166,-185,3.5,-105,-105,42,-114,103
2016_12_JAX_BUF,2016,12,305,-350,8.5,-113,102,43.5,102,-113
2016_12_LA_NO,2016,12,289,-330,7.5,-113,102,46,-100,-110
2016_12_NYG_CLE,2016,12,-267,237,-6.5,-105,-105,47,-107,-103
2016_12_SD_HOU,2016,12,-128,116,-2.5,-105,-105,45.5,-105,-105
2016_12_SF_MIA,2016,12,273,-310,7,-105,-105,44.5,-111,101
2016_12_TEN_CHI,2016,12,-250,222,-6.5,-117,106,41.5,-108,-102
2016_12_SEA_TB,2016,12,-220,197,-5,-100,-110,46,-105,-105
2016_12_CAR_OAK,2016,12,148,-164,3.5,-123,111,48.5,106,-117
2016_12_NE_NYJ,2016,12,-420,361,-9,-100,-110,48,-106,-104
2016_12_KC_DEN,2016,12,161,-179,3.5,-113,102,40,100,-110
2016_12_GB_PHI,2016,12,176,-196,4,-105,-105,47,-105,-105
2016_13_DAL_MIN,2016,13,-153,138,-3,-100,-110,43.5,102,-113
2016_13_DEN_JAX,2016,13,-178,160,-3.5,-102,-108,39,-102,-108
2016_13_DET_NO,2016,13,251,-284,6.5,-102,-108,53,-113,102
2016_13_HOU_GB,2016,13,274,-312,7,-106,-104,44.5,-100,-110
2016_13_KC_ATL,2016,13,186,-208,5,-104,-106,50,-107,-103
2016_13_LA_NE,2016,13,604,-750,13,-102,-108,44.5,-102,-108
2016_13_MIA_BAL,2016,13,166,-185,3.5,-113,102,41.5,102,-113
2016_13_PHI_CIN,2016,13,107,-118,1,-100,-110,42,-102,-108
2016_13_SF_CHI,2016,13,-118,107,-0,-113,102,44,-102,-108
2016_13_BUF_OAK,2016,13,136,-150,3,-115,104,48.5,-105,-105
2016_13_NYG_PIT,2016,13,277,-315,7,-105,-105,49.5,-105,-105
2016_13_TB_SD,2016,13,166,-185,3.5,-113,102,49,-101,-109
2016_13_WAS_ARI,2016,13,120,-133,2.5,-101,-109,48.5,-102,-108
2016_13_CAR_SEA,2016,13,334,-385,8.5,104,-115,44,-104,-106
2016_13_IND_NYJ,2016,13,111,-123,1,102,-113,48.5,-113,102
2016_14_OAK_KC,2016,14,179,-199,3.5,103,-114,46,-102,-108
2016_14_ARI_MIA,2016,14,-123,111,-2,-105,-105,44,-105,-105
2016_14_CHI_DET,2016,14,276,-314,7.5,-123,111,42,-108,-102
2016_14_CIN_CLE,2016,14,-188,169,-4,102,-113,42,108,-119
2016_14_DEN_TEN,2016,14,116,-128,2,-100,-110,44,101,-111
2016_14_HOU_IND,2016,14,239,-270,6.5,-107,-103,47.5,-105,-105
2016_14_MIN_JAX,2016,14,-170,153,-3,-120,109,38,-102,-108
2016_14_PIT_BUF,2016,14,-115,104,-1,-108,-102,45.5,-110,100
2016_14_SD_CAR,2016,14,102,-112,1,-105,-105,48.5,-102,-108
2016_14_WAS_PHI,2016,14,-120,109,-1.5,-108,-102,48.5,-105,-105
2016_14_NYJ_SF,2016,14,132,-146,3,-117,106,42.5,-116,105
2016_14_ATL_LA,2016,14,-208,186,-4.5,-100,-110,44,104,-115
2016_14_NO_TB,2016,14,116,-128,2,-100,-110,52,-105,-105
2016_14_SEA_GB,2016,14,-145,131,-3,104,-115,47,-115,104
2016_14_DAL_NYG,2016,14,-185,166,-3.5,-107,-103,47,-110,-100
2016_14_BAL_NE,2016,14,221,-248,6,-110,-100,45.5,-108,-102
2016_15_LA_SEA,2016,15,828,-1100,15,106,-117,39.5,-104,-106
2016_15_MIA_NYJ,2016,15,-145,131,-2.5,-116,105,40,-115,104
2016_15_CLE_BUF,2016,15,397,-465,10.5,-107,-103,43.5,-101,-109
2016_15_DET_NYG,2016,15,176,-196,4,-105,-105,42.5,-100,-110
2016_15_GB_CHI,2016,15,-225,201,-4.5,-115,104,40,-125,113
2016_15_IND_MIN,2016,15,213,-239,5,-102,-108,44.5,-110,-100
2016_15_JAX_HOU,2016,15,166,-185,3.5,-102,-108,39.5,-102,-108
2016_15_PHI_BAL,2016,15,201,-225,5,-105,-105,41,-105,-105
2016_15_PIT_CIN,2016,15,-155,140,-3,-100,-110,45.5,-117,106
2016_15_TEN_KC,2016,15,216,-242,6,-108,-102,43,-103,-107
2016_15_NO_ARI,2016,15,139,-154,3,-105,-105,48.5,-110,-100
2016_15_SF_ATL,2016,15,704,-900,13.5,-100,-110,51.5,-110,-100
2016_15_NE_DEN,2016,15,-150,136,-3,102,-113,43.5,-105,-105
2016_15_OAK_SD,2016,15,-128,116,-2.5,-104,-106,49.5,-109,-101
2016_15_TB_DAL,2016,15,260,-295,7,-113,102,47.5,-116,105
2016_15_CAR_WAS,2016,15,261,-296,7,-109,-101,50.5,-108,-102
2016_16_NYG_PHI,2016,16,114,-126,2,-106,-104,42.5,-100,-110
2016_16_ATL_CAR,2016,16,-150,136,-3,-103,-107,48.5,-115,104
2016_16_MIA_BUF,2016,16,197,-220,4.5,-102,-108,44.5,-103,-107
2016_16_MIN_GB,2016,16,235,-265,6,-105,-105,44.5,-105,-105
2016_16_NYJ_NE,2016,16,1051,-1500,17,-105,-105,45,-100,-110
2016_16_SD_CLE,2016,16,-199,179,-4.5,-103,-107,45,-110,-100
2016_16_TEN_JAX,2016,16,-195,175,-4,-105,-105,44,-105,-105
2016_16_WAS_CHI,2016,16,-155,140,-3,-102,-108,49,-110,-100
2016_16_IND_OAK,2016,16,157,-174,3.5,-108,-102,52,-105,-105
2016_16_ARI_SEA,2016,16,330,-380,9,-113,102,43.5,-105,-105
2016_16_SF_LA,2016,16,225,-253,6,102,-113,39.5,-105,-105
2016_16_TB_NO,2016,16,153,-170,3,106,-117,53,-107,-103
2016_16_CIN_HOU,2016,16,139,-154,3,-110,-100,41.5,104,-115
2016_16_BAL_PIT,2016,16,222,-250,5.5,-103,-107,46.5,-105,-105
2016_16_DEN_KC,2016,16,171,-190,3.5,-102,-108,38.5,-105,-105
2016_16_DET_DAL,2016,16,248,-280,6.5,103,-114,47,-103,-107
2016_17_BAL_CIN,2016,17,-138,125,-2.5,-113,102,40.5,-108,-102
2016_17_BUF_NYJ,2016,17,-190,171,-3.5,-108,-102,43,-106,-104
2016_17_CAR_TB,2016,17,171,-190,3.5,-100,-110,44.5,-110,100
2016_17_CHI_MIN,2016,17,227,-255,6,103,-114,44,-106,-104
2016_17_CLE_PIT,2016,17,171,-190,3.5,-100,-110,41.5,-111,101
2016_17_DAL_PHI,2016,17,218,-245,6.5,-114,103,44,104,-115
2016_17_HOU_TEN,2016,17,148,-164,3,103,-114,41.5,-100,-110
2016_17_JAX_IND,2016,17,222,-250,5.5,-103,-107,48.5,-113,102
2016_17_NE_MIA,2016,17,-372,323,-7.5,-113,102,47,102,-113
2016_17_ARI_LA,2016,17,-285,252,-7,102,-113,39,-110,-100
2016_17_KC_SD,2016,17,-235,210,-5.5,-107,-103,45,-108,-102
2016_17_NO_ATL,2016,17,305,-350,7.5,-107,-103,58.5,-107,-103
2016_17_NYG_WAS,2016,17,369,-430,10,-100,-110,47.5,104,-115
2016_17_OAK_DEN,2016,17,107,-118,1,103,-114,40,-107,-103
2016_17_SEA_SF,2016,17,-500,423,-11.5,102,-113,44.5,-123,111
2016_17_GB_DET,2016,17,-190,171,-3.5,-108,-102,50,-113,102
2016_18_OAK_HOU,2016,18,186,-208,4,-108,-102,37.5,-107,-103
2016_18_DET_SEA,2016,18,338,-390,8,-107,-103,45.5,-113,102
2016_18_MIA_PIT,2016,18,500,-603,11,-105,-105,47.5,-106,-104
2016_18_NYG_GB,2016,18,188,-210,5,-108,-102,46.5,-106,-104
2016_19_SEA_ATL,2016,19,241,-272,6.5,-102,-108,51,102,-113
2016_19_HOU_NE,2016,19,887,-1200,16,-100,-110,44,-110,-100
2016_19_GB_DAL,2016,19,206,-231,5.5,-102,-108,52.5,-105,-105
2016_19_PIT_KC,2016,19,126,-139,2.5,102,-113,45.5,-103,-107
2016_20_GB_ATL,2016,20,221,-248,6.5,-102,-108,59.5,-100,-110
2016_20_PIT_NE,2016,20,195,-218,5.5,-110,-100,49.5,-102,-108
2016_21_NE_ATL,2016,21,-139,126,-3,109,-120,57,-100,-110
2017_01_KC_NE,2017,1,378,-441,8,103,-114,47.5,-102,-108
2017_01_ARI_DET,2017,1,-117,106,-2.5,106,-117,48.5,-110,-100
2017_01_ATL_CHI,2017,1,-277,245,-6.5,-107,-103,48,-103,-107
2017_01_BAL_CIN,2017,1,127,-140,2.5,103,-114,41.5,-106,-104
2017_01_JAX_HOU,2017,1,201,-225,5.5,-105,-105,38,-102,-108
2017_01_NYJ_BUF,2017,1,297,-340,7,111,-123,42,-106,-104
2017_01_OAK_TEN,2017,1,121,-134,2.5,102,-113,49.5,-111,101
2017_01_PHI_WAS,2017,1,-125,113,-2,-105,-105,49.5,-100,-110
2017_01_PIT_CLE,2017,1,-450,385,-10,-102,-108,47,-110,-100
2017_01_IND_LA,2017,1,166,-185,3.5,-102,-108,41.5,-102,-108
2017_01_CAR_SF,2017,1,-225,201,-4.5,-107,-103,45.5,103,-114
2017_01_SEA_GB,2017,1,121,-134,2.5,-100,-110,49.5,-105,-105
2017_01_NYG_DAL,2017,1,221,-248,6,-105,-105,46.5,103,-114
2017_01_NO_MIN,2017,1,155,-172,3,105,-116,47.5,-100,-110
2017_01_LAC_DEN,2017,1,131,-145,3,-115,104,41.5,102,-113
2017_02_HOU_CIN,2017,2,211,-236,5.5,-105,-105,38,-110,-100
2017_02_ARI_IND,2017,2,-285,252,-7,106,-117,44,111,-122
2017_02_BUF_CAR,2017,2,248,-280,6.5,-104,-106,43,-107,-103
2017_02_CHI_TB,2017,2,270,-307,7,-100,-110,44,-110,-100
2017_02_CLE_BAL,2017,2,281,-320,7.5,-115,104,39.5,-100,-110
2017_02_MIN_PIT,2017,2,330,-380,8.5,-104,-106,43,-117,106
2017_02_NE_NO,2017,2,-220,197,-5.5,103,-114,55,102,-113
2017_02_PHI_KC,2017,2,179,-199,4,-105,-105,46.5,-108,-102
2017_02_TEN_JAX,2017,2,-113,102,-1,-106,-104,42,105,-116
2017_02_MIA_LAC,2017,2,166,-185,3.5,-105,-105,46.5,-110,-100
2017_02_NYJ_OAK,2017,2,671,-850,14,-100,-110,44,-110,-100
2017_02_DAL_DEN,2017,2,-128,116,-2.5,-100,-110,44,102,-112
2017_02_SF_SEA,2017,2,638,-800,13.5,-110,-100,42,106,-117
2017_02_WAS_LA,2017,2,136,-150,3,-106,-104,45.5,-105,-105
2017_02_GB_ATL,2017,2,159,-177,3.5,-110,-100,55,102,-113
2017_02_DET_NYG,2017,2,151,-167,3,107,-118,42,-106,-104
2017_03_LA_SF,2017,3,-140,127,-3,106,-117,40.5,-109,-101
2017_03_ATL_DET,2017,3,-167,151,-3,-116,105,51,-105,-105
2017_03_CLE_IND,2017,3,105,-116,1,-100,-110,42,-103,-107
2017_03_DEN_BUF,2017,3,-180,162,-3.5,-102,-108,40,104,-115
2017_03_HOU_NE,2017,3,761,-990,13.5,-110,100,44.5,103,-114
2017_03_MIA_NYJ,2017,3,-224,200,-5.5,-103,-107,43,-102,-108
2017_03_NO_CAR,2017,3,216,-242,5.5,-100,-110,46.5,-107,-103
2017_03_NYG_PHI,2017,3,205,-230,5,-104,-106,42,-107,-103
2017_03_PIT_CHI,2017,3,-300,264,-7,106,-117,43.5,-105,-105
2017_03_TB_MIN,2017,3,-104,-106,-0,-100,-110,41,100,-110
2017_03_SEA_TEN,2017,3,118,-130,2,105,-116,42,-106,-104
2017_03_CIN_GB,2017,3,293,-335,7,-104,-106,47.5,-111,101
2017_03_KC_LAC,2017,3,-145,131,-3,107,-118,47.5,-104,-106
2017_03_OAK_WAS,2017,3,-185,166,-3.5,-103,-107,53,-100,-110
2017_03_BAL_JAX,2017,3,-162,146,-3,-110,-100,38,-110,-100
2017_03_DAL_ARI,2017,3,-151,137,-3,104,-115,46.5,-100,-110
2017_04_CHI_GB,2017,4,,,7.5,,,44,,
2017_04_BUF_ATL,2017,4,330,-380,8,-105,-105,48,-110,-100
2017_04_CAR_NE,2017,4,385,-450,9,-110,-100,48,-110,-100
2017_04_CIN_CLE,2017,4,-164,148,-3,-115,104,41.5,-107,-103
2017_04_DET_MIN,2017,4,140,-155,2.5,115,-127,43,-110,-100
2017_04_JAX_NYJ,2017,4,-195,175,-4,-100,-110,38.5,-107,-103
2017_04_LA_DAL,2017,4,211,-237,5,-105,-105,51,-105,-105
2017_04_PIT_BAL,2017,4,-185,166,-3.5,100,-110,42,-105,-105
2017_04_TEN_HOU,2017,4,-139,126,-2.5,-113,102,43,-103,-107
2017_04_NYG_TB,2017,4,126,-139,2.5,-103,-107,46,-108,-102
2017_04_PHI_LAC,2017,4,106,-117,1.5,-105,-105,48,-101,-109
2017_04_SF_ARI,2017,4,235,-265,6.5,-104,-106,43,-109,-101
2017_04_OAK_DEN,2017,4,166,-185,3.5,-102,-108,44,102,-113
2017_04_IND_SEA,2017,4,604,-750,12.5,-110,-100,41.5,-109,-101
2017_04_NO_MIA,2017,4,-196,176,-4,-106,-104,51.5,-110,100
2017_04_WAS_KC,2017,4,239,-269,6.5,-110,-100,48,104,-115
2017_05_NE_TB,2017,5,-180,162,-3.5,-100,-110,54.5,-103,-107
2017_05_ARI_PHI,2017,5,226,-254,6,100,-110,45,104,-115
2017_05_BUF_CIN,2017,5,136,-150,3,-108,-102,39,-110,-100
2017_05_CAR_DET,2017,5,118,-130,2,-105,-105,42,-102,-108
2017_05_JAX_PIT,2017,5,289,-330,7.5,-123,111,41,-118,107
2017_05_LAC_NYG,2017,5,144,-160,3,-104,-106,45.5,-102,-108
2017_05_NYJ_CLE,2017,5,-122,111,-1.5,-107,-103,41.5,-105,-105
2017_05_SF_IND,2017,5,-104,-106,-1,102,-113,43.5,-103,-107
2017_05_TEN_MIA,2017,5,102,-113,-0,-100,-110,41.5,-109,-101
2017_05_BAL_OAK,2017,5,140,-155,3,-105,-105,40.5,-110,-100
2017_05_SEA_LA,2017,5,120,-133,2,102,-113,46.5,-101,-109
2017_05_GB_DAL,2017,5,126,-139,2.5,104,-115,52,-113,102
2017_05_KC_HOU,2017,5,-128,116,-2,-109,-101,45,102,-113
2017_05_MIN_CHI,2017,5,-177,159,-3.5,103,-114,41,-102,-108
2017_06_PHI_CAR,2017,6,134,-148,3,-113,102,44,106,-117
2017_06_CHI_BAL,2017,6,201,-225,5.5,-109,-101,39.5,-113,102
2017_06_CLE_HOU,2017,6,277,-315,7.5,-113,102,46,-103,-107
2017_06_DET_NO,2017,6,205,-230,6,-115,104,50.5,-101,-109
2017_06_GB_MIN,2017,6,-150,136,-3,102,-113,46,-110,-100
2017_06_MIA_ATL,2017,6,638,-800,14,-110,100,46,-110,-100
2017_06_NE_NYJ,2017,6,-400,346,-9,-105,-105,48.5,-107,-103
2017_06_SF_WAS,2017,6,408,-480,12,-119,108,46,-105,-105
2017_06_LA_JAX,2017,6,104,-115,1,-102,-108,42,-100,-110
2017_06_TB_ARI,2017,6,-134,121,-2.5,-115,104,46.5,-105,-105
2017_06_LAC_OAK,2017,6,140,-155,3,-104,-106,48.5,106,-117
2017_06_PIT_KC,2017,6,153,-170,3.5,-123,111,46.5,-105,-105
2017_06_NYG_DEN,2017,6,569,-700,14,-113,102,37.5,104,-115
2017_06_IND_TEN,2017,6,250,-283,7,-109,-101,46,102,-113
2017_07_KC_OAK,2017,7,-155,140,-3,-106,-104,46.5,102,-113
2017_07_ARI_LA,2017,7,148,-164,3,106,-117,45.5,-103,-107
2017_07_BAL_MIN,2017,7,197,-220,5,-104,-106,37.5,-108,-102
2017_07_CAR_CHI,2017,7,-139,126,-2.5,-114,103,39.5,-100,-110
2017_07_JAX_IND,2017,7,-156,141,-3,-110,-100,41,-110,-100
2017_07_NO_GB,2017,7,-190,171,-3.5,-113,102,45.5,-104,-106
2017_07_NYJ_MIA,2017,7,144,-160,3,-104,-106,40,-102,-108
2017_07_TB_BUF,2017,7,150,-166,3,105,-116,46.5,-108,-102
2017_07_TEN_CLE,2017,7,-230,205,-5.5,-105,-105,42.5,-102,-108
2017_07_DAL_SF,2017,7,-265,235,-6.5,-103,-107,48,-103,-107
2017_07_CIN_PIT,2017,7,179,-199,4,-100,-110,40,-110,100
2017_07_DEN_LAC,2017,7,-105,-105,-1,-100,-110,41,-109,-101
2017_07_SEA_NYG,2017,7,-208,186,-4,-110,-100,39,-102,-108
2017_07_ATL_NE,2017,7,136,-150,3,-115,104,56.5,-101,-109
2017_07_WAS_PHI,2017,7,201,-225,5,-107,-103,48.5,100,-110
2017_08_MIA_BAL,2017,8,141,-156,3,-103,-107,38,-104,-106
2017_08_ATL_NYJ,2017,8,-280,248,-6.5,-113,102,43.5,-119,108
2017_08_CAR_TB,2017,8,111,-123,1.5,-100,-110,46,102,-113
2017_08_CHI_NO,2017,8,305,-350,7.5,-104,-106,46,100,-110
2017_08_IND_CIN,2017,8,423,-500,11,-110,-100,44,100,-110
2017_08_LAC_NE,2017,8,241,-272,6.5,-100,-110,49.5,-105,-105
2017_08_OAK_BUF,2017,8,116,-128,2.5,-104,-106,47,-106,-104
2017_08_SF_PHI,2017,8,604,-750,13,-100,-110,45,-101,-109
2017_08_HOU_SEA,2017,8,222,-250,6,-108,-102,45,-105,-105
2017_08_DAL_WAS,2017,8,-167,151,-3,-115,104,46.5,-113,102
2017_08_PIT_DET,2017,8,-170,153,-3,-120,109,44.5,-110,-100
2017_08_MIN_CLE,2017,8,-480,408,-11,-108,-102,38.5,-113,102
2017_08_DEN_KC,2017,8,273,-310,7,-107,-103,42,102,-113
2017_09_BUF_NYJ,2017,9,-175,158,-3,-124,112,42,-108,-102
2017_09_ATL_CAR,2017,9,-148,134,-3,104,-115,42,102,-113
2017_09_BAL_TEN,2017,9,155,-172,3,107,-118,41,102,-113
2017_09_CIN_JAX,2017,9,205,-230,6,-110,-100,38,-107,-103
2017_09_DEN_PHI,2017,9,264,-300,7,-114,103,41,-102,-108
2017_09_IND_HOU,2017,9,225,-253,6,-100,-110,45,-103,-107
2017_09_LA_NYG,2017,9,-247,220,-5.5,-113,102,42.5,-102,-108
2017_09_TB_NO,2017,9,264,-300,7,-109,-101,54,-110,-100
2017_09_ARI_SF,2017,9,-130,118,-2.5,-102,-108,39,-104,-106
2017_09_WAS_SEA,2017,9,338,-390,8,-105,-105,44.5,-103,-107
2017_09_KC_DAL,2017,9,116,-128,2,-103,-107,53,-106,-104
2017_09_OAK_MIA,2017,9,-155,140,-3,-110,100,44.5,-100,-110
2017_09_DET_GB,2017,9,-130,118,-2.5,-108,-102,42.5,-110,-100
2017_10_SEA_ARI,2017,10,-245,218,-6,-101,-109,40,-109,-101
2017_10_CIN_TEN,2017,10,197,-220,4.5,-100,-110,40.5,-111,101
2017_10_CLE_DET,2017,10,385,-450,10.5,-119,108,42.5,-108,-102
2017_10_GB_CHI,2017,10,201,-225,4.5,104,-115,37.5,-104,-106
2017_10_LAC_JAX,2017,10,197,-220,5,-102,-108,40.5,-110,-100
2017_10_MIN_WAS,2017,10,-104,-106,-1,103,-114,43,-107,-103
2017_10_NO_BUF,2017,10,-128,116,-2,-107,-103,48.5,101,-111
2017_10_NYJ_TB,2017,10,113,-125,1,106,-117,44.5,-106,-104
2017_10_PIT_IND,2017,10,-470,400,-10.5,-110,-100,47,-104,-106
2017_10_HOU_LA,2017,10,534,-650,12,-101,-109,45,-102,-108
2017_10_DAL_ATL,2017,10,166,-185,3.5,-105,-105,49,-101,-109
2017_10_NYG_SF,2017,10,-162,146,-3,-113,102,41.5,106,-117
2017_10_NE_DEN,2017,10,-277,245,-7,111,-123,45,106,-117
2017_10_MIA_CAR,2017,10,318,-365,8,-110,-100,38.5,-103,-107
2017_11_TEN_PIT,2017,11,277,-315,7,-113,102,44.5,-100,-110
2017_11_ARI_HOU,2017,11,118,-130,2.5,-107,-103,38,-103,-107
2017_11_BAL_GB,2017,11,-134,121,-2.5,-108,-102,38.5,-103,-107
2017_11_DET_CHI,2017,11,-155,140,-3,-103,-107,41,-101,-109
2017_11_JAX_CLE,2017,11,-310,273,-7.5,102,-113,37,-102,-108
2017_11_KC_NYG,2017,11,-390,338,-10,108,-119,44.5,-105,-105
2017_11_LA_MIN,2017,11,106,-117,1,-103,-107,46,-113,102
2017_11_TB_MIA,2017,11,-119,108,-1,-113,102,44,100,-110
2017_11_WAS_NO,2017,11,314,-360,9.5,-113,102,52.5,-105,-105
2017_11_BUF_LAC,2017,11,264,-300,7,-109,-101,41.5,100,-110
2017_11_CIN_DEN,2017,11,140,-155,2.5,116,-128,37.5,-103,-107
2017_11_NE_OAK,2017,11,-290,256,-7,-101,-109,55,-108,-102
2017_11_PHI_DAL,2017,11,-233,208,-6,-100,-110,48,-101,-109
2017_11_ATL_SEA,2017,11,103,-114,1,-104,-106,46,-108,-102
2017_12_MIN_DET,2017,12,-135,122,-2.5,-110,100,46,-103,-107
2017_12_LAC_DAL,2017,12,-117,106,-1,-110,-100,46.5,-106,-104
2017_12_NYG_WAS,2017,12,273,-310,7,-102,-108,44,-102,-108
2017_12_BUF_KC,2017,12,305,-350,8.5,-115,104,47.5,-110,-100
2017_12_CAR_NYJ,2017,12,-242,216,-5.5,-110,-100,39.5,-101,-109
2017_12_CHI_PHI,2017,12,604,-750,14,-123,111,43.5,103,-114
2017_12_CLE_CIN,2017,12,277,-315,7.5,-113,102,39,-110,100
2017_12_MIA_NE,2017,12,894,-1300,17,-125,113,49,-108,-102
2017_12_TB_ATL,2017,12,400,-470,10.5,-117,106,47,-115,104
2017_12_TEN_IND,2017,12,-174,157,-3,-123,111,46.5,102,-113
2017_12_SEA_SF,2017,12,-285,252,-7,106,-117,45,-107,-103
2017_12_DEN_OAK,2017,12,186,-208,3.5,101,-111,41,-106,-104
2017_12_JAX_ARI,2017,12,-260,231,-6.5,100,-110,37.5,108,-119
2017_12_NO_LA,2017,12,131,-145,2.5,107,-118,54,-103,-107
2017_12_GB_PIT,2017,12,704,-900,14,-104,-106,43,-101,-109
2017_12_HOU_BAL,2017,12,311,-357,7.5,-103,-107,39.5,-102,-108
2017_13_WAS_DAL,2017,13,-119,108,-1.5,-107,-103,47,103,-114
2017_13_DEN_MIA,2017,13,-117,106,-1,-110,100,41,-105,-105
2017_13_DET_BAL,2017,13,117,-129,2.5,-106,-104,43,-100,-110
2017_13_HOU_TEN,2017,13,252,-285,7,-108,-102,42.5,-104,-106
2017_13_IND_JAX,2017,13,377,-440,10,-114,103,41,-104,-106
2017_13_KC_NYJ,2017,13,-190,171,-3.5,-108,-102,44,-105,-105
2017_13_MIN_ATL,2017,13,110,-121,2,-110,100,48.5,-102,-108
2017_13_NE_BUF,2017,13,-325,285,-7.5,104,-115,48.5,-112,102
2017_13_SF_CHI,2017,13,125,-138,2.5,103,-114,42,-107,-103
2017_13_TB_GB,2017,13,146,-162,3,104,-115,45,-115,104
2017_13_CLE_LAC,2017,13,607,-754,13.5,-117,106,45,111,-123
2017_13_CAR_NO,2017,13,221,-248,5.5,-102,-108,48,101,-111
2017_13_LA_ARI,2017,13,-310,273,-7.5,106,-117,43,101,-111
2017_13_NYG_OAK,2017,13,385,-450,10,-107,-103,43,100,-110
2017_13_PHI_SEA,2017,13,-190,171,-3.5,-110,-100,46.5,-104,-106
2017_13_PIT_CIN,2017,13,-213,191,-4.5,-102,-108,42.5,-105,-105
2017_14_NO_ATL,2017,14,121,-134,2.5,-105,-105,51.5,-108,-102
2017_14_CHI_CIN,2017,14,231,-260,6,-101,-109,40.5,104,-115
2017_14_DAL_NYG,2017,14,-195,175,-4,-101,-109,42,-107,-103
2017_14_DET_TB,2017,14,-123,111,-0,-102,-108,47.5,-117,106
2017_14_GB_CLE,2017,14,-133,120,-2.5,-106,-104,38.5,-110,-100
2017_14_IND_BUF,2017,14,162,-180,3.5,-115,104,36.5,-113,102
2017_14_MIN_CAR,2017,14,-128,116,-2.5,-102,-108,40.5,-102,-108
2017_14_OAK_KC,2017,14,187,-209,4.5,-113,102,48.5,-105,-105
2017_14_SF_HOU,2017,14,111,-123,1,104,-115,45.5,-101,-109
2017_14_NYJ_DEN,2017,14,-104,-106,-1,101,-111,40.5,-107,-103
2017_14_TEN_ARI,2017,14,-143,129,-2.5,-115,104,42,-103,-107
2017_14_WAS_LAC,2017,14,235,-265,6,-102,-108,46.5,-104,-106
2017_14_PHI_LA,2017,14,-115,104,-1,-108,-102,47.5,-106,-104
2017_14_SEA_JAX,2017,14,129,-143,3,-125,113,41,-100,-110
2017_14_BAL_PIT,2017,14,217,-244,6,-110,-100,43,-105,-105
2017_14_NE_MIA,2017,14,-485,412,-10,-104,-106,48,-105,-105
2017_15_DEN_IND,2017,15,-145,131,-3,104,-115,40.5,-108,-102
2017_15_CHI_DET,2017,15,211,-236,5,-101,-109,43.5,-104,-106
2017_15_LAC_KC,2017,15,102,-113,1,-104,-106,47,-113,102
2017_15_ARI_WAS,2017,15,181,-202,4,-100,-110,40,-102,-108
2017_15_BAL_CLE,2017,15,-260,231,-6.5,-102,-108,42,-113,102
2017_15_CIN_MIN,2017,15,534,-650,12.5,-100,-110,42.5,-115,104
2017_15_GB_CAR,2017,15,136,-150,3,-110,-100,46.5,-103,-107
2017_15_HOU_JAX,2017,15,385,-450,10.5,-113,102,39,-108,-102
2017_15_MIA_BUF,2017,15,166,-185,3.5,-107,-103,39.5,-115,104
2017_15_NYJ_NO,2017,15,789,-1100,16.5,-113,102,47,-103,-107
2017_15_PHI_NYG,2017,15,-300,264,-7.5,108,-119,40.5,-107,-103
2017_15_LA_SEA,2017,15,-105,-105,-1,-100,-110,47.5,-110,100
2017_15_NE_PIT,2017,15,-139,126,-2.5,-113,102,53,-115,104
2017_15_TEN_SF,2017,15,111,-123,2.5,-113,102,44.5,-102,-108
2017_15_DAL_OAK,2017,15,-143,129,-3,104,-115,46,-102,-108
2017_15_ATL_TB,2017,15,-320,281,-7,-105,-105,49.5,-101,-109
2017_16_IND_BAL,2017,16,638,-800,13.5,-108,-102,41,-100,-110
2017_16_MIN_GB,2017,16,-400,346,-8.5,-100,-110,41,-106,-104
2017_16_ATL_NO,2017,16,216,-242,5.5,-102,-108,52,-103,-107
2017_16_BUF_NE,2017,16,431,-510,11,-103,-107,47.5,-112,102
2017_16_CLE_CHI,2017,16,205,-230,5.5,-104,-106,37,-100,-110
2017_16_DEN_WAS,2017,16,144,-160,3,100,-110,39.5,103,-114
2017_16_DET_CIN,2017,16,-154,139,-3,-104,-106,43.5,-105,-105
2017_16_LAC_NYJ,2017,16,-300,264,-7.5,106,-117,42.5,-103,-107
2017_16_LA_TEN,2017,16,-230,205,-5.5,-105,-105,46,-105,-105
2017_16_MIA_KC,2017,16,431,-510,11,-110,-100,43.5,-103,-107
2017_16_TB_CAR,2017,16,385,-450,10,-108,-102,46.5,-115,104
2017_16_JAX_SF,2017,16,-208,186,-4,-102,-108,43,-104,-106
2017_16_NYG_ARI,2017,16,156,-173,3,105,-116,39,-106,-104
2017_16_SEA_DAL,2017,16,191,-213,4.5,-105,-105,47,-117,106
2017_16_PIT_HOU,2017,16,-400,346,-8,-103,-107,45.5,-104,-106
2017_16_OAK_PHI,2017,16,361,-420,10,-107,-103,46,-103,-107
2017_17_CHI_MIN,2017,17,581,-750,13.5,-123,111,38,-100,-110
2017_17_CLE_PIT,2017,17,184,-210,5,-113,102,38.5,111,-123
2017_17_DAL_PHI,2017,17,-200,176,-3.5,-113,102,41,-101,-109
2017_17_GB_DET,2017,17,277,-315,7.5,-114,103,45,-105,-105
2017_17_HOU_IND,2017,17,201,-230,5.5,-108,-102,42,-102,-108
2017_17_NYJ_NE,2017,17,851,-1400,17,-120,109,43.5,-117,106
2017_17_WAS_NYG,2017,17,-230,201,-5,-113,102,41,-108,-102
2017_17_ARI_SEA,2017,17,325,-374,8,-111,101,38,-110,100
2017_17_BUF_MIA,2017,17,-130,118,-2.5,-102,-108,41.5,102,-113
2017_17_CAR_ATL,2017,17,211,-236,5,-100,-110,44.5,-100,-110
2017_17_CIN_BAL,2017,17,322,-370,8,-113,102,40,-104,-106
2017_17_JAX_TEN,2017,17,125,-138,2.5,102,-113,40,-104,-106
2017_17_KC_DEN,2017,17,154,-174,3,102,-112,37.5,-105,-105
2017_17_NO_TB,2017,17,-250,222,-6,-102,-108,49,-123,111
2017_17_OAK_LAC,2017,17,269,-305,7,-115,104,43,-115,104
2017_17_SF_LA,2017,17,-278,241,-6.5,-113,102,44.5,100,-110
2017_18_TEN_KC,2017,18,369,-430,8.5,-105,-105,44,-104,-106
2017_18_ATL_LA,2017,18,222,-250,6.5,-113,102,48,-110,-100
2017_18_BUF_JAX,2017,18,346,-400,8.5,-100,-110,39.5,-110,-100
2017_18_CAR_NO,2017,18,235,-265,6.5,-103,-107,47.5,-100,-110
2017_19_ATL_PHI,2017,19,-133,120,-2.5,-107,-103,40,-110,-100
2017_19_TEN_NE,2017,19,607,-790,13.5,-100,-110,48,-102,-108
2017_19_JAX_PIT,2017,19,248,-280,7,-117,106,40.5,-107,-103
2017_19_NO_MIN,2017,19,205,-230,5.5,-102,-108,47,-102,-108
2017_20_JAX_NE,2017,20,289,-330,7.5,-107,-103,46,102,-113
2017_20_MIN_PHI,2017,20,-147,133,-3,104,-115,39,-106,-104
2017_21_PHI_NE,2017,21,181,-202,4.5,-114,103,48.5,-105,-105
2018_01_ATL_PHI,2018,1,-104,-106,1,-111,101,44.5,-101,-109
2018_01_BUF_BAL,2018,1,309,-355,7.5,-106,-104,39,109,-120
2018_01_CIN_IND,2018,1,-105,-105,-1,102,-113,47.5,100,-110
2018_01_HOU_NE,2018,1,214,-240,6,-105,-105,49.5,108,-119
2018_01_JAX_NYG,2018,1,-141,127,-2.5,-117,106,43,103,-114
2018_01_PIT_CLE,2018,1,-173,156,-3.5,105,-116,41,-102,-108
2018_01_SF_MIN,2018,1,238,-268,6,-102,-108,46.5,-106,-104
2018_01_TB_NO,2018,1,385,-450,10,-108,-102,50,102,-113
2018_01_TEN_MIA,2018,1,-115,104,-1,-107,-103,43.5,-101,-109
2018_01_KC_LAC,2018,1,166,-185,3.5,-104,-106,48,-105,-105
2018_01_DAL_CAR,2018,1,134,-149,2.5,110,-121,42.5,105,-116
2018_01_SEA_DEN,2018,1,157,-175,3,109,-120,42.5,-104,-106
2018_01_WAS_ARI,2018,1,117,-129,2,-104,-106,43.5,-112,102
2018_01_CHI_GB,2018,1,240,-271,6.5,-110,-100,45,102,-113
2018_01_NYJ_DET,2018,1,297,-339,7,103,-114,44,-105,-105
2018_01_LA_OAK,2018,1,-238,212,-6,-104,-106,47.5,-102,-108
2018_02_BAL_CIN,2018,2,104,-115,1,-101,-109,43,-107,-103
2018_02_CAR_ATL,2018,2,214,-240,5.5,-102,-108,44,-102,-108
2018_02_CLE_NO,2018,2,351,-407,10,-108,-102,51,-105,-105
2018_02_HOU_TEN,2018,2,-176,159,-3.5,103,-114,41,-110,-100
2018_02_IND_WAS,2018,2,213,-239,6,-108,-102,48,-110,-100
2018_02_KC_PIT,2018,2,179,-199,4.5,-108,-102,52,-114,103
2018_02_LAC_BUF,2018,2,-296,261,-7.5,104,-115,41.5,-108,-102
2018_02_MIA_NYJ,2018,2,153,-170,3,103,-114,43,-104,-106
2018_02_MIN_GB,2018,2,-121,110,-2,100,-110,45,-110,-100
2018_02_PHI_TB,2018,2,-142,129,-3,106,-117,46.5,100,-110
2018_02_ARI_LA,2018,2,621,-775,13.5,-110,-100,43.5,-109,-101
2018_02_DET_SF,2018,2,210,-235,6,-111,101,48.5,-105,-105
2018_02_NE_JAX,2018,2,-133,120,-2,-110,-100,44.5,-104,-106
2018_02_OAK_DEN,2018,2,207,-231,5.5,-104,-106,44.5,-105,-105
2018_02_NYG_DAL,2018,2,138,-152,3,-108,-102,42,104,-115
2018_02_SEA_CHI,2018,2,206,-231,5,-102,-108,42.5,-105,-105
2018_03_NYJ_CLE,2018,3,153,-170,3,103,-115,41,-104,-106
2018_03_BUF_MIN,2018,3,803,-1200,16.5,-108,-103,41,-106,-104
2018_03_CIN_CAR,2018,3,128,-142,2.5,106,-118,44,-105,-105
2018_03_DEN_BAL,2018,3,201,-225,5.5,-106,-104,46,-108,-103
2018_03_GB_WAS,2018,3,-135,122,-2.5,-110,-101,46.5,-122,109
2018_03_IND_PHI,2018,3,243,-274,6.5,-103,-108,45.5,103,-115
2018_03_NO_ATL,2018,3,113,-125,1.5,-101,-110,54,-104,-106
2018_03_NYG_HOU,2018,3,230,-259,6.5,-109,-102,44,-114,102
2018_03_OAK_MIA,2018,3,125,-138,3,-125,111,46,-103,-107
2018_03_SF_KC,2018,3,222,-250,6,-103,-108,53,-105,-105
2018_03_TEN_JAX,2018,3,357,-415,10,-111,100,39,-102,-109
2018_03_LAC_LA,2018,3,254,-288,7.5,-125,111,49,-110,-101
2018_03_CHI_ARI,2018,3,-252,224,-6,-100,-111,39,-105,-105
2018_03_DAL_SEA,2018,3,106,-117,1,-103,-108,40,-103,-108
2018_03_NE_DET,2018,3,-306,269,-7,107,-120,55.5,-101,-110
2018_03_PIT_TB,2018,3,106,-117,1,101,-112,55,-105,-105
2018_04_MIN_LA,2018,4,282,-321,7.5,-116,104,48.5,-105,-105
2018_04_BUF_GB,2018,4,317,-365,8.5,-103,-108,44,-105,-105
2018_04_CIN_ATL,2018,4,161,-179,3.5,-114,102,52,-103,-108
2018_04_DET_DAL,2018,4,127,-140,2.5,102,-113,44,-104,-106
2018_04_HOU_IND,2018,4,-115,104,-1,-107,-103,48,-109,-102
2018_04_MIA_NE,2018,4,247,-279,6.5,-103,-108,50.5,-105,-105
2018_04_NYJ_JAX,2018,4,293,-335,7.5,-121,108,40.5,-107,-103
2018_04_PHI_TEN,2018,4,-146,132,-3,103,-115,41.5,-102,-109
2018_04_TB_CHI,2018,4,126,-140,3,-127,113,46,-101,-110
2018_04_CLE_OAK,2018,4,122,-135,2.5,100,-111,44.5,-102,-109
2018_04_SEA_ARI,2018,4,-192,173,-3.5,-111,100,40,-103,-108
2018_04_NO_NYG,2018,4,-170,153,-3.5,109,-122,51.5,-108,-103
2018_04_SF_LAC,2018,4,368,-428,10,-118,106,46,-112,101
2018_04_BAL_PIT,2018,4,153,-170,3,103,-115,51,-108,-103
2018_04_KC_DEN,2018,4,-176,159,-3.5,102,-113,53.5,109,-122
2018_05_IND_NE,2018,5,452,-537,10.5,-110,-101,49.5,-109,-102
2018_05_ATL_PIT,2018,5,162,-180,3.5,-108,-103,57,-110,-101
2018_05_BAL_CLE,2018,5,-171,154,-3,-119,106,44.5,-103,-108
2018_05_DEN_NYJ,2018,5,-106,-104,-1,-101,-110,42,-103,-108
2018_05_GB_DET,2018,5,114,-125,1,105,-117,50,-108,-103
2018_05_JAX_KC,2018,5,131,-144,3,-115,103,48,-103,-108
2018_05_MIA_CIN,2018,5,227,-255,6,-107,-103,47.5,-114,102
2018_05_NYG_CAR,2018,5,234,-264,7,-125,111,43.5,-102,-109
2018_05_TEN_BUF,2018,5,-269,238,-6,-112,101,38,106,-119
2018_05_OAK_LAC,2018,5,205,-230,5.5,-105,-105,52,102,-114
2018_05_ARI_SF,2018,5,146,-161,3,-103,-108,40.5,106,-118
2018_05_LA_SEA,2018,5,-315,277,-7.5,102,-113,50.5,-102,-109
2018_05_MIN_PHI,2018,5,162,-180,3.5,-106,-104,48,-114,102
2018_05_DAL_HOU,2018,5,156,-173,3.5,-114,102,45,-111,100
2018_05_WAS_NO,2018,5,222,-250,5.5,-103,-108,51.5,-103,-108
2018_06_PHI_NYG,2018,6,-126,114,-1.5,-111,-100,45.5,-102,-109
2018_06_ARI_MIN,2018,6,350,-405,10,-126,112,43.5,-105,-105
2018_06_BUF_HOU,2018,6,376,-439,10.5,-119,106,40.5,-101,-110
2018_06_CAR_WAS,2018,6,-115,104,-1,-109,-102,44.5,-103,-108
2018_06_CHI_MIA,2018,6,-287,254,-7.5,110,-123,40.5,-109,-102
2018_06_IND_NYJ,2018,6,131,-145,2.5,106,-119,47.5,-112,101
2018_06_LAC_CLE,2018,6,-105,-105,1,-112,101,47,-106,-104
2018_06_PIT_CIN,2018,6,103,-113,1,-103,-108,49.5,-108,-103
2018_06_SEA_OAK,2018,6,-152,137,-3,-101,-110,47.5,100,-111
2018_06_TB_ATL,2018,6,144,-159,3,-103,-107,57.5,-108,-103
2018_06_LA_DEN,2018,6,-300,264,-7,-103,-108,50,-111,100
2018_06_BAL_TEN,2018,6,-137,124,-2.5,-108,-103,43.5,-103,-107
2018_06_JAX_DAL,2018,6,-173,156,-3,-119,106,39.5,-109,-102
2018_06_KC_NE,2018,6,171,-190,4,-103,-107,59.5,103,-115
2018_06_SF_GB,2018,6,361,-420,9,-108,-103,46.5,102,-114
2018_07_DEN_ARI,2018,7,-110,-101,-1,-101,-110,42.5,104,-116
2018_07_BUF_IND,2018,7,258,-293,7,-112,101,43.5,-106,-104
2018_07_CAR_PHI,2018,7,202,-226,5,-102,-109,45,-105,-105
2018_07_CLE_TB,2018,7,163,-181,3.5,-105,-105,52.5,-101,-110
2018_07_DET_MIA,2018,7,-177,159,-3,-124,110,47,101,-112
2018_07_HOU_JAX,2018,7,188,-210,4,-101,-110,43,-105,-105
2018_07_MIN_NYJ,2018,7,-175,157,-3.5,106,-119,45,104,-116
2018_07_NE_CHI,2018,7,-128,116,-1,-120,107,49,-111,100
2018_07_NO_BAL,2018,7,129,-143,2.5,102,-114,49,-108,-103
2018_07_DAL_WAS,2018,7,-126,114,-1.5,-112,101,40.5,-103,-108
2018_07_LA_SF,2018,7,-390,338,-8,-110,-101,52,-103,-108
2018_07_CIN_KC,2018,7,240,-271,6.5,-104,-106,56,-102,-109
2018_07_TEN_LAC,2018,7,245,-277,6.5,-103,-108,46,-109,-102
2018_07_NYG_ATL,2018,7,187,-209,4.5,-110,-101,52,-103,-108
2018_08_MIA_HOU,2018,8,295,-337,7.5,-112,101,45,-109,-102
2018_08_BAL_CAR,2018,8,-143,129,-2.5,-114,102,44,-110,-101
2018_08_CLE_PIT,2018,8,328,-378,8.5,-108,-103,47.5,-103,-108
2018_08_DEN_KC,2018,8,337,-389,8.5,-102,-109,53,-115,103
2018_08_NYJ_CHI,2018,8,305,-350,8.5,-119,106,42.5,103,-115
2018_08_SEA_DET,2018,8,146,-162,3,-101,-110,47.5,-101,-110
2018_08_TB_CIN,2018,8,173,-192,3.5,-103,-108,55,-103,-108
2018_08_WAS_NYG,2018,8,-108,-102,-1,-101,-110,43,-109,-102
2018_08_IND_OAK,2018,8,-183,165,-3.5,-102,-109,51,-103,-107
2018_08_GB_LA,2018,8,297,-340,7.5,-105,-105,57,-109,-102
2018_08_SF_ARI,2018,8,-138,125,-2.5,-116,104,40,-103,-108
2018_08_NO_MIN,2018,8,-130,118,-2.5,-108,-103,53.5,-110,-101
2018_08_PHI_JAX,2018,8,-208,186,-4,-103,-108,44.5,-109,-102
2018_08_NE_BUF,2018,8,-1018,744,-13.5,-107,-103,44,-103,-108
2018_09_OAK_SF,2018,9,-117,106,-1.5,-103,-108,44,100,-111
2018_09_ATL_WAS,2018,9,116,-128,1.5,102,-114,46.5,-103,-108
2018_09_CHI_BUF,2018,9,-400,346,-10.5,111,-125,38,-106,-104
2018_09_DET_MIN,2018,9,195,-218,4.5,-101,-110,47,-101,-110
2018_09_KC_CLE,2018,9,-380,330,-7.5,-110,-101,51,-103,-108
2018_09_NYJ_MIA,2018,9,140,-155,3,-108,-103,43.5,100,-111
2018_09_PIT_BAL,2018,9,117,-129,1.5,102,-114,47,-101,-110
2018_09_TB_CAR,2018,9,253,-286,6,100,-111,55.5,102,-113
2018_09_HOU_DEN,2018,9,108,-119,1,103,-115,46.5,-106,-104
2018_09_LAC_SEA,2018,9,-106,-104,1,-114,102,48.5,-113,102
2018_09_LA_NO,2018,9,-133,120,-2.5,-103,-108,57.5,-102,-109
2018_09_GB_NE,2018,9,198,-221,5,-103,-108,56,-103,-108
2018_09_TEN_DAL,2018,9,203,-228,4.5,101,-112,40,-105,-105
2018_10_CAR_PIT,2018,10,170,-189,3.5,-106,-104,51,101,-112
2018_10_ARI_KC,2018,10,835,-1267,16.5,-106,-104,49.5,-101,-110
2018_10_ATL_CLE,2018,10,-238,212,-5.5,-103,-108,49.5,100,-111
2018_10_BUF_NYJ,2018,10,235,-265,6.5,-108,-103,38,102,-114
2018_10_DET_CHI,2018,10,281,-320,7.5,-114,102,44.5,-107,-103
2018_10_JAX_IND,2018,10,141,-156,3,-105,-105,48,-105,-105
2018_10_NE_TEN,2018,10,-244,217,-6,101,-112,47,-103,-108
2018_10_NO_CIN,2018,10,-253,225,-5.5,-108,-103,53,-103,-107
2018_10_WAS_TB,2018,10,165,-183,3.5,-108,-103,51,-105,-105
2018_10_LAC_OAK,2018,10,-458,391,-10.5,104,-116,50,-116,104
2018_10_MIA_GB,2018,10,487,-585,13,-114,102,48.5,-108,-103
2018_10_SEA_LA,2018,10,361,-420,10,-114,102,51,-103,-108
2018_10_DAL_PHI,2018,10,310,-355,7.5,-108,-103,45.5,102,-114
2018_10_NYG_SF,2018,10,161,-179,3,110,-123,45,-103,-108
2018_11_GB_SEA,2018,11,146,-162,3,-102,-109,49,-101,-110
2018_11_CAR_DET,2018,11,-192,173,-4,103,-115,48,-111,100
2018_11_CIN_BAL,2018,11,231,-260,6.5,-110,-101,44,102,-114
2018_11_DAL_ATL,2018,11,168,-186,3.5,-108,-103,50,102,-114
2018_11_HOU_WAS,2018,11,-160,144,-3,-114,102,40.5,-101,-110
2018_11_PIT_JAX,2018,11,-202,181,-4,-109,-102,47,-110,-101
2018_11_TB_NYG,2018,11,146,-162,3,102,-114,54.5,-110,-101
2018_11_TEN_IND,2018,11,117,-129,2,-103,-108,50,-104,-106
2018_11_DEN_LAC,2018,11,288,-329,7.5,-116,104,47,-108,-103
2018_11_OAK_ARI,2018,11,189,-211,4.5,-108,-103,41,-106,-104
2018_11_PHI_NO,2018,11,290,-331,7,-105,-105,56.5,-108,-103
2018_11_MIN_CHI,2018,11,124,-137,2.5,-101,-110,44,-103,-108
2018_11_KC_LA,2018,11,153,-170,3,106,-119,63.5,-107,-103
2018_12_CHI_DET,2018,12,-161,146,-3,-114,102,43,102,-114
2018_12_WAS_DAL,2018,12,279,-317,7,-108,-103,40,-108,-103
2018_12_ATL_NO,2018,12,433,-550,11.5,-101,-110,61,-101,-110
2018_12_CLE_CIN,2018,12,-113,102,-1,-105,-105,46.5,-110,-101
2018_12_JAX_BUF,2018,12,-155,140,-3,-104,-106,36.5,-107,-103
2018_12_NE_NYJ,2018,12,-585,487,-13,108,-121,46.5,-110,-101
2018_12_NYG_PHI,2018,12,192,-215,4.5,-103,-108,49,-114,102
2018_12_OAK_BAL,2018,12,524,-691,13,-115,103,42,101,-112
2018_12_SEA_CAR,2018,12,146,-162,3,101,-112,46.5,-105,-105
2018_12_SF_TB,2018,12,115,-127,1.5,-101,-110,54.5,107,-120
2018_12_ARI_LAC,2018,12,612,-837,14,-103,-108,43.5,-110,-101
2018_12_MIA_IND,2018,12,341,-394,9,-103,-108,52.5,-110,-101
2018_12_PIT_DEN,2018,12,-164,148,-3,-110,-101,47.5,-110,-101
2018_12_GB_MIN,2018,12,184,-205,4,-108,-103,48.5,-110,-101
2018_12_TEN_HOU,2018,12,171,-190,3.5,-114,102,42.5,-101,-110
2018_13_NO_DAL,2018,13,-313,275,-7,-108,-103,51.5,102,-114
2018_13_ARI_GB,2018,13,548,-729,13.5,-107,-103,41,-103,-108
2018_13_BAL_ATL,2018,13,133,-147,2.5,102,-114,46.5,-101,-110
2018_13_BUF_MIA,2018,13,162,-180,3.5,-108,-103,40,-103,-108
2018_13_CAR_TB,2018,13,-185,166,-3.5,-101,-110,52,-104,-106
2018_13_CHI_NYG,2018,13,-185,166,-3.5,-102,-109,44,-101,-110
2018_13_CLE_HOU,2018,13,219,-246,5,101,-112,47.5,-103,-108
2018_13_DEN_CIN,2018,13,-178,160,-3.5,102,-113,45,-103,-108
2018_13_IND_JAX,2018,13,-199,179,-4,-108,-103,45.5,-102,-109
2018_13_LA_DET,2018,13,-450,385,-10.5,102,-114,54,-103,-108
2018_13_KC_OAK,2018,13,-769,593,-14,101,-112,53.5,-106,-104
2018_13_NYJ_TEN,2018,13,370,-431,10.5,-127,113,40.5,-104,-106
2018_13_MIN_NE,2018,13,217,-244,6,-114,102,50,-108,-103
2018_13_SF_SEA,2018,13,411,-500,10,-114,102,45.5,-103,-108
2018_13_LAC_PIT,2018,13,166,-185,3.5,-112,101,53.5,-110,-101
2018_13_WAS_PHI,2018,13,213,-239,5.5,-105,-105,45,-111,-100
2018_14_JAX_TEN,2018,14,221,-248,5.5,-103,-107,36.5,-107,-103
2018_14_ATL_GB,2018,14,166,-185,4,-116,104,51,-101,-110
2018_14_BAL_KC,2018,14,239,-269,6.5,-105,-105,49,-108,-103
2018_14_CAR_CLE,2018,14,-117,106,-1,-108,-103,48,-103,-108
2018_14_IND_HOU,2018,14,176,-196,4,-108,-103,49.5,-108,-103
2018_14_NE_MIA,2018,14,-367,319,-8.5,-103,-108,49.5,-112,101
2018_14_NO_TB,2018,14,-380,330,-8.5,-103,-108,55,-110,-101
2018_14_NYG_WAS,2018,14,-167,151,-3,-119,106,40.5,100,-111
2018_14_NYJ_BUF,2018,14,189,-211,4.5,-105,-105,37,-105,-105
2018_14_CIN_LAC,2018,14,847,-1292,17,-109,-102,48.5,-108,-103
2018_14_DEN_SF,2018,14,-164,148,-3,-112,101,45.5,-101,-110
2018_14_DET_ARI,2018,14,-139,126,-2.5,-110,-101,40,-101,-110
2018_14_PHI_DAL,2018,14,166,-185,3.5,-110,-101,46,-103,-107
2018_14_PIT_OAK,2018,14,-449,384,-10.5,117,-133,51,-108,-103
2018_14_LA_CHI,2018,14,-139,126,-3,107,-120,50.5,-101,-110
2018_14_MIN_SEA,2018,14,151,-171,3,105,-117,45.5,-103,-108
2018_15_LAC_KC,2018,15,174,-194,3.5,-100,-111,54,-106,-104
2018_15_HOU_NYJ,2018,15,-286,253,-7,106,-119,44,-105,-105
2018_15_CLE_DEN,2018,15,116,-128,1,106,-119,47,-106,-104
2018_15_ARI_ATL,2018,15,332,-382,10,-129,114,43.5,100,-111
2018_15_DAL_IND,2018,15,155,-172,3,106,-119,47,-102,-109
2018_15_DET_BUF,2018,15,132,-146,2.5,106,-119,40,100,-111
2018_15_GB_CHI,2018,15,221,-248,6,102,-114,46.5,-103,-108
2018_15_MIA_MIN,2018,15,311,-356,7.5,-107,-103,45,-115,103
2018_15_OAK_CIN,2018,15,140,-155,3,-110,-101,46,100,-111
2018_15_TB_BAL,2018,15,328,-378,8.5,-103,-107,44.5,-104,-106
2018_15_TEN_NYG,2018,15,-123,112,-2.5,-101,-110,42,-111,100
2018_15_WAS_JAX,2018,15,296,-338,7.5,-114,102,36,-101,-110
2018_15_SEA_SF,2018,15,-207,186,-3.5,-112,101,44,103,-115
2018_15_NE_PIT,2018,15,-129,117,-2.5,-105,-105,55,107,-120
2018_15_PHI_LA,2018,15,590,-800,13.5,-103,-107,52.5,-115,103
2018_15_NO_CAR,2018,15,-248,221,-6,-104,-106,50.5,102,-114
2018_16_WAS_TEN,2018,16,481,-599,12.5,-110,-101,38,-114,102
2018_16_BAL_LAC,2018,16,178,-198,4,-110,-101,42.5,-101,-110
2018_16_ATL_CAR,2018,16,-147,133,-2.5,-119,106,46.5,-107,-103
2018_16_BUF_NE,2018,16,560,-750,14,-114,102,46,-102,-109
2018_16_CIN_CLE,2018,16,334,-385,10,-113,102,44,106,-119
2018_16_GB_NYJ,2018,16,-141,128,-3,106,-119,47.5,102,-113
2018_16_HOU_PHI,2018,16,111,-123,1,102,-114,47,-102,-109
2018_16_JAX_MIA,2018,16,139,-153,3,-105,-105,39.5,-114,102
2018_16_MIN_DET,2018,16,-266,236,-6.5,102,-114,41.5,-102,-109
2018_16_NYG_IND,2018,16,346,-400,10,-115,103,48.5,102,-114
2018_16_TB_DAL,2018,16,277,-315,7,-110,-101,48,-103,-108
2018_16_CHI_SF,2018,16,-190,171,-3.5,-103,-108,44,108,-121
2018_16_LA_ARI,2018,16,-679,516,-14.5,115,-130,43,-116,104
2018_16_PIT_NO,2018,16,238,-269,6.5,-103,-108,53,-110,-101
2018_16_KC_SEA,2018,16,-117,105,-1,-110,-101,54,-103,-108
2018_16_DEN_OAK,2018,16,-130,118,-2.5,-105,-105,42.5,-106,-104
2018_17_ATL_TB,2018,17,-142,129,-2.5,-108,-103,52,-110,-101
2018_17_CAR_NO,2018,17,276,-314,8,-115,103,42,102,-114
2018_17_DAL_NYG,2018,17,295,-338,7.5,102,-114,38.5,-109,-102
2018_17_DET_GB,2018,17,284,-324,7.5,-103,-108,44.5,-114,102
2018_17_JAX_HOU,2018,17,274,-311,7,-107,-103,39.5,-109,-102
2018_17_MIA_BUF,2018,17,222,-250,5.5,-102,-109,39.5,102,-114
2018_17_NYJ_NE,2018,17,618,-848,14,-101,-110,47,-114,102
2018_17_ARI_SEA,2018,17,603,-822,15.5,101,-112,39.5,-114,102
2018_17_CHI_MIN,2018,17,205,-230,6,-119,106,39.5,106,-119
2018_17_CIN_PIT,2018,17,512,-672,14,-114,102,45.5,-114,102
2018_17_CLE_BAL,2018,17,285,-325,7,-103,-108,41,-103,-108
2018_17_LAC_DEN,2018,17,-270,239,-7,106,-119,43.5,-103,-108
2018_17_OAK_KC,2018,17,586,-794,14.5,-115,103,54,-110,-101
2018_17_PHI_WAS,2018,17,-245,218,-6,-101,-110,43,105,-117
2018_17_SF_LA,2018,17,385,-450,10.5,-101,-110,50.5,-110,-101
2018_17_IND_TEN,2018,17,-212,190,-5,102,-114,42.5,-108,-103
2018_18_IND_HOU,2018,18,112,-124,2,-113,102,48.5,-114,102
2018_18_SEA_DAL,2018,18,135,-149,2.5,104,-116,43,-105,-105
2018_18_LAC_BAL,2018,18,140,-155,3,-109,-102,43,104,-116
2018_18_PHI_CHI,2018,18,235,-265,6.5,-103,-108,42.5,-108,-103
2018_19_IND_KC,2018,19,182,-203,4,-101,-110,54.5,-109,-102
2018_19_DAL_LA,2018,19,296,-338,7.5,-109,-102,48,102,-114
2018_19_LAC_NE,2018,19,170,-189,4,-114,102,47.5,-113,102
2018_19_PHI_NO,2018,19,324,-373,8.5,-101,-110,52,101,-112
2018_20_LA_NO,2018,20,142,-157,3,-108,-103,55,103,-115
2018_20_NE_KC,2018,20,156,-173,3,111,-125,56.5,-101,-110
2018_21_NE_LA,2018,21,-123,111,-2,-103,-108,55.5,-103,-108
2019_01_GB_CHI,2019,1,160,-178,3.5,-113,103,47,102,-113
2019_01_ATL_MIN,2019,1,159,-176,3.5,-115,104,47,101,-112
2019_01_BAL_MIA,2019,1,-298,263,-7,102,-112,41,-105,-105
2019_01_BUF_NYJ,2019,1,135,-149,2.5,-101,-110,41,-110,-100
2019_01_KC_JAX,2019,1,-181,163,-3.5,-101,-110,49,102,-113
2019_01_LA_CAR,2019,1,-122,111,-1.5,-106,-104,49.5,-101,-110
2019_01_TEN_CLE,2019,1,206,-230,5.5,-113,103,44,-107,-103
2019_01_WAS_PHI,2019,1,395,-463,10.5,-114,103,44,-103,-107
2019_01_CIN_SEA,2019,1,344,-398,9.5,-115,104,44,-104,-106
2019_01_IND_LAC,2019,1,235,-265,6,-107,-103,44.5,-112,101
2019_01_DET_ARI,2019,1,-147,133,-2.5,-121,108,45.5,-114,104
2019_01_NYG_DAL,2019,1,271,-308,7,-111,100,44,-104,-106
2019_01_SF_TB,2019,1,-102,-108,1,-106,-104,51,-100,-110
2019_01_PIT_NE,2019,1,203,-228,5.5,-111,101,49,-103,-107
2019_01_HOU_NO,2019,1,273,-310,6.5,103,-113,52,105,-116
2019_01_DEN_OAK,2019,1,-149,135,-3,108,-121,42.5,-110,-100
2019_02_TB_CAR,2019,2,240,-277,6.5,-110,-100,48,-105,-105
2019_02_ARI_BAL,2019,2,513,-665,13,-110,-100,46,100,-112
2019_02_BUF_NYG,2019,2,-113,102,-1,-108,-103,44.5,-103,-108
2019_02_DAL_WAS,2019,2,-268,233,-6,-115,104,46.5,104,-115
2019_02_IND_TEN,2019,2,160,-178,3,108,-120,43.5,-111,-101
2019_02_JAX_HOU,2019,2,286,-336,7.5,-122,111,43,-104,-107
2019_02_LAC_DET,2019,2,-107,-103,-1,102,-113,47,-101,-110
2019_02_MIN_GB,2019,2,148,-165,3,-102,-108,43,-110,-101
2019_02_NE_MIA,2019,2,-1300,880,-18,-101,-109,48.5,101,-113
2019_02_SEA_PIT,2019,2,175,-197,4,-109,-101,47,-113,101
2019_02_SF_CIN,2019,2,-103,-107,1,-111,100,46,-113,101
2019_02_KC_OAK,2019,2,-293,252,-7,108,-119,53.5,107,-119
2019_02_CHI_DEN,2019,2,-147,132,-3,103,-114,41,111,-123
2019_02_NO_LA,2019,2,107,-118,2,-114,103,52.5,-100,-111
2019_02_PHI_ATL,2019,2,-105,-105,-1,102,-112,53,-105,-106
2019_02_CLE_NYJ,2019,2,-278,241,-6.5,-105,-105,45.5,103,-115
2019_03_TEN_JAX,2019,3,-125,113,-1.5,-109,-101,38,-100,-111
2019_03_ATL_IND,2019,3,105,-116,1,100,-111,48,-107,-104
2019_03_BAL_KC,2019,3,191,-216,4.5,-108,-102,52,-103,-108
2019_03_CIN_BUF,2019,3,220,-252,5.5,-104,-106,43.5,-107,-104
2019_03_DEN_GB,2019,3,278,-327,7,-108,-102,42,104,-116
2019_03_DET_PHI,2019,3,188,-212,4,-104,-106,45,103,-115
2019_03_MIA_DAL,2019,3,1454,-2540,22,102,-112,46.5,-103,-108
2019_03_NYJ_NE,2019,3,1203,-1962,20.5,-109,-101,43,-104,-107
2019_03_OAK_MIN,2019,3,337,-405,8.5,-105,-105,43,-114,102
2019_03_CAR_ARI,2019,3,118,-131,2.5,-114,103,46,-104,-107
2019_03_NYG_TB,2019,3,202,-230,5,-103,-107,48,101,-113
2019_03_HOU_LAC,2019,3,151,-168,3,104,-115,49,101,-112
2019_03_NO_SEA,2019,3,199,-225,5,-106,-105,44,-110,-101
2019_03_PIT_SF,2019,3,239,-276,6,-104,-107,44.5,-103,-108
2019_03_LA_CLE,2019,3,-215,190,-4,-111,101,48,-112,100
2019_03_CHI_WAS,2019,3,-232,204,-5,-103,-107,41,100,-111
2019_04_PHI_GB,2019,4,169,-190,3.5,-110,-100,46,-112,100
2019_04_CAR_HOU,2019,4,224,-257,5.5,-100,-110,47.5,-106,-105
2019_04_CLE_BAL,2019,4,279,-327,7.5,-117,106,47,-104,-107
2019_04_KC_DET,2019,4,-364,307,-7.5,105,-116,54.5,101,-113
2019_04_LAC_MIA,2019,4,-806,602,-15,-103,-107,43.5,-113,101
2019_04_NE_BUF,2019,4,-321,274,-7,-102,-108,41.5,-103,-108
2019_04_OAK_IND,2019,4,212,-242,5.5,-106,-104,46,-108,-103
2019_04_TEN_ATL,2019,4,156,-174,3.5,-113,102,46,-113,101
2019_04_WAS_NYG,2019,4,146,-163,3,-101,-109,48,-105,-106
2019_04_SEA_ARI,2019,4,-238,209,-5.5,-107,-103,49,-101,-110
2019_04_TB_LA,2019,4,385,-473,9,-104,-106,48.5,-104,-107
2019_04_JAX_DEN,2019,4,124,-137,2.5,-102,-109,37,-109,-102
2019_04_MIN_CHI,2019,4,-108,-102,-1,-101,-109,38,-105,-106
2019_04_DAL_NO,2019,4,-140,127,-2.5,-105,-105,47,-103,-108
2019_04_CIN_PIT,2019,4,160,-179,3.5,-112,101,45.5,106,-118
2019_05_LA_SEA,2019,5,111,-122,1.5,-104,-106,49,102,-113
2019_05_ARI_CIN,2019,5,139,-154,3,-106,-104,45,-115,103
2019_05_ATL_HOU,2019,5,184,-207,4,-101,-109,49,-110,-101
2019_05_BAL_PIT,2019,5,-179,160,-3.5,102,-113,44,-108,-103
2019_05_BUF_TEN,2019,5,162,-182,3.5,-110,-101,39.5,-101,-111
2019_05_CHI_OAK,2019,5,-266,232,-6.5,-101,-110,39.5,-106,-105
2019_05_JAX_CAR,2019,5,169,-189,3,119,-131,41,-110,-101
2019_05_MIN_NYG,2019,5,-243,213,-5.5,-116,105,44,-105,-106
2019_05_NE_WAS,2019,5,-963,695,-15.5,-112,101,42,-109,-102
2019_05_NYJ_PHI,2019,5,587,-782,14,-109,-101,43,-105,-106
2019_05_TB_NO,2019,5,133,-148,3,-118,107,46,-102,-109
2019_05_DEN_LAC,2019,5,199,-226,4,102,-113,46,101,-113
2019_05_GB_DAL,2019,5,162,-181,3.5,-113,102,46.5,-107,-104
2019_05_IND_KC,2019,5,407,-504,10.5,-111,101,55.5,106,-118
2019_05_CLE_SF,2019,5,199,-226,5,101,-111,47.5,-111,-100
2019_06_NYG_NE,2019,6,756,-1071,16.5,-106,-104,43,-113,102
2019_06_CAR_TB,2019,6,-125,113,-2,-100,-110,48.5,-104,-107
2019_06_CIN_BAL,2019,6,425,-531,10.5,-106,-104,47,-108,-103
2019_06_HOU_KC,2019,6,166,-186,3.5,-108,-103,54.5,-108,-103
2019_06_NO_JAX,2019,6,126,-139,2.5,100,-110,42.5,-108,-103
2019_06_PHI_MIN,2019,6,157,-176,3.5,-115,105,44,-110,-101
2019_06_SEA_CLE,2019,6,102,-113,1,-104,-106,45.5,-107,-104
2019_06_WAS_MIA,2019,6,-240,210,-6,-101,-109,42,-105,-106
2019_06_ATL_ARI,2019,6,-161,145,-3,-108,-102,52.5,101,-113
2019_06_SF_LA,2019,6,133,-148,3,-110,-100,49.5,-111,-100
2019_06_DAL_NYJ,2019,6,-316,270,-7,-100,-110,43.5,102,-113
2019_06_TEN_DEN,2019,6,109,-121,1,103,-113,41,-102,-109
2019_06_PIT_LAC,2019,6,220,-252,6,-115,104,42.5,-105,-106
2019_06_DET_GB,2019,6,176,-198,3.5,-102,-108,47,100,-111
2019_07_KC_DEN,2019,7,-149,134,-3,104,-115,49.5,-111,100
2019_07_ARI_NYG,2019,7,168,-188,3.5,-106,-104,49.5,-101,-110
2019_07_HOU_IND,2019,7,109,-120,1.5,-104,-106,46.5,100,-111
2019_07_JAX_CIN,2019,7,-214,189,-4,-116,105,44.5,100,-111
2019_07_LA_ATL,2019,7,-154,139,-3,-105,-105,54.5,-107,-104
2019_07_MIA_BUF,2019,7,793,-1137,17,-103,-108,42.5,-100,-111
2019_07_MIN_DET,2019,7,-137,124,-2.5,-110,-100,43.5,102,-114
2019_07_OAK_GB,2019,7,211,-241,5.5,-103,-107,48,101,-113
2019_07_SF_WAS,2019,7,-424,350,-10,-104,-106,39,-100,-111
2019_07_LAC_TEN,2019,7,141,-157,3,-107,-103,42.5,-105,-106
2019_07_BAL_SEA,2019,7,141,-157,3,-104,-106,49,105,-117
2019_07_NO_CHI,2019,7,188,-213,4,100,-110,37,-101,-111
2019_07_PHI_DAL,2019,7,148,-165,3,101,-111,50,-106,-105
2019_07_NE_NYJ,2019,7,-371,311,-9.5,-106,-104,43,100,-112
2019_08_WAS_MIN,2019,8,729,-1023,16.5,-104,-106,42,100,-112
2019_08_ARI_NO,2019,8,467,-625,12.5,-108,-102,47.5,-110,-101
2019_08_CIN_LA,2019,8,467,-594,12,-112,102,48.5,105,-117
2019_08_DEN_IND,2019,8,209,-238,6,-117,106,41,-111,-100
2019_08_LAC_CHI,2019,8,163,-182,3.5,-107,-103,41,-104,-107
2019_08_NYG_DET,2019,8,232,-267,6.5,-113,102,49,100,-112
2019_08_NYJ_JAX,2019,8,254,-295,7,-115,105,39.5,-102,-109
2019_08_PHI_BUF,2019,8,111,-122,1,102,-113,39.5,105,-117
2019_08_SEA_ATL,2019,8,-323,275,-7.5,106,-117,48.5,-102,-110
2019_08_TB_TEN,2019,8,110,-122,2,-110,-100,45.5,102,-114
2019_08_CAR_SF,2019,8,184,-208,4.5,-112,102,41,103,-114
2019_08_CLE_NE,2019,8,309,-367,9.5,-107,-103,43,102,-114
2019_08_OAK_HOU,2019,8,207,-236,5,-107,-103,52,-110,-101
2019_08_GB_KC,2019,8,-230,202,-5,-108,-102,48,103,-108
2019_08_MIA_PIT,2019,8,491,-630,14,-107,-103,44,-106,-105
2019_09_SF_ARI,2019,9,-445,365,-10.5,100,-111,43.5,103,-115
2019_09_HOU_JAX,2019,9,103,-113,1,-104,-106,46,-106,-105
2019_09_CHI_PHI,2019,9,199,-226,5,-106,-104,41,-102,-109
2019_09_IND_PIT,2019,9,107,-117,1,101,-111,39.5,-102,-109
2019_09_MIN_KC,2019,9,-225,198,-5.5,-101,-109,46,-100,-111
2019_09_NYJ_MIA,2019,9,-187,167,-3.5,-103,-107,42.5,-108,-103
2019_09_TEN_CAR,2019,9,160,-179,3.5,-109,-101,43,-104,-107
2019_09_WAS_BUF,2019,9,368,-449,10.5,-112,102,37,-104,-107
2019_09_DET_OAK,2019,9,129,-143,2.5,104,-115,51.5,-106,-105
2019_09_TB_SEA,2019,9,185,-209,4,-105,-105,51,107,-119
2019_09_CLE_DEN,2019,9,-194,173,-4,-102,-108,39,-104,-107
2019_09_GB_LAC,2019,9,-208,184,-4,-111,100,50,-109,-103
2019_09_NE_BAL,2019,9,-150,135,-3,100,-110,44.5,-111,-101
2019_09_DAL_NYG,2019,9,-297,255,-6.5,-101,-109,48.5,102,-114
2019_10_LAC_OAK,2019,10,-117,106,-1,-110,-100,49,-103,-108
2019_10_ARI_TB,2019,10,207,-235,5.5,100,-110,51,-113,101
2019_10_ATL_NO,2019,10,503,-649,14,-114,103,51.5,-110,-101
2019_10_BAL_CIN,2019,10,-435,358,-10.5,104,-114,44,-104,-107
2019_10_BUF_CLE,2019,10,136,-151,3,-108,-102,42,-113,102
2019_10_DET_CHI,2019,10,235,-270,6,101,-111,38,-114,103
2019_10_KC_TEN,2019,10,-233,205,-5,-108,-102,49,-104,-107
2019_10_NYG_NYJ,2019,10,-147,133,-3,104,-115,43,-109,-102
2019_10_MIA_IND,2019,10,390,-481,11,-109,-101,44.5,-102,-109
2019_10_CAR_GB,2019,10,200,-227,5,-100,-110,49,-107,-104
2019_10_LA_PIT,2019,10,-214,189,-4,-113,103,43,-114,103
2019_10_MIN_DAL,2019,10,160,-179,3.5,-113,103,48.5,100,-112
2019_10_SEA_SF,2019,10,233,-268,6.5,-104,-106,47,-104,-107
2019_11_PIT_CLE,2019,11,146,-163,3,101,-112,41.5,-108,-103
2019_11_ATL_CAR,2019,11,177,-199,3.5,-100,-110,49,-108,-103
2019_11_BUF_MIA,2019,11,-307,263,-7,-109,-101,41.5,-106,-105
2019_11_DAL_DET,2019,11,-369,310,-7.5,102,-113,46.5,101,-112
2019_11_DEN_MIN,2019,11,341,-412,10,-119,107,40.5,-100,-111
2019_11_HOU_BAL,2019,11,192,-217,4,-102,-108,51,-105,-106
2019_11_JAX_IND,2019,11,121,-134,2.5,-103,-108,41.5,103,-115
2019_11_NO_TB,2019,11,-230,202,-5,-108,-102,50.5,-114,102
2019_11_NYJ_WAS,2019,11,111,-122,1,104,-114,37.5,-103,-108
2019_11_ARI_SF,2019,11,353,-429,10,-113,103,44,-114,103
2019_11_CIN_OAK,2019,11,474,-605,13,-108,-102,48,-106,-105
2019_11_NE_PHI,2019,11,-210,186,-4.5,101,-112,45,-100,-111
2019_11_CHI_LA,2019,11,204,-233,5,-107,-103,40,-109,-102
2019_11_KC_LAC,2019,11,-243,213,-5.5,-106,-104,52.5,-106,-105
2019_12_IND_HOU,2019,12,164,-183,3.5,-105,-105,46,-106,-105
2019_12_CAR_NO,2019,12,374,-457,10,-108,-102,46,-118,106
2019_12_DEN_BUF,2019,12,170,-190,3.5,-106,-104,37,-115,104
2019_12_DET_WAS,2019,12,-190,169,-4,-102,-109,39,-110,-102
2019_12_MIA_CLE,2019,12,365,-446,11,-113,103,45.5,-106,-105
2019_12_NYG_CHI,2019,12,220,-252,6,-110,-100,41,103,-115
2019_12_OAK_NYJ,2019,12,-177,158,-3.5,102,-112,45,103,-115
2019_12_PIT_CIN,2019,12,-225,199,-5.5,-106,-104,37.5,-102,-109
2019_12_SEA_PHI,2019,12,-105,-105,-1,102,-112,45.5,-107,-104
2019_12_TB_ATL,2019,12,163,-183,3.5,-110,-100,51.5,-111,100
2019_12_JAX_TEN,2019,12,198,-225,4.5,103,-114,42,100,-112
2019_12_DAL_NE,2019,12,203,-231,5.5,-108,-102,44.5,-101,-110
2019_12_GB_SF,2019,12,156,-175,3,111,-122,48,-102,-109
2019_12_BAL_LA,2019,12,-162,145,-3.5,112,-124,47,103,-114
2019_13_CHI_DET,2019,13,-230,203,-5.5,-104,-106,37.5,-103,-108
2019_13_BUF_DAL,2019,13,256,-298,6.5,104,-115,46.5,-109,-102
2019_13_NO_ATL,2019,13,-319,272,-7,-106,-104,48,-103,-108
2019_13_CLE_PIT,2019,13,-113,103,-1,-107,-103,40,-109,-102
2019_13_GB_NYG,2019,13,-256,223,-6.5,103,-113,43.5,-107,-104
2019_13_NYJ_CIN,2019,13,-123,111,-2.5,102,-112,43,-104,-107
2019_13_PHI_MIA,2019,13,-469,382,-10.5,-100,-110,45,-109,-102
2019_13_SF_BAL,2019,13,212,-242,5.5,-100,-110,45,-103,-108
2019_13_TB_JAX,2019,13,-155,140,-3,-105,-105,46.5,-105,-106
2019_13_TEN_IND,2019,13,-109,-101,-1,-102,-108,41.5,-106,-105
2019_13_WAS_CAR,2019,13,391,-482,10.5,-110,-100,38.5,-113,102
2019_13_LA_ARI,2019,13,-139,125,-2.5,-110,-100,47,-114,103
2019_13_LAC_DEN,2019,13,-207,183,-4.5,-103,-107,39,105,-117
2019_13_OAK_KC,2019,13,369,-451,11.5,-116,106,49.5,-103,-108
2019_13_NE_HOU,2019,13,-172,154,-3.5,106,-117,47,-104,-107
2019_13_MIN_SEA,2019,13,138,-154,2.5,112,-124,48,-102,-109
2019_14_DAL_CHI,2019,14,-167,150,-3,-109,-101,43,-103,-108
2019_14_BAL_BUF,2019,14,-264,230,-6.5,100,-110,44,-104,-107
2019_14_CAR_ATL,2019,14,161,-180,3.5,-110,100,48,-107,-104
2019_14_CIN_CLE,2019,14,234,-269,6.5,-112,101,43,-118,106
2019_14_DEN_HOU,2019,14,325,-389,8,-103,-107,42.5,-105,-106
2019_14_DET_MIN,2019,14,463,-587,12,-117,106,43.5,-113,102
2019_14_IND_TB,2019,14,149,-166,3,101,-111,46.5,-105,-106
2019_14_MIA_NYJ,2019,14,189,-213,5,-110,100,47,-102,-109
2019_14_SF_NO,2019,14,105,-116,1,-101,-109,45,-107,-104
2019_14_WAS_GB,2019,14,568,-752,13,-106,-104,42.5,-102,-110
2019_14_LAC_JAX,2019,14,-179,160,-3.5,-101,-110,42,-105,-106
2019_14_KC_NE,2019,14,135,-150,3,-107,-103,49.5,103,-115
2019_14_PIT_ARI,2019,14,-130,117,-2.5,-100,-110,43.5,101,-113
2019_14_TEN_OAK,2019,14,-152,137,-3,100,-111,47,-106,-105
2019_14_SEA_LA,2019,14,109,-120,1,102,-112,47.5,-105,-106
2019_14_NYG_PHI,2019,14,341,-411,9.5,-106,-104,45.5,-101,-110
2019_15_NYJ_BAL,2019,15,775,-1105,17,-105,-105,44,-100,-111
2019_15_CHI_GB,2019,15,192,-218,4,107,-118,40,-109,-102
2019_15_DEN_KC,2019,15,352,-426,10,-125,113,43,-107,-104
2019_15_HOU_TEN,2019,15,148,-165,3,103,-113,50,-107,-104
2019_15_MIA_NYG,2019,15,165,-185,3.5,-108,-102,47,-102,-109
2019_15_NE_CIN,2019,15,-468,381,-10.5,-101,-110,42,-112,101
2019_15_PHI_WAS,2019,15,-286,247,-7,105,-116,38,-111,-100
2019_15_SEA_CAR,2019,15,-250,218,-6,-104,-106,48.5,-105,-106
2019_15_TB_DET,2019,15,-239,210,-5.5,-111,101,46,-100,-111
2019_15_CLE_ARI,2019,15,-156,140,-3,-107,-103,49,102,-113
2019_15_JAX_OAK,2019,15,255,-297,7,-114,103,47,-102,-109
2019_15_MIN_LAC,2019,15,-118,107,-1,-111,101,45,-102,-109
2019_15_ATL_SF,2019,15,376,-460,10.5,-117,106,50,-103,-108
2019_15_LA_DAL,2019,15,-115,104,-1,-108,-102,48.5,102,-114
2019_15_BUF_PIT,2019,15,101,-112,1,-105,-105,37,-105,-106
2019_15_IND_NO,2019,15,315,-376,8,-106,-104,48.5,-112,101
2019_16_HOU_TB,2019,16,-150,135,-3,102,-112,50,-108,-103
2019_16_BUF_NE,2019,16,250,-289,7,-111,101,39.5,-101,-110
2019_16_LA_SF,2019,16,274,-320,7,100,-110,45.5,-110,-101
2019_16_BAL_CLE,2019,16,-370,311,-9.5,-104,-106,48.5,-106,-105
2019_16_CAR_IND,2019,16,264,-308,7.5,-122,110,46,-105,-106
2019_16_CIN_MIA,2019,16,-118,107,-1.5,-106,-104,46,-101,-110
2019_16_JAX_ATL,2019,16,268,-313,7.5,-114,103,48,-102,-110
2019_16_NO_TEN,2019,16,-178,159,-3.5,103,-113,49,-101,-111
2019_16_NYG_WAS,2019,16,-112,102,-1,-106,-104,42,-113,101
2019_16_PIT_NYJ,2019,16,-171,153,-3,-116,105,36.5,-111,-101
2019_16_DET_DEN,2019,16,333,-400,9.5,102,-112,40,-107,-104
2019_16_OAK_LAC,2019,16,274,-321,7.5,-113,103,45,-108,-103
2019_16_ARI_SEA,2019,16,322,-385,8,-111,101,51,-106,-105
2019_16_DAL_PHI,2019,16,-120,109,-2,101,-112,47,-104,-107
2019_16_KC_CHI,2019,16,-295,254,-6.5,-109,-101,45.5,-115,103
2019_16_GB_MIN,2019,16,179,-202,4,-102,-108,47,-110,-101
2019_17_ATL_TB,2019,17,109,-120,1,101,-111,48,-107,-104
2019_17_CHI_MIN,2019,17,-230,203,-5.5,-110,-100,36.5,-101,-110
2019_17_CLE_CIN,2019,17,-137,124,-2.5,-107,-103,44,-108,-103
2019_17_GB_DET,2019,17,-656,508,-13.5,103,-114,44,-110,-101
2019_17_LAC_KC,2019,17,325,-389,10,-110,-100,46,-103,-108
2019_17_MIA_NE,2019,17,781,-1117,17.5,-109,-102,46,-104,-107
2019_17_NO_CAR,2019,17,-660,510,-13.5,-106,-104,45,-108,-103
2019_17_NYJ_BUF,2019,17,-124,112,-1.5,-110,-100,37,-105,-106
2019_17_ARI_LA,2019,17,235,-271,7,-118,107,46,-104,-107
2019_17_IND_JAX,2019,17,-232,204,-5,-109,-101,41.5,-107,-104
2019_17_OAK_DEN,2019,17,195,-221,5.5,-110,-101,41.5,-106,-105
2019_17_PHI_NYG,2019,17,-198,176,-4,-102,-108,44,-110,-101
2019_17_PIT_BAL,2019,17,-135,122,-2,-113,102,35,-107,-104
2019_17_TEN_HOU,2019,17,-366,308,-10,106,-117,43,-104,-107
2019_17_WAS_DAL,2019,17,485,-621,13,-105,-105,47.5,-105,-106
2019_17_SF_SEA,2019,17,-177,159,-3.5,101,-112,47,-102,-109
2019_18_BUF_HOU,2019,18,130,-144,2.5,103,-114,43,-106,-105
2019_18_TEN_NE,2019,18,190,-214,4.5,-101,-109,45,-106,-105
2019_18_MIN_NO,2019,18,300,-355,7.5,-115,104,50,-111,-100
2019_18_SEA_PHI,2019,18,108,-119,1,-100,-110,44,-106,-105
2019_19_MIN_SF,2019,19,276,-323,7,-100,-110,44.5,-105,-106
2019_19_TEN_BAL,2019,19,361,-439,10,-107,-103,47.5,-101,-110
2019_19_HOU_KC,2019,19,376,-461,10,-105,-105,50.5,-104,-108
2019_19_SEA_GB,2019,19,197,-224,4.5,-102,-108,46,-114,103
2019_20_TEN_KC,2019,20,286,-337,7.5,-117,106,51,-103,-108
2019_20_GB_SF,2019,20,315,-375,8,-107,-103,46.5,-105,-106
2019_21_SF_KC,2019,21,113,-125,1.5,-101,-109,52.5,-101,-110
2020_01_HOU_KC,2020,1,349,-423,9.5,-105,-105,53.5,-109,-102
2020_01_CHI_DET,2020,1,116,-128,2.5,-108,-102,42.5,-108,-103
2020_01_CLE_BAL,2020,1,260,-302,7,-107,-103,47,100,-112
2020_01_GB_MIN,2020,1,103,-114,1,-103,-107,45,-110,-102
2020_01_IND_JAX,2020,1,-309,265,-7,-108,-102,44,-103,-108
2020_01_LV_CAR,2020,1,-124,134,-3,-112,-113,48,-101,-110
2020_01_MIA_NE,2020,1,278,-327,7.5,-112,102,41.5,-110,-101
2020_01_NYJ_BUF,2020,1,242,-279,6.5,-110,100,39.5,-114,102
2020_01_PHI_WAS,2020,1,-227,200,-5.5,-106,-104,41.5,-111,-100
2020_01_SEA_ATL,2020,1,102,-112,1,-105,-105,49.5,-108,-103
2020_01_LAC_CIN,2020,1,-129,117,-2.5,-100,-110,41.5,-114,102
2020_01_ARI_SF,2020,1,242,-280,7,-123,111,48.5,106,-118
2020_01_TB_NO,2020,1,174,-196,4,102,-113,48.5,-112,101
2020_01_DAL_LA,2020,1,103,-114,1,-103,-107,52,-111,-100
2020_01_PIT_NYG,2020,1,-253,221,-6,-105,-105,44,-105,-106
2020_01_TEN_DEN,2020,1,-175,157,-3,-121,109,41,100,-112
2020_02_CIN_CLE,2020,2,213,-243,6,-111,100,44.5,101,-113
2020_02_ATL_DAL,2020,2,131,-145,3,-119,108,53,-102,-109
2020_02_BUF_MIA,2020,2,-244,214,-5.5,-109,-101,42.5,-102,-109
2020_02_CAR_TB,2020,2,290,-342,7.5,-106,-104,47,-108,-103
2020_02_DEN_PIT,2020,2,232,-267,6,-100,-110,41,-114,102
2020_02_DET_GB,2020,2,245,-284,7,-113,102,51,-101,-110
2020_02_JAX_TEN,2020,2,254,-295,7,-116,105,44.5,-103,-108
2020_02_LA_PHI,2020,2,111,-123,2,-107,-103,46,-105,-106
2020_02_MIN_IND,2020,2,158,-176,3.5,-111,101,49,-107,-104
2020_02_NYG_CHI,2020,2,196,-222,4.5,-105,-105,42.5,-103,-108
2020_02_SF_NYJ,2020,2,-301,259,-7,101,-111,41.5,-108,-103
2020_02_WAS_ARI,2020,2,268,-313,7.5,-120,109,46.5,-110,-101
2020_02_BAL_HOU,2020,2,-344,292,-7.5,-102,-108,49.5,-118,106
2020_02_KC_LAC,2020,2,-370,311,-8.5,-104,-106,47,-110,-102
2020_02_NE_SEA,2020,2,177,-199,4,-102,-108,45,-113,101
2020_02_NO_LV,2020,2,-201,180,-4,-102,-107,47.5,-109,-102
2020_03_MIA_JAX,2020,3,124,-138,3,-126,114,49,-105,-106
2020_03_CHI_ATL,2020,3,122,-135,2.5,101,-111,46,-102,-109
2020_03_CIN_PHI,2020,3,205,-233,5.5,-105,-105,46.5,100,-112
2020_03_HOU_PIT,2020,3,174,-196,4,-110,-100,46.5,-109,-102
2020_03_LA_BUF,2020,3,114,-126,1.5,-100,-110,46.5,-112,100
2020_03_LV_NE,2020,3,266,-311,7,-105,-105,47,-102,-110
2020_03_SF_NYG,2020,3,-149,134,-3,-101,-109,44,-111,-100
2020_03_TEN_MIN,2020,3,-155,139,-3,-101,-109,49.5,-116,104
2020_03_WAS_CLE,2020,3,282,-331,7.5,-115,104,45,-101,-110
2020_03_CAR_LAC,2020,3,230,-265,6,-107,-103,43.5,100,-111
2020_03_NYJ_IND,2020,3,491,-630,12.5,-109,-101,44,-113,101
2020_03_DAL_SEA,2020,3,208,-237,5.5,-104,-106,58,-116,104
2020_03_DET_ARI,2020,3,193,-218,4.5,-105,-105,55.5,-113,101
2020_03_TB_DEN,2020,3,-264,230,-6,-105,-105,42.5,-103,-108
2020_03_GB_NO,2020,3,154,-172,3.5,-112,102,52,-108,-103
2020_03_KC_BAL,2020,3,156,-174,3.5,-112,102,55,-115,104
2020_04_DEN_NYJ,2020,4,104,-114,1,-102,-108,41,-101,-110
2020_04_ARI_CAR,2020,4,-157,141,-3,-105,-105,52.5,-116,104
2020_04_BAL_WAS,2020,4,-958,692,-14.5,104,-115,45,-113,102
2020_04_CLE_DAL,2020,4,157,-175,3.5,-111,101,56.5,-112,101
2020_04_JAX_CIN,2020,4,101,-112,1,-106,-104,50,-106,-105
2020_04_LAC_TB,2020,4,282,-331,7.5,-114,103,42.5,-111,-100
2020_04_MIN_HOU,2020,4,154,-172,3.5,-114,104,52.5,100,-112
2020_04_NO_DET,2020,4,-155,139,-3,-103,-107,51.5,-102,-109
2020_04_SEA_MIA,2020,4,-223,196,-4.5,-106,-104,55,-113,101
2020_04_NYG_LA,2020,4,652,-890,13.5,-103,-107,49.5,101,-112
2020_04_BUF_LV,2020,4,-172,154,-3,-115,104,53,-108,-103
2020_04_IND_CHI,2020,4,-174,156,-3.5,102,-112,43.5,-110,-101
2020_04_PHI_SF,2020,4,273,-320,8.5,-116,105,45.5,-108,-103
2020_04_NE_KC,2020,4,257,-299,7,-114,103,52.5,-106,-105
2020_04_ATL_GB,2020,4,195,-221,5,-110,-100,56.5,-112,100
2020_05_TB_CHI,2020,5,-184,164,-3.5,-102,-108,44,-109,-102
2020_05_ARI_NYJ,2020,5,-295,254,-7,106,-117,48.5,-112,100
2020_05_CAR_ATL,2020,5,125,-139,2.5,-101,-109,53.5,-107,-104
2020_05_CIN_BAL,2020,5,547,-718,12.5,-105,-105,49,-103,-108
2020_05_JAX_HOU,2020,5,243,-281,6.5,100,-110,55,-108,-103
2020_05_LA_WAS,2020,5,-305,262,-7,-101,-109,45,-108,-103
2020_05_LV_KC,2020,5,387,-476,11,-114,104,54.5,-102,-109
2020_05_PHI_PIT,2020,5,312,-372,7.5,-103,-107,44,-107,-104
2020_05_MIA_SF,2020,5,301,-357,8.5,-119,108,50.5,-110,-101
2020_05_IND_CLE,2020,5,-101,-110,1,-107,-103,48.5,-112,101
2020_05_NYG_DAL,2020,5,293,-347,7.5,-114,103,52,-107,-104
2020_05_MIN_SEA,2020,5,245,-284,6.5,-105,-105,54,-112,100
2020_05_LAC_NO,2020,5,288,-339,7,-106,-104,49.5,-118,106
2020_05_BUF_TEN,2020,5,-168,150,-3,-108,-102,52,-106,-105
2020_06_ATL_MIN,2020,6,167,-188,3.5,-102,-108,53,103,-115
2020_06_BAL_PHI,2020,6,-422,348,-10.5,108,-119,46.5,-104,-107
2020_06_CHI_CAR,2020,6,112,-124,2,-107,-103,45,-100,-111
2020_06_CIN_IND,2020,6,288,-340,7.5,-108,-102,46,-105,-106
2020_06_CLE_PIT,2020,6,143,-159,3,-102,-108,50,-106,-105
2020_06_DEN_NE,2020,6,280,-328,7,-103,-107,43.5,101,-113
2020_06_DET_JAX,2020,6,-154,139,-3,-105,-105,52.5,100,-112
2020_06_HOU_TEN,2020,6,169,-190,4,-110,100,52,-116,104
2020_06_WAS_NYG,2020,6,116,-128,2,-103,-107,42.5,-114,103
2020_06_NYJ_MIA,2020,6,340,-410,9.5,103,-113,46,104,-116
2020_06_GB_TB,2020,6,-145,131,-3,109,-121,55,-114,102
2020_06_LA_SF,2020,6,-124,112,-2,-103,-107,51,-102,-110
2020_06_KC_BUF,2020,6,-230,203,-5.5,-104,-106,55,-109,-102
2020_06_ARI_DAL,2020,6,103,-114,1,-104,-106,55.5,102,-114
2020_07_NYG_PHI,2020,7,197,-223,5,-109,-101,44.5,-107,-104
2020_07_BUF_NYJ,2020,7,-391,327,-9.5,101,-111,47,-115,103
2020_07_CAR_NO,2020,7,271,-317,7,-107,-103,49.5,-110,-101
2020_07_CLE_CIN,2020,7,-201,179,-4.5,103,-114,50,-114,102
2020_07_DAL_WAS,2020,7,-110,100,-1,-103,-107,44.5,-104,-107
2020_07_DET_ATL,2020,7,102,-113,1,-106,-104,54,-105,-106
2020_07_GB_HOU,2020,7,-140,127,-2.5,-113,102,55.5,-110,-101
2020_07_PIT_TEN,2020,7,103,-114,1,-102,-108,51,-111,-100
2020_07_TB_LV,2020,7,-192,171,-3.5,-108,-102,51.5,-106,-105
2020_07_JAX_LAC,2020,7,325,-389,8,-108,-102,48,-113,102
2020_07_KC_DEN,2020,7,-302,260,-7,103,-113,46,-111,-100
2020_07_SF_NE,2020,7,150,-167,3,102,-113,44,-113,101
2020_07_SEA_ARI,2020,7,-186,166,-3.5,-102,-108,55.5,-108,-103
2020_07_CHI_LA,2020,7,251,-291,6.5,101,-112,44,-109,-102
2020_08_ATL_CAR,2020,8,104,-115,1.5,-109,-102,52,-110,-101
2020_08_IND_DET,2020,8,-185,165,-3.5,-103,-107,49,-102,-109
2020_08_LA_MIA,2020,8,-176,157,-3.5,101,-111,46.5,-100,-111
2020_08_LV_CLE,2020,8,117,-130,1,111,-123,48,-117,105
2020_08_MIN_GB,2020,8,218,-249,5.5,-101,-109,47,-102,-109
2020_08_NE_BUF,2020,8,175,-197,4,-105,-105,41,-102,-109
2020_08_NYJ_KC,2020,8,1204,-1965,20,-102,-108,49,-105,-106
2020_08_PIT_BAL,2020,8,178,-200,4,-109,-102,44,-108,-103
2020_08_TEN_CIN,2020,8,-321,274,-7.5,107,-118,49.5,-115,103
2020_08_LAC_DEN,2020,8,-146,132,-3,103,-114,44.5,-106,-105
2020_08_NO_CHI,2020,8,-229,202,-5.5,100,-110,41,-109,-102
2020_08_SF_SEA,2020,8,-100,-110,1,-108,-102,54.5,-103,-108
2020_08_DAL_PHI,2020,8,335,-403,10,-100,-110,43,-105,-106
2020_08_TB_NYG,2020,8,-598,470,-13,105,-115,47,-115,103
2020_09_GB_SF,2020,9,-246,215,-6,100,-110,48.5,-113,101
2020_09_BAL_IND,2020,9,-106,-104,1,-113,102,48,-114,102
2020_09_CAR_KC,2020,9,365,-445,10,-106,-104,51.5,-102,-109
2020_09_CHI_TEN,2020,9,243,-280,6.5,-107,-103,46.5,-106,-105
2020_09_DEN_ATL,2020,9,193,-218,4.5,-108,-102,50,-101,-110
2020_09_DET_MIN,2020,9,155,-173,3,106,-117,51.5,-108,-104
2020_09_HOU_JAX,2020,9,-289,249,-7,106,-117,49,-107,-104
2020_09_NYG_WAS,2020,9,145,-162,3,-105,-105,43,-102,-109
2020_09_SEA_BUF,2020,9,-164,147,-3,-109,-101,55,-101,-110
2020_09_LV_LAC,2020,9,-112,102,-1,-105,-105,52.5,-102,-109
2020_09_MIA_ARI,2020,9,211,-241,6,-112,102,49,-108,-103
2020_09_PIT_DAL,2020,9,-789,591,-14,-100,-110,44,-103,-108
2020_09_NO_TB,2020,9,160,-179,3,107,-118,51,-106,-105
2020_09_NE_NYJ,2020,9,-372,312,-9.5,102,-113,41.5,-105,-106
2020_10_IND_TEN,2020,10,-115,105,-1,-107,-103,49,-100,-111
2020_10_HOU_CLE,2020,10,192,-217,4.5,-106,-104,46,-104,-107
2020_10_JAX_GB,2020,10,653,-893,13.5,-105,-105,47,-104,-107
2020_10_PHI_NYG,2020,10,-219,194,-4.5,-106,-104,45,102,-113
2020_10_TB_CAR,2020,10,-259,226,-6,-108,-102,49.5,-105,-106
2020_10_WAS_DET,2020,10,123,-136,2.5,100,-110,46,-111,100
2020_10_BUF_ARI,2020,10,138,-153,3,-108,-102,55.5,-106,-105
2020_10_DEN_LV,2020,10,168,-188,3.5,-106,-104,50.5,-110,-101
2020_10_LAC_MIA,2020,10,104,-115,1,-100,-110,48.5,-107,-104
2020_10_CIN_PIT,2020,10,255,-297,6.5,-101,-109,45.5,101,-112
2020_10_SEA_LA,2020,10,132,-146,3,-115,104,55,-100,-111
2020_10_SF_NO,2020,10,323,-387,9.5,-110,-101,49.5,-106,-105
2020_10_BAL_NE,2020,10,-318,272,-7,100,-110,44,-104,-107
2020_10_MIN_CHI,2020,10,-170,152,-3.5,108,-119,44,100,-111
2020_11_ARI_SEA,2020,11,147,-164,3,-105,-105,56.5,-101,-110
2020_11_ATL_NO,2020,11,162,-181,3.5,-109,-101,49.5,-103,-108
2020_11_CIN_WAS,2020,11,110,-121,2,-109,-101,48,-106,-105
2020_11_DET_CAR,2020,11,-169,152,-3,-119,108,47,-105,-106
2020_11_NE_HOU,2020,11,-147,132,-2.5,-117,106,49.5,-103,-108
2020_11_PHI_CLE,2020,11,122,-135,2.5,-104,-106,45.5,-109,-103
2020_11_PIT_JAX,2020,11,-475,386,-11,-103,-107,47,101,-113
2020_11_TEN_BAL,2020,11,221,-253,6,-103,-107,50.5,-102,-109
2020_11_MIA_DEN,2020,11,-196,174,-4,-105,-105,46,-108,-103
2020_11_NYJ_LAC,2020,11,351,-425,10,-110,-101,47,-104,-107
2020_11_DAL_MIN,2020,11,261,-304,7,-110,-100,50,-111,-101
2020_11_GB_IND,2020,11,109,-120,1.5,-104,-106,52,102,-114
2020_11_KC_LV,2020,11,-351,296,-7.5,-108,-102,56.5,-104,-107
2020_11_LA_TB,2020,11,173,-195,4,-109,-102,47.5,-109,-102
2020_12_HOU_DET,2020,12,-155,139,-3,-104,-106,52.5,-110,-101
2020_12_WAS_DAL,2020,12,122,-135,2.5,-104,-106,46,-105,-106
2020_12_ARI_NE,2020,12,-115,104,-1,-107,-103,51,-106,-105
2020_12_CAR_MIN,2020,12,131,-145,3,-115,104,50,-104,-107
2020_12_CLE_JAX,2020,12,-334,284,-7.5,102,-112,48.5,-112,100
2020_12_LAC_BUF,2020,12,189,-214,4.5,-107,-103,51,103,-114
2020_12_LV_ATL,2020,12,-184,164,-3.5,-105,-105,53,-109,-102
2020_12_MIA_NYJ,2020,12,-350,296,-7.5,-106,-104,46,100,-112
2020_12_NYG_CIN,2020,12,-260,227,-6.5,-103,-107,45,-109,-102
2020_12_TEN_IND,2020,12,133,-147,3,-114,103,51.5,-107,-104
2020_12_NO_DEN,2020,12,-1350,906,-17,-103,-107,36.5,-109,-102
2020_12_SF_LA,2020,12,190,-215,5,-112,101,44.5,-101,-110
2020_12_KC_TB,2020,12,-166,149,-3.5,112,-124,56,-103,-108
2020_12_CHI_GB,2020,12,293,-346,7.5,-116,105,44,-105,-106
2020_12_SEA_PHI,2020,12,-274,237,-6.5,-106,-104,50,-108,-103
2020_12_BAL_PIT,2020,12,416,-518,10.5,-109,-101,41.5,-104,-107
2020_13_CIN_MIA,2020,13,397,-491,10.5,-115,105,43,-103,-109
2020_13_CLE_TEN,2020,13,178,-200,4,-111,101,54,-107,-104
2020_13_DET_CHI,2020,13,145,-161,3,-100,-110,44,-108,-104
2020_13_IND_HOU,2020,13,-176,157,-3.5,101,-112,50,-105,-106
2020_13_JAX_MIN,2020,13,365,-445,10.5,-118,107,51,103,-114
2020_13_LV_NYJ,2020,13,-349,295,-7.5,103,-113,48,104,-116
2020_13_NO_ATL,2020,13,-141,127,-2.5,-113,102,46,-101,-110
2020_13_LA_ARI,2020,13,-144,130,-2.5,-114,103,49,-104,-107
2020_13_NYG_SEA,2020,13,413,-514,11,-114,104,48.5,-102,-110
2020_13_NE_LAC,2020,13,117,-129,2.5,-109,-102,47,-112,100
2020_13_PHI_GB,2020,13,328,-393,8,-102,-108,50,-107,-104
2020_13_DEN_KC,2020,13,510,-660,13,-120,108,51,-101,-111
2020_13_WAS_PIT,2020,13,231,-265,5.5,-100,-110,43.5,-101,-110
2020_13_BUF_SF,2020,13,110,-122,1.5,-103,-107,48,-103,-108
2020_13_DAL_BAL,2020,13,326,-390,8.5,-103,-108,46,-108,-103
2020_14_NE_LA,2020,14,201,-228,5,-103,-107,43.5,-102,-110
2020_14_ARI_NYG,2020,14,-154,139,-3,-106,-104,47,-101,-111
2020_14_DAL_CIN,2020,14,-164,148,-3,-114,103,44,-106,-105
2020_14_DEN_CAR,2020,14,177,-199,4,-101,-109,46,-101,-110
2020_14_HOU_CHI,2020,14,-114,104,-1,-107,-103,46,101,-112
2020_14_KC_MIA,2020,14,-330,281,-7.5,109,-121,51.5,-102,-109
2020_14_MIN_TB,2020,14,271,-317,7,-106,-104,52.5,-116,104
2020_14_TEN_JAX,2020,14,-364,307,-7.5,-106,-104,53,-112,101
2020_14_IND_LV,2020,14,-130,118,-2.5,-104,-106,51.5,-103,-108
2020_14_NYJ_SEA,2020,14,734,-1032,16.5,-110,-100,49.5,105,-117
2020_14_ATL_LAC,2020,14,107,-118,1,100,-110,49,-101,-111
2020_14_GB_DET,2020,14,-345,292,-9.5,106,-117,55.5,-105,-106
2020_14_NO_PHI,2020,14,-335,284,-7.5,-104,-106,43,-106,-105
2020_14_WAS_SF,2020,14,134,-149,3,-111,101,43.5,-104,-107
2020_14_PIT_BUF,2020,14,112,-124,2,-109,-102,48.5,-106,-105
2020_14_BAL_CLE,2020,14,-174,156,-3,-116,105,45.5,-100,-111
2020_15_LAC_LV,2020,15,156,-174,3.5,-123,111,52,-101,-110
2020_15_BUF_DEN,2020,15,-242,212,-5.5,-105,-105,49,-103,-108
2020_15_CAR_GB,2020,15,346,-419,9.5,-103,-107,53,-104,-107
2020_15_CHI_MIN,2020,15,137,-152,2.5,111,-123,47.5,-111,-101
2020_15_DET_TEN,2020,15,325,-389,9.5,-113,102,54.5,-109,-103
2020_15_HOU_IND,2020,15,311,-370,7.5,-108,-102,52.5,-106,-105
2020_15_JAX_BAL,2020,15,564,-746,13,-118,107,49.5,-110,-101
2020_15_NE_MIA,2020,15,-120,109,-1.5,-106,-104,40,100,-112
2020_15_SEA_WAS,2020,15,-251,219,-6,-103,-107,44.5,-103,-108
2020_15_SF_DAL,2020,15,-202,180,-4,-106,-104,46,-106,-105
2020_15_TB_ATL,2020,15,-258,225,-6,-104,-106,49.5,-103,-108
2020_15_NYJ_LA,2020,15,957,-1601,17.5,-115,104,44.5,-102,-110
2020_15_PHI_ARI,2020,15,226,-259,6.5,-114,103,49.5,-103,-108
2020_15_KC_NO,2020,15,-137,124,-2.5,-113,102,53.5,101,-112
2020_15_CLE_NYG,2020,15,-271,235,-6,-108,-102,44.5,-100,-111
2020_15_PIT_CIN,2020,15,-942,682,-14.5,-101,-109,40.5,-107,-104
2020_16_MIN_NO,2020,16,260,-302,6.5,-109,-102,49,-109,-102
2020_16_TB_DET,2020,16,-591,455,-12,101,-111,55,-107,-104
2020_16_SF_ARI,2020,16,242,-280,6,-108,-102,49,-104,-107
2020_16_MIA_LV,2020,16,-125,113,-2,-104,-106,50,101,-112
2020_16_ATL_KC,2020,16,409,-508,11,-110,-100,54,-106,-105
2020_16_CHI_JAX,2020,16,-452,370,-9.5,-108,-103,47,-105,-106
2020_16_CIN_HOU,2020,16,276,-324,7.5,-113,102,46,-105,-106
2020_16_CLE_NYJ,2020,16,-303,260,-6.5,-114,103,45,-105,-106
2020_16_IND_PIT,2020,16,-106,-104,-1,100,-111,43,-105,-106
2020_16_NYG_BAL,2020,16,348,-420,10,-116,105,43.5,-110,-101
2020_16_CAR_WAS,2020,16,-112,102,-1,-105,-105,41,102,-114
2020_16_DEN_LAC,2020,16,113,-125,2.5,-111,100,47.5,-104,-108
2020_16_LA_SEA,2020,16,115,-127,1.5,103,-114,48,-111,100
2020_16_PHI_DAL,2020,16,-166,149,-3,-115,104,50,-103,-108
2020_16_TEN_GB,2020,16,159,-177,3,107,-118,52.5,-104,-107
2020_16_BUF_NE,2020,16,-313,268,-7,-102,-108,47,100,-112
2020_17_ATL_TB,2020,17,276,-323,7.5,-123,111,51,-100,-111
2020_17_BAL_CIN,2020,17,-799,597,-13.5,106,-117,46,-109,-102
2020_17_DAL_NYG,2020,17,-121,109,-1.5,-106,-104,44.5,-109,-103
2020_17_MIA_BUF,2020,17,-153,138,-3.5,113,-125,42.5,102,-114
2020_17_MIN_DET,2020,17,-161,145,-3,-110,-100,54,-112,101
2020_17_NYJ_NE,2020,17,145,-161,3,-101,-110,41,-102,-109
2020_17_PIT_CLE,2020,17,376,-460,10.5,-111,100,45,-112,101
2020_17_ARI_LA,2020,17,113,-125,1,105,-116,42,-107,-104
2020_17_GB_CHI,2020,17,-207,184,-4.5,-103,-107,48.5,-112,100
2020_17_JAX_IND,2020,17,906,-1350,15.5,104,-115,48,-112,100
2020_17_LAC_KC,2020,17,-282,244,-7,106,-117,43,-103,-108
2020_17_LV_DEN,2020,17,-144,130,-2.5,-115,104,50.5,-103,-108
2020_17_NO_CAR,2020,17,-250,219,-6,100,-110,47,-108,-104
2020_17_SEA_SF,2020,17,-310,266,-7,101,-112,45,-113,102
2020_17_TEN_HOU,2020,17,-301,259,-7,101,-111,55.5,-113,101
2020_17_WAS_PHI,2020,17,-283,245,-6.5,-109,-101,43.5,101,-112
2020_18_IND_BUF,2020,18,277,-325,7,-118,107,50.5,-106,-105
2020_18_LA_SEA,2020,18,154,-172,3,102,-113,42,-101,-111
2020_18_TB_WAS,2020,18,-456,373,-10,-101,-109,45,-104,-107
2020_18_BAL_TEN,2020,18,-182,163,-3.5,-103,-107,53,100,-112
2020_18_CHI_NO,2020,18,443,-558,11,102,-113,48,-109,-102
2020_18_CLE_PIT,2020,18,210,-239,5,-100,-110,47.5,-110,-101
2020_19_LA_GB,2020,19,296,-351,7,-109,-101,45,-107,-105
2020_19_BAL_BUF,2020,19,124,-137,2.5,103,-114,50,-108,-103
2020_19_CLE_KC,2020,19,316,-376,7.5,-105,-105,55.5,-106,-105
2020_19_TB_NO,2020,19,120,-133,2.5,-104,-106,53,-108,-103
2020_20_TB_GB,2020,20,157,-176,3,108,-119,53,-102,-109
2020_20_BUF_KC,2020,20,142,-158,3,-108,-102,54.5,102,-114
2020_21_KC_TB,2020,21,-161,145,-3,-107,-103,55,-112,101
2021_01_DAL_TB,2021,1,351,-425,10,-121,110,52.5,-108,-103
2021_01_ARI_TEN,2021,1,131,-146,2.5,105,-116,54,-103,-108
2021_01_JAX_HOU,2021,1,-172,154,-3.5,103,-113,45.5,-107,-104
2021_01_LAC_WAS,2021,1,117,-129,2.5,-109,-101,45.5,-115,103
2021_01_MIN_CIN,2021,1,-135,122,-3,109,-120,47,102,-114
2021_01_NYJ_CAR,2021,1,164,-184,3.5,-108,-102,44.5,-107,-104
2021_01_PHI_ATL,2021,1,161,-180,3.5,-109,-101,49,-108,-103
2021_01_PIT_BUF,2021,1,232,-267,6.5,-110,-100,48,-114,103
2021_01_SEA_IND,2021,1,-146,132,-3,106,-117,49,-105,-106
2021_01_SF_DET,2021,1,-415,344,-9.5,-105,-105,46,-103,-108
2021_01_CLE_KC,2021,1,211,-241,5.5,-101,-110,54.5,-107,-105
2021_01_DEN_NYG,2021,1,-139,125,-3,109,-120,41.5,-105,-106
2021_01_GB_NO,2021,1,-181,162,-4,103,-114,49,-110,-102
2021_01_MIA_NE,2021,1,155,-173,3.5,-113,102,43.5,-114,103
2021_01_CHI_LA,2021,1,324,-387,9.5,-108,-102,46,-107,-104
2021_01_BAL_LV,2021,1,-167,149,-3,-116,105,50.5,-111,-100
2021_02_NYG_WAS,2021,2,176,-198,4,-103,-107,42,-112,100
2021_02_BUF_MIA,2021,2,-179,160,-3.5,103,-113,48,-103,-109
2021_02_CIN_CHI,2021,2,114,-126,2,-105,-105,44.5,-107,-104
2021_02_DEN_JAX,2021,2,-241,211,-6,104,-115,45,-107,-104
2021_02_HOU_CLE,2021,2,521,-675,13.5,-103,-107,48.5,103,-115
2021_02_LA_IND,2021,2,-205,182,-4,-110,-100,48,-115,103
2021_02_LV_PIT,2021,2,201,-228,5.5,-109,-102,46.5,104,-116
2021_02_NE_NYJ,2021,2,-235,207,-5.5,-105,-105,43,102,-113
2021_02_NO_CAR,2021,2,-145,131,-3,102,-113,45,-106,-105
2021_02_SF_PHI,2021,2,-144,130,-3,104,-115,49,-109,-102
2021_02_ATL_TB,2021,2,582,-772,13.5,-108,-102,52,-103,-108
2021_02_MIN_ARI,2021,2,170,-191,4,-111,101,51,-111,-101
2021_02_DAL_LAC,2021,2,135,-150,3,-109,-101,55,-101,-110
2021_02_TEN_SEA,2021,2,247,-286,6.5,-100,-110,53.5,-102,-109
2021_02_KC_BAL,2021,2,-171,153,-3.5,107,-118,53.5,-110,-101
2021_02_DET_GB,2021,2,400,-494,11.5,-112,102,49.5,-101,-110
2021_03_CAR_HOU,2021,3,-420,348,-8,-115,104,43,-101,-110
2021_03_ARI_JAX,2021,3,-360,304,-8,-101,-110,51.5,-104,-107
2021_03_ATL_NYG,2021,3,129,-143,3,-115,105,48,-110,-101
2021_03_BAL_DET,2021,3,-344,292,-7.5,-100,-110,51,-105,-106
2021_03_CHI_CLE,2021,3,315,-375,7.5,-102,-108,45,-106,-105
2021_03_CIN_PIT,2021,3,126,-140,2.5,103,-114,42.5,-112,101
2021_03_IND_TEN,2021,3,175,-196,4.5,-113,103,47,-104,-107
2021_03_LAC_KC,2021,3,237,-273,6.5,-100,-110,55,-108,-103
2021_03_NO_NE,2021,3,130,-144,3,-117,106,44,-114,102
2021_03_WAS_BUF,2021,3,281,-330,7.5,-114,103,45.5,-105,-106
2021_03_MIA_LV,2021,3,173,-194,4,-107,-103,45,-100,-111
2021_03_NYJ_DEN,2021,3,470,-597,10.5,-109,-101,42,-107,-104
2021_03_SEA_MIN,2021,3,-120,109,-2,-101,-109,53.5,-104,-107
2021_03_TB_LA,2021,3,-106,-104,-1,100,-110,55,-102,-109
2021_03_GB_SF,2021,3,160,-179,3.5,-113,103,50.5,-103,-108
2021_03_PHI_DAL,2021,3,168,-189,3.5,-103,-107,51.5,-110,-101
2021_04_JAX_CIN,2021,4,313,-373,7.5,105,-116,46,101,-113
2021_04_CAR_DAL,2021,4,186,-210,4.5,-106,-104,51.5,-114,102
2021_04_CLE_MIN,2021,4,-105,-106,-1,102,-113,52,102,-114
2021_04_DET_CHI,2021,4,134,-148,3,-109,-101,42,-110,-101
2021_04_HOU_BUF,2021,4,988,-1500,19,-108,-102,47.5,-106,-105
2021_04_IND_MIA,2021,4,130,-144,2.5,102,-113,41.5,-104,-107
2021_04_KC_PHI,2021,4,-349,296,-7.5,101,-112,53.5,-105,-106
2021_04_NYG_NO,2021,4,286,-337,7.5,-118,107,43,103,-115
2021_04_TEN_NYJ,2021,4,-234,206,-5.5,-104,-106,44.5,-106,-105
2021_04_WAS_ATL,2021,4,-117,106,-1,-111,100,47.5,-114,102
2021_04_ARI_LA,2021,4,178,-200,3.5,100,-111,53.5,-101,-110
2021_04_SEA_SF,2021,4,120,-133,2.5,-103,-107,52,-108,-103
2021_04_BAL_DEN,2021,4,107,-118,1,101,-111,44,-106,-105
2021_04_PIT_GB,2021,4,239,-276,6.5,-104,-106,45,-103,-108
2021_04_TB_NE,2021,4,-255,223,-6,-105,-105,49.5,-110,-101
2021_04_LV_LAC,2021,4,144,-161,3,-101,-109,52,-108,-103
2021_05_LA_SEA,2021,5,-135,122,-2.5,-116,105,53.5,-106,-105
2021_05_NYJ_ATL,2021,5,138,-153,3,-107,-103,45.5,102,-113
2021_05_DEN_PIT,2021,5,-124,113,-2,-106,-104,40,101,-113
2021_05_DET_MIN,2021,5,346,-418,10,-110,-100,49.5,102,-113
2021_05_GB_CIN,2021,5,-123,111,-2,-104,-106,50,-108,-104
2021_05_MIA_TB,2021,5,448,-564,11,-100,-110,48,-104,-107
2021_05_NE_HOU,2021,5,-339,288,-8,102,-112,39.5,-112,101
2021_05_NO_WAS,2021,5,-130,117,-2.5,-106,-104,43.5,-101,-110
2021_05_PHI_CAR,2021,5,126,-139,2.5,104,-114,46,-106,-105
2021_05_TEN_JAX,2021,5,-191,170,-4,-100,-110,49,-102,-109
2021_05_CHI_LV,2021,5,215,-245,5.5,-102,-108,46,-111,-101
2021_05_CLE_LAC,2021,5,117,-129,2.5,-106,-104,46.5,102,-114
2021_05_NYG_DAL,2021,5,285,-335,7.5,-112,102,53,104,-116
2021_05_SF_ARI,2021,5,231,-266,6,-110,-100,48.5,-105,-106
2021_05_BUF_KC,2021,5,121,-134,2.5,-101,-109,57,103,-114
2021_05_IND_BAL,2021,5,301,-356,7.5,-105,-105,46.5,-103,-108
2021_06_TB_PHI,2021,6,-274,238,-7,103,-114,53,-107,-104
2021_06_MIA_JAX,2021,6,-122,110,-2.5,104,-115,47.5,-107,-105
2021_06_CIN_DET,2021,6,-192,171,-3.5,-110,-100,46.5,-110,-101
2021_06_GB_CHI,2021,6,-228,201,-5.5,-106,-104,44,-105,-106
2021_06_HOU_IND,2021,6,363,-442,10.5,-117,106,43.5,-111,-100
2021_06_KC_WAS,2021,6,-255,223,-6,-105,-105,54,-106,-105
2021_06_LAC_BAL,2021,6,149,-166,3,106,-116,50.5,105,-117
2021_06_LA_NYG,2021,6,-328,280,-7.5,107,-118,49.5,-113,101
2021_06_MIN_CAR,2021,6,-134,121,-2.5,-110,-100,45.5,-110,-101
2021_06_ARI_CLE,2021,6,129,-143,3,-117,106,48,102,-114
2021_06_DAL_NE,2021,6,-189,169,-3.5,-108,-102,50.5,-106,-105
2021_06_LV_DEN,2021,6,182,-205,5,-111,101,45.5,-111,-100
2021_06_SEA_PIT,2021,6,189,-213,5.5,-104,-106,43,-104,-107
2021_06_BUF_TEN,2021,6,-239,210,-6,-102,-108,53.5,-113,101
2021_07_DEN_CLE,2021,7,110,-121,2,-107,-103,40.5,-106,-105
2021_07_ATL_MIA,2021,7,-129,117,-1.5,-113,103,48.5,-113,101
2021_07_CAR_NYG,2021,7,-154,139,-3,-103,-107,42.5,-105,-106
2021_07_CIN_BAL,2021,7,236,-272,6.5,-109,-101,45.5,-102,-109
2021_07_KC_TEN,2021,7,-209,185,-4,-110,-100,57.5,-111,-101
2021_07_NYJ_NE,2021,7,261,-303,7,-108,-102,43,-112,100
2021_07_WAS_GB,2021,7,331,-397,8.5,-105,-105,48,-117,105
2021_07_DET_LA,2021,7,860,-1256,17,-116,105,51,-110,-101
2021_07_PHI_LV,2021,7,-102,-108,1,-109,-101,48,-106,-105
2021_07_CHI_TB,2021,7,501,-644,12.5,-114,103,47,-110,-101
2021_07_HOU_ARI,2021,7,1119,-1766,20.5,-111,100,47,101,-112
2021_07_IND_SF,2021,7,152,-169,3.5,-117,106,41.5,-102,-110
2021_07_NO_SEA,2021,7,-237,208,-6,-104,-106,42,-102,-109
2021_08_GB_ARI,2021,8,242,-279,6.5,-104,-106,51,-105,-106
2021_08_CAR_ATL,2021,8,117,-129,2.5,-109,-101,47,-111,100
2021_08_CIN_NYJ,2021,8,-510,411,-11.5,-105,-105,43.5,-109,-102
2021_08_LA_HOU,2021,8,-1010,724,-17,107,-118,47,-108,-103
2021_08_MIA_BUF,2021,8,709,-983,15,-108,-102,48.5,-103,-108
2021_08_PHI_DET,2021,8,-168,151,-3,-116,105,48.5,-110,-101
2021_08_PIT_CLE,2021,8,196,-222,5.5,-108,-102,43,-105,-106
2021_08_SF_CHI,2021,8,-210,186,-4.5,-103,-107,40,102,-114
2021_08_TEN_IND,2021,8,144,-160,3,-102,-108,51,-112,101
2021_08_JAX_SEA,2021,8,171,-192,4,-105,-105,44,-101,-111
2021_08_NE_LAC,2021,8,163,-183,3.5,-101,-109,50.5,-106,-105
2021_08_TB_NO,2021,8,-188,168,-4,-101,-109,48.5,-109,-102
2021_08_WAS_DEN,2021,8,170,-191,4,-108,-102,45,-116,104
2021_08_DAL_MIN,2021,8,193,-219,4.5,-109,-101,49.5,-110,-101
2021_08_NYG_KC,2021,8,425,-530,10.5,-107,-103,53,-101,-110
2021_09_NYJ_IND,2021,9,410,-509,10.5,-108,-102,46,-111,-101
2021_09_ATL_NO,2021,9,240,-277,7,-117,106,43,-101,-110
2021_09_BUF_JAX,2021,9,-1101,776,-14.5,-120,109,48,-103,-108
2021_09_CLE_CIN,2021,9,117,-129,2.5,-105,-105,47.5,-106,-105
2021_09_DEN_DAL,2021,9,378,-462,10.5,-107,-103,50,-103,-108
2021_09_HOU_MIA,2021,9,166,-185,4,-112,101,45,-109,-102
2021_09_LV_NYG,2021,9,-152,137,-3,-102,-108,47,-108,-103
2021_09_MIN_BAL,2021,9,262,-305,7.5,-117,106,51,-109,-102
2021_09_NE_CAR,2021,9,-176,157,-3.5,-101,-109,41.5,100,-111
2021_09_LAC_PHI,2021,9,-106,-104,-1,-101,-110,49.5,-105,-106
2021_09_ARI_SF,2021,9,207,-235,5.5,-105,-105,44.5,-109,-102
2021_09_GB_KC,2021,9,275,-322,7,-107,-104,48,-102,-109
2021_09_TEN_LA,2021,9,296,-350,7,103,-114,53.5,-111,-100
2021_09_CHI_PIT,2021,9,263,-306,7,-109,-101,40,-103,-108
2021_10_BAL_MIA,2021,10,-390,326,-8.5,-106,-104,46.5,-106,-105
2021_10_ATL_DAL,2021,10,328,-392,8,-105,-105,55,-108,-103
2021_10_BUF_NYJ,2021,10,-685,527,-13,101,-111,47,104,-116
2021_10_CLE_NE,2021,10,119,-132,2.5,-104,-106,45.5,-108,-103
2021_10_DET_PIT,2021,10,303,-359,9,-121,110,43,-114,102
2021_10_JAX_IND,2021,10,358,-434,10.5,-115,104,47.5,-108,-103
2021_10_NO_TEN,2021,10,133,-147,3,-114,103,44,-109,-102
2021_10_TB_WAS,2021,10,-435,359,-10,106,-117,51,-109,-102
2021_10_CAR_ARI,2021,10,280,-329,7,-103,-107,42,-113,101
2021_10_MIN_LAC,2021,10,160,-179,3,111,-123,53.5,-104,-107
2021_10_PHI_DEN,2021,10,101,-111,1,-108,-102,44.5,-103,-108
2021_10_SEA_GB,2021,10,151,-168,3,104,-115,49.5,-117,105
2021_10_KC_LV,2021,10,-147,133,-2.5,-123,111,53.5,-108,-103
2021_10_LA_SF,2021,10,-177,158,-3.5,-100,-110,50,-110,-102
2021_11_NE_ATL,2021,11,-329,280,-7,-111,101,47.5,-108,-103
2021_11_BAL_CHI,2021,11,-226,199,-5,-103,-107,43,-104,-107
2021_11_DET_CLE,2021,11,465,-590,13,-106,-104,42.5,-103,-108
2021_11_GB_MIN,2021,11,-111,101,-1,-105,-105,48,-113,102
2021_11_HOU_TEN,2021,11,377,-462,10.5,-110,-100,44.5,-110,-101
2021_11_IND_BUF,2021,11,274,-320,7.5,-116,105,49.5,-111,100
2021_11_MIA_NYJ,2021,11,-181,162,-3.5,-103,-107,44.5,101,-112
2021_11_NO_PHI,2021,11,130,-144,2.5,106,-117,42.5,-111,-100
2021_11_SF_JAX,2021,11,-281,243,-6.5,-106,-104,45,-103,-108
2021_11_WAS_CAR,2021,11,154,-172,3.5,-114,103,43,-108,-103
2021_11_CIN_LV,2021,11,-123,112,-1,-115,105,50.5,-110,-101
2021_11_ARI_SEA,2021,11,135,-150,2.5,111,-122,46,-113,101
2021_11_DAL_KC,2021,11,122,-134,2.5,-101,-110,56,-115,103
2021_11_PIT_LAC,2021,11,220,-251,5.5,103,-114,47.5,-105,-106
2021_11_NYG_TB,2021,11,423,-527,11.5,-113,102,49.5,-102,-109
2021_12_CHI_DET,2021,12,-129,115,-2,-107,-104,41.5,-103,-108
2021_12_LV_DAL,2021,12,269,-314,7,-106,-105,51,-103,-108
2021_12_BUF_NO,2021,12,-270,235,-7,100,-112,45,-110,-101
2021_12_ATL_JAX,2021,12,-115,105,-1.5,-102,-108,46,-108,-103
2021_12_CAR_MIA,2021,12,-119,108,-1,-110,-101,41,102,-113
2021_12_NYJ_HOU,2021,12,125,-138,3,-124,111,44.5,-103,-108
2021_12_PHI_NYG,2021,12,-192,171,-4,100,-110,45.5,-107,-104
2021_12_PIT_CIN,2021,12,154,-172,3.5,-111,-100,43.5,-102,-110
2021_12_TB_IND,2021,12,-149,135,-3,101,-112,53,-109,-102
2021_12_TEN_NE,2021,12,262,-305,7.5,-118,106,43,-103,-108
2021_12_LAC_DEN,2021,12,-141,127,-2.5,-114,103,47.5,-111,-100
2021_12_LA_GB,2021,12,-120,108,-2,-100,-110,47,-109,-102
2021_12_MIN_SF,2021,12,164,-183,3.5,-108,-102,49,-101,-110
2021_12_CLE_BAL,2021,12,140,-156,3,-110,-102,47,-101,-110
2021_12_SEA_WAS,2021,12,-128,116,-1,-121,108,47,-116,104
2021_13_DAL_NO,2021,13,-254,222,-6,-110,100,46,-106,-105
2021_13_ARI_CHI,2021,13,-373,314,-7.5,-116,104,43.5,-101,-110
2021_13_IND_HOU,2021,13,-408,339,-10,-105,-106,45.5,-107,-104
2021_13_LAC_CIN,2021,13,127,-141,2.5,104,-116,49.5,-101,-111
2021_13_MIN_DET,2021,13,-296,255,-7,-104,-107,47.5,-107,-104
2021_13_NYG_MIA,2021,13,253,-293,6.5,108,-120,40,100,-111
2021_13_PHI_NYJ,2021,13,-199,177,-5,102,-113,44,-102,-109
2021_13_TB_ATL,2021,13,-475,387,-11,-103,-108,51,-107,-104
2021_13_JAX_LA,2021,13,597,-796,14,-103,-108,48,-109,-102
2021_13_WAS_LV,2021,13,116,-128,1,108,-121,47.5,-114,103
2021_13_BAL_PIT,2021,13,-195,174,-4,-104,-107,44,-109,-102
2021_13_SF_SEA,2021,13,-138,125,-3,108,-120,44.5,-103,-108
2021_13_DEN_KC,2021,13,323,-387,8.5,-106,-105,46.5,-108,-103
2021_13_NE_BUF,2021,13,132,-146,3,-116,104,40,-102,-109
2021_14_PIT_MIN,2021,14,157,-175,3.5,-117,105,45,-104,-107
2021_14_ATL_CAR,2021,14,123,-136,2.5,-104,-107,41,105,-116
2021_14_BAL_CLE,2021,14,135,-150,3,-104,-107,44,-103,-108
2021_14_DAL_WAS,2021,14,-284,246,-6.5,-115,103,48,-108,-103
2021_14_JAX_TEN,2021,14,321,-384,8.5,-108,-103,44.5,-108,-103
2021_14_LV_KC,2021,14,365,-444,10,-108,-103,48,-103,-108
2021_14_NO_NYJ,2021,14,-194,173,-4.5,103,-114,42,-112,100
2021_14_SEA_HOU,2021,14,-401,334,-10,104,-116,40.5,105,-117
2021_14_DET_DEN,2021,14,495,-635,13,-109,-102,42,-106,-105
2021_14_NYG_LAC,2021,14,329,-395,9.5,-118,106,44,-108,-103
2021_14_BUF_TB,2021,14,161,-181,3.5,-106,-105,52.5,-101,-110
2021_14_SF_CIN,2021,14,-130,117,-2.5,-103,-108,49,-103,-108
2021_14_CHI_GB,2021,14,498,-639,11.5,-102,-109,43,103,-114
2021_14_LA_ARI,2021,14,154,-172,3,104,-116,51,-106,-105
2021_15_KC_LAC,2021,15,-173,155,-3,-117,105,54,-113,101
2021_15_NE_IND,2021,15,-102,-109,-1,-101,-110,46,103,-115
2021_15_ARI_DET,2021,15,-634,495,-13,-102,-109,48,-107,-104
2021_15_CAR_BUF,2021,15,562,-739,14,102,-114,43,-107,-104
2021_15_DAL_NYG,2021,15,-534,428,-11.5,-120,108,43,104,-116
2021_15_HOU_JAX,2021,15,224,-257,6,-111,-101,40,-105,-106
2021_15_NYJ_MIA,2021,15,366,-445,10.5,-114,102,42,-104,-107
2021_15_TEN_PIT,2021,15,109,-121,1,102,-114,44,-105,-106
2021_15_ATL_SF,2021,15,319,-380,9.5,-114,102,48,-106,-105
2021_15_CIN_DEN,2021,15,140,-155,3,-110,-101,45,-123,110
2021_15_GB_BAL,2021,15,-354,299,-9.5,104,-116,45.5,-109,-102
2021_15_NO_TB,2021,15,417,-518,11.5,-101,-110,45.5,-101,-110
2021_15_LV_CLE,2021,15,-147,131,-3,-102,-109,41,-100,-111
2021_15_MIN_CHI,2021,15,-320,274,-7,-114,102,48,-114,103
2021_15_SEA_LA,2021,15,298,-352,7.5,-120,108,47,-101,-110
2021_15_WAS_PHI,2021,15,380,-465,10,-101,-110,39.5,-110,-101
2021_16_SF_TEN,2021,16,-171,154,-3.5,108,-120,45.5,-116,104
2021_16_CLE_GB,2021,16,343,-430,7.5,101,-112,46.5,-100,-111
2021_16_IND_ARI,2021,16,143,-161,3,102,-114,48,-106,-105
2021_16_BAL_CIN,2021,16,306,-369,7.5,-102,-109,43,102,-114
2021_16_BUF_NE,2021,16,102,-114,1,-106,-105,43.5,-105,-106
2021_16_DET_ATL,2021,16,309,-373,7.5,-106,-105,42.5,102,-113
2021_16_JAX_NYJ,2021,16,114,-125,2.5,-111,100,42.5,106,-118
2021_16_LAC_HOU,2021,16,-661,500,-13.5,102,-114,46,-108,-103
2021_16_LA_MIN,2021,16,-177,158,-3.5,-103,-108,48.5,-100,-111
2021_16_NYG_PHI,2021,16,416,-529,11,-108,-103,41,-105,-106
2021_16_TB_CAR,2021,16,-503,399,-11.5,105,-117,44.5,-113,101
2021_16_CHI_SEA,2021,16,268,-313,7,-103,-108,41,-109,-102
2021_16_DEN_LV,2021,16,-109,-102,-1,-101,-110,42,-113,101
2021_16_PIT_KC,2021,16,328,-400,10.5,-114,102,44,-103,-109
2021_16_WAS_DAL,2021,16,367,-457,10.5,-113,101,45.5,101,-112
2021_16_MIA_NO,2021,16,-160,143,-3,-110,-101,37.5,-105,-106
2021_17_ATL_BUF,2021,17,625,-871,14,-101,-111,46.5,-103,-108
2021_17_JAX_NE,2021,17,727,-1056,17.5,-109,-102,42,-108,-103
2021_17_KC_CIN,2021,17,-178,157,-3.5,-103,-108,51,-102,-110
2021_17_LA_BAL,2021,17,-313,264,-7,-110,-101,47,-108,-103
2021_17_LV_IND,2021,17,325,-397,8.5,100,-112,46.5,101,-113
2021_17_MIA_TEN,2021,17,151,-170,3,106,-118,41,-104,-107
2021_17_NYG_CHI,2021,17,245,-287,7,-115,104,36.5,-102,-109
2021_17_PHI_WAS,2021,17,-238,206,-6.5,103,-115,44.5,102,-113
2021_17_TB_NYJ,2021,17,-868,623,-14.5,-101,-110,48,-104,-107
2021_17_DEN_LAC,2021,17,285,-340,8,-117,105,45.5,-108,-103
2021_17_HOU_SF,2021,17,463,-602,14,-113,101,44,-102,-109
2021_17_ARI_DAL,2021,17,225,-262,6.5,-103,-108,53,-104,-107
2021_17_CAR_NO,2021,17,238,-279,7,-110,-101,37,100,-112
2021_17_DET_SEA,2021,17,327,-399,8.5,103,-114,41.5,-111,-101
2021_17_MIN_GB,2021,17,525,-702,13,-116,105,42,-100,-111
2021_17_CLE_PIT,2021,17,-117,105,-1,-110,-101,43.5,-111,-100
2021_18_KC_DEN,2021,18,-600,435,-11.5,-110,-110,44.5,-110,-110
2021_18_DAL_PHI,2021,18,-300,235,-6.5,-110,-110,46,-110,-110
2021_18_CHI_MIN,2021,18,160,-190,3.5,-110,-110,45.5,-110,-110
2021_18_CIN_CLE,2021,18,215,-265,6.5,-110,-110,38,-110,-110
2021_18_GB_DET,2021,18,-195,165,-4,-110,-110,45,-115,-105
2021_18_IND_JAX,2021,18,-1000,650,-14,-110,-110,43,-110,-110
2021_18_PIT_BAL,2021,18,135,-155,3,-110,-110,41,-115,-105
2021_18_TEN_HOU,2021,18,-575,410,-10.5,-105,-115,43,-110,-110
2021_18_WAS_NYG,2021,18,-238,206,-6,-102,-109,36,-100,-111
2021_18_CAR_TB,2021,18,375,-510,11,-110,-110,43,-105,-115
2021_18_NE_MIA,2021,18,-250,200,-6,-110,-110,41,-110,-110
2021_18_NO_ATL,2021,18,-213,186,-4.5,-111,-100,40,102,-113
2021_18_NYJ_BUF,2021,18,750,-1250,16,-110,-110,43,-110,-110
2021_18_SEA_ARI,2021,18,190,-235,5.5,-110,-110,48,100,-120
2021_18_SF_LA,2021,18,150,-170,3,-105,-115,46.5,-115,-105
2021_18_LAC_LV,2021,18,-180,155,-3.5,-110,-110,48,-110,-110
2021_19_LV_CIN,2021,19,214,-248,6,-103,-109,48.5,-106,-105
2021_19_NE_BUF,2021,19,181,-207,4.5,-111,-100,43,-111,-101
2021_19_PHI_TB,2021,19,293,-352,7.5,-107,-104,45.5,100,-112
2021_19_SF_DAL,2021,19,144,-162,3,100,-112,51,-111,100
2021_19_PIT_KC,2021,19,522,-697,13,-124,111,46,-107,-104
2021_19_ARI_LA,2021,19,158,-179,4,-117,105,49.5,-103,-109
2021_20_CIN_TEN,2021,20,170,-191,4,-109,-102,48.5,-102,-110
2021_20_SF_GB,2021,20,228,-261,5.5,102,-114,47,-104,-107
2021_20_LA_TB,2021,20,131,-145,2.5,108,-121,48,-102,-109
2021_20_BUF_KC,2021,20,124,-138,2.5,-101,-110,54,-105,-106
2021_21_CIN_KC,2021,21,250,-320,7,-105,-115,54.5,-110,-110
2021_21_SF_LA,2021,21,155,-180,3.5,-110,-110,45.5,-105,-115
2021_22_LA_CIN,2021,22,-190,160,-4.5,-110,-110,48.5,-110,-110
2022_01_BUF_LA,2022,1,-117,106,-1,-112,101,51.5,-101,-111
2022_01_BAL_NYJ,2022,1,-265,231,-6.5,-103,-107,44,-109,-103
2022_01_CLE_CAR,2022,1,114,-125,2.5,-112,102,42.5,-113,100
2022_01_IND_HOU,2022,1,-290,250,-7,-103,-107,46,-110,-102
2022_01_JAX_WAS,2022,1,143,-159,3,-101,-110,43.5,-110,-102
2022_01_NE_MIA,2022,1,140,-155,3,-104,-106,47,-109,-103
2022_01_NO_ATL,2022,1,-228,201,-6,-103,-107,43.5,-104,-108
2022_01_PHI_DET,2022,1,-240,211,-6,-110,-100,49,-117,104
2022_01_PIT_CIN,2022,1,264,-308,7.5,-119,107,44.5,101,-113
2022_01_SF_CHI,2022,1,-248,217,-6.5,100,-111,38,-103,-109
2022_01_GB_MIN,2022,1,113,-125,2.5,-116,105,47,-114,101
2022_01_KC_ARI,2022,1,-252,221,-6,-107,-104,54,-110,-102
2022_01_LV_LAC,2022,1,161,-180,3.5,-106,-104,52.5,-103,-109
2022_01_NYG_TEN,2022,1,209,-239,5.5,-108,-102,43.5,-101,-111
2022_01_TB_DAL,2022,1,-133,120,-2.5,-108,-102,49.5,-102,-110
2022_01_DEN_SEA,2022,1,-253,221,-6,-107,-103,44,-115,102
2022_02_LAC_KC,2022,2,167,-188,4,-113,102,52.5,-101,-111
2022_02_CAR_NYG,2022,2,-114,103,-1,-106,-104,44,-102,-110
2022_02_IND_JAX,2022,2,-157,142,-3,-107,-103,43.5,-104,-108
2022_02_MIA_BAL,2022,2,148,-164,3,103,-114,44,-114,101
2022_02_NE_PIT,2022,2,-150,135,-3,-102,-109,40,-101,-111
2022_02_NYJ_CLE,2022,2,207,-235,6.5,-111,100,38.5,-107,-105
2022_02_TB_NO,2022,2,-138,124,-2.5,-109,-102,44,-117,104
2022_02_WAS_DET,2022,2,-114,103,-1,-107,-103,48.5,-114,101
2022_02_ATL_LA,2022,2,385,-473,10.5,-113,103,46.5,-116,103
2022_02_SEA_SF,2022,2,318,-379,8.5,-113,102,40,-112,-100
2022_02_ARI_LV,2022,2,197,-223,5.5,-110,100,51.5,-105,-107
2022_02_CIN_DAL,2022,2,-303,260,-7.5,110,-122,42,-104,-108
2022_02_HOU_DEN,2022,2,391,-481,10.5,-114,103,46,-110,-102
2022_02_CHI_GB,2022,2,348,-420,10.5,-111,100,42,-104,-108
2022_02_TEN_BUF,2022,2,329,-395,10,-115,104,47.5,-108,-104
2022_02_MIN_PHI,2022,2,127,-141,2.5,106,-117,49.5,-115,102
2022_03_PIT_CLE,2022,3,183,-206,4.5,-111,101,38,-107,-105
2022_03_BAL_NE,2022,3,-143,129,-2.5,-114,104,45.5,-109,-103
2022_03_BUF_MIA,2022,3,-196,175,-4,-104,-106,54,-103,-109
2022_03_CIN_NYJ,2022,3,-247,220,-6.5,104,-115,46,-106,-106
2022_03_DET_MIN,2022,3,232,-266,6.5,-101,-110,52,-117,104
2022_03_HOU_CHI,2022,3,141,-156,3,-107,-103,40,-107,-105
2022_03_KC_IND,2022,3,-199,177,-4.5,103,-114,51,-105,-107
2022_03_LV_TEN,2022,3,-130,117,-1.5,-113,103,45.5,-109,-103
2022_03_NO_CAR,2022,3,-123,112,-2,-102,-109,41,-112,-100
2022_03_PHI_WAS,2022,3,-240,210,-6,102,-112,47,-101,-111
2022_03_JAX_LAC,2022,3,220,-252,6.5,-106,-104,46,-112,-100
2022_03_ATL_SEA,2022,3,-104,-106,1,-112,102,43,103,-115
2022_03_GB_TB,2022,3,112,-123,1,105,-115,41.5,-103,-109
2022_03_LA_ARI,2022,3,-171,153,-3.5,104,-115,49,-114,102
2022_03_SF_DEN,2022,3,-110,-101,-1,-102,-108,44,101,-114
2022_03_DAL_NYG,2022,3,109,-120,1,103,-113,38.5,-102,-110
2022_04_MIA_CIN,2022,4,169,-190,4,-107,-103,48.5,-103,-109
2022_04_MIN_NO,2022,4,-199,177,-4,-103,-107,42,-110,-102
2022_04_BUF_BAL,2022,4,-172,154,-3,-117,106,50,-103,-109
2022_04_CHI_NYG,2022,4,130,-144,3,-120,109,39,-103,-110
2022_04_CLE_ATL,2022,4,-107,-103,-1,-101,-109,48,-100,-112
2022_04_JAX_PHI,2022,4,223,-256,6.5,-109,-102,44,-102,-111
2022_04_LAC_HOU,2022,4,-234,205,-5.5,-106,-104,45,102,-115
2022_04_NYJ_PIT,2022,4,145,-161,3,-102,-108,41,102,-115
2022_04_SEA_DET,2022,4,151,-169,3,103,-113,48.5,-112,-101
2022_04_TEN_IND,2022,4,182,-205,4.5,-105,-105,43,-102,-110
2022_04_WAS_DAL,2022,4,140,-155,3,-110,-101,40.5,-101,-111
2022_04_ARI_CAR,2022,4,102,-113,1,-104,-106,44,-113,100
2022_04_DEN_LV,2022,4,124,-137,2.5,-101,-109,45.5,-110,-102
2022_04_NE_GB,2022,4,358,-435,10,-120,109,40.5,-111,-101
2022_04_KC_TB,2022,4,113,-125,1,107,-118,46.5,102,-115
2022_04_LA_SF,2022,4,112,-124,1,106,-116,42,-109,-103
2022_05_IND_DEN,2022,5,159,-178,3.5,-114,104,42,-106,-106
2022_05_NYG_GB,2022,5,331,-397,8.5,104,-115,42,-110,-102
2022_05_ATL_TB,2022,5,355,-430,10.5,-113,102,46,101,-113
2022_05_CHI_MIN,2022,5,322,-385,10,-116,105,44,-106,-106
2022_05_DET_NE,2022,5,133,-148,3,-113,102,46.5,101,-114
2022_05_HOU_JAX,2022,5,261,-304,7,-113,102,44,-112,-101
2022_05_LAC_CLE,2022,5,-114,103,-1,-106,-104,47,-114,102
2022_05_MIA_NYJ,2022,5,-162,146,-3,-110,100,46,-101,-111
2022_05_PIT_BUF,2022,5,568,-749,14,-108,-102,44,-103,-110
2022_05_SEA_NO,2022,5,201,-229,5.5,-106,-104,45.5,-113,100
2022_05_TEN_WAS,2022,5,-110,-100,-1,-102,-108,43,-106,-106
2022_05_SF_CAR,2022,5,-234,206,-6,-102,-109,40,-104,-108
2022_05_DAL_LA,2022,5,195,-220,5.5,-112,102,42,-106,-106
2022_05_PHI_ARI,2022,5,-222,196,-5.5,101,-111,48.5,101,-113
2022_05_CIN_BAL,2022,5,151,-168,3,103,-114,47.5,-104,-108
2022_05_LV_KC,2022,5,275,-321,7.5,-125,113,51.5,-109,-103
2022_06_WAS_CHI,2022,6,-120,109,-1,-112,102,38.5,-105,-107
2022_06_BAL_NYG,2022,6,-234,206,-5.5,-107,-103,46,-110,-102
2022_06_CIN_NO,2022,6,-164,148,-3,-110,100,42.5,-104,-108
2022_06_JAX_IND,2022,6,110,-122,1,103,-114,41,100,-113
2022_06_MIN_MIA,2022,6,-175,157,-3,-120,109,45,-107,-105
2022_06_NE_CLE,2022,6,127,-140,2.5,101,-111,43,-104,-108
2022_06_NYJ_GB,2022,6,305,-362,7.5,-101,-109,44.5,-101,-111
2022_06_SF_ATL,2022,6,-185,166,-3.5,-100,-110,46,-109,-103
2022_06_TB_PIT,2022,6,-386,323,-10,103,-113,47,-117,104
2022_06_ARI_SEA,2022,6,-136,123,-2.5,-106,-104,50,-102,-110
2022_06_CAR_LA,2022,6,343,-413,10,-112,102,41.5,-109,-103
2022_06_BUF_KC,2022,6,-146,132,-2.5,-116,105,54,-105,-107
2022_06_DAL_PHI,2022,6,252,-292,6.5,109,-120,42.5,-104,-108
2022_06_DEN_LAC,2022,6,166,-186,3.5,-103,-107,45.5,-115,102
2022_07_NO_ARI,2022,7,126,-140,2.5,-101,-109,44,-114,101
2022_07_ATL_CIN,2022,7,235,-271,6.5,-100,-110,47.5,100,-112
2022_07_CLE_BAL,2022,7,244,-282,6.5,100,-110,46,-100,-112
2022_07_DET_DAL,2022,7,241,-278,7,-112,102,49.5,-102,-110
2022_07_GB_WAS,2022,7,-195,173,-4,-102,-108,41.5,-105,-107
2022_07_IND_TEN,2022,7,129,-143,2.5,-102,-108,43,-104,-109
2022_07_NYG_JAX,2022,7,148,-165,3,102,-112,44,-105,-107
2022_07_TB_CAR,2022,7,-680,524,-13,-103,-107,39.5,-116,103
2022_07_HOU_LV,2022,7,278,-325,7,104,-115,46,-104,-108
2022_07_NYJ_DEN,2022,7,-127,115,-2,-106,-104,37,-114,101
2022_07_KC_SF,2022,7,-106,-104,-1,102,-112,49,-114,101
2022_07_SEA_LAC,2022,7,193,-219,5.5,-111,101,51.5,-114,101
2022_07_PIT_MIA,2022,7,255,-297,7.5,-119,108,44.5,-107,-105
2022_07_CHI_NE,2022,7,327,-392,9.5,-110,-100,40,-106,-106
2022_08_BAL_TB,2022,8,116,-128,2,-104,-106,46,-102,-110
2022_08_DEN_JAX,2022,8,-103,-107,1,-112,101,41,-103,-109
2022_08_ARI_MIN,2022,8,177,-199,4,-105,-105,48.5,-106,-106
2022_08_CAR_ATL,2022,8,178,-201,4.5,-110,-100,41,-106,-106
2022_08_CHI_DAL,2022,8,355,-430,10.5,-121,109,43,-108,-104
2022_08_LV_NO,2022,8,-119,108,-1,-111,101,48.5,-111,-101
2022_08_MIA_DET,2022,8,-190,169,-3.5,-112,102,52,-108,-104
2022_08_NE_NYJ,2022,8,-155,140,-3,-103,-107,40,-102,-110
2022_08_PIT_PHI,2022,8,397,-490,11,102,-112,43,-110,-102
2022_08_TEN_HOU,2022,8,-115,104,-1,-107,-103,39,-102,-110
2022_08_NYG_SEA,2022,8,147,-164,3,-100,-110,44.5,-110,-102
2022_08_SF_LA,2022,8,-104,-106,-1,103,-114,42,-103,-109
2022_08_WAS_IND,2022,8,136,-151,3,-114,103,40.5,-110,-102
2022_08_GB_BUF,2022,8,365,-445,10.5,-110,100,47,-104,-108
2022_08_CIN_CLE,2022,8,-163,147,-3,-112,102,45,-102,-110
2022_09_PHI_HOU,2022,9,-702,539,-14,102,-113,45.5,-112,-101
2022_09_BUF_NYJ,2022,9,-494,400,-11,103,-114,46,-102,-110
2022_09_CAR_CIN,2022,9,282,-331,7,-100,-110,43,-114,101
2022_09_GB_DET,2022,9,-191,170,-4,-107,-103,49.5,-107,-105
2022_09_IND_NE,2022,9,188,-212,5,-115,104,40,-109,-103
2022_09_LAC_ATL,2022,9,-143,130,-2.5,-114,103,49.5,-105,-107
2022_09_LV_JAX,2022,9,-129,116,-2.5,-102,-108,47.5,105,-118
2022_09_MIA_CHI,2022,9,-193,172,-4,-103,-107,46,-104,-108
2022_09_MIN_WAS,2022,9,-169,151,-3,-119,108,43.5,-106,-106
2022_09_SEA_ARI,2022,9,116,-128,1.5,102,-113,49.5,-115,103
2022_09_LA_TB,2022,9,142,-158,3,-104,-106,43,-108,-104
2022_09_TEN_KC,2022,9,530,-689,14,-107,-103,45,-106,-106
2022_09_BAL_NO,2022,9,-124,112,-1,-117,106,46,-108,-104
2022_10_ATL_CAR,2022,10,-132,119,-2.5,-103,-107,41.5,-106,-106
2022_10_SEA_TB,2022,10,124,-138,2.5,103,-114,45,-104,-108
2022_10_CLE_MIA,2022,10,158,-177,3,112,-123,49,-102,-110
2022_10_DEN_TEN,2022,10,122,-135,2.5,-105,-105,40,-107,-105
2022_10_DET_CHI,2022,10,143,-159,3,-105,-105,48.5,-114,101
2022_10_HOU_NYG,2022,10,195,-221,5.5,-112,102,41.5,-109,-103
2022_10_JAX_KC,2022,10,333,-399,10,-120,109,51.5,-110,-102
2022_10_MIN_BUF,2022,10,230,-264,6.5,-104,-106,47,-105,-107
2022_10_NO_PIT,2022,10,105,-116,1,-103,-107,39.5,-104,-109
2022_10_IND_LV,2022,10,177,-199,4.5,-112,101,41,101,-114
2022_10_ARI_LA,2022,10,160,-183,3.5,-110,-102,38,-108,-104
2022_10_DAL_GB,2022,10,-199,177,-3.5,-113,102,44.5,-104,-108
2022_10_LAC_SF,2022,10,302,-357,8.5,-105,-105,45.5,101,-113
2022_10_WAS_PHI,2022,10,405,-501,11,-107,-103,43,-103,-109
2022_11_TEN_GB,2022,11,153,-171,3,106,-117,40.5,-109,-103
2022_11_CAR_BAL,2022,11,503,-647,13,-117,106,42,-112,-100
2022_11_CHI_ATL,2022,11,125,-138,3,-122,110,48.5,-108,-104
2022_11_CLE_BUF,2022,11,298,-353,7.5,-103,-108,50.5,-103,-109
2022_11_DET_NYG,2022,11,143,-159,3,-104,-107,44,103,-116
2022_11_LA_NO,2022,11,112,-124,2.5,-115,104,39.5,-106,-106
2022_11_NYJ_NE,2022,11,163,-182,3.5,-109,-102,38.5,-103,-109
2022_11_PHI_IND,2022,11,-270,235,-6.5,-108,-102,45.5,-103,-109
2022_11_WAS_HOU,2022,11,-150,135,-3,-100,-110,41,-106,-106
2022_11_LV_DEN,2022,11,131,-145,2.5,106,-117,41.5,-113,100
2022_11_CIN_PIT,2022,11,-182,163,-3.5,101,-111,39,100,-112
2022_11_DAL_MIN,2022,11,-131,118,-1.5,-115,104,48.5,-109,-103
2022_11_KC_LAC,2022,11,-231,203,-5.5,-102,-108,52.5,-102,-110
2022_11_SF_ARI,2022,11,-422,350,-10,103,-113,43.5,-114,101
2022_12_BUF_DET,2022,12,-412,342,-10,105,-116,54,-102,-110
2022_12_NYG_DAL,2022,12,363,-441,10.5,-114,104,45.5,-106,-106
2022_12_NE_MIN,2022,12,123,-136,2.5,-102,-108,42.5,-106,-106
2022_12_ATL_WAS,2022,12,163,-183,3.5,-110,-100,40.5,-114,101
2022_12_BAL_JAX,2022,12,-164,147,-3.5,111,-123,43,-102,-111
2022_12_CHI_NYJ,2022,12,315,-375,8.5,-107,-103,36.5,-103,-109
2022_12_CIN_TEN,2022,12,-105,-105,-1,102,-113,43,-118,105
2022_12_DEN_CAR,2022,12,-116,105,-1,-109,-101,36.5,-111,-101
2022_12_HOU_MIA,2022,12,613,-822,14,-101,-109,47,-103,-109
2022_12_TB_CLE,2022,12,-169,151,-3,-118,107,42,-103,-109
2022_12_LAC_ARI,2022,12,-136,123,-2.5,-108,-102,48.5,-100,-112
2022_12_LV_SEA,2022,12,174,-196,4,-107,-103,47.5,-103,-109
2022_12_LA_KC,2022,12,768,-1088,16.5,-115,105,42,-108,-104
2022_12_NO_SF,2022,12,327,-392,9.5,-113,103,44,-116,103
2022_12_GB_PHI,2022,12,241,-278,6.5,-105,-105,46,-106,-106
2022_12_PIT_IND,2022,12,116,-128,2.5,-110,-100,40,-114,101
2022_13_BUF_NE,2022,13,-185,165,-3.5,-105,-105,43.5,-103,-109
2022_13_CLE_HOU,2022,13,-329,280,-7.5,-108,-102,47,-119,106
2022_13_DEN_BAL,2022,13,294,-347,9.5,-124,112,40.5,100,-113
2022_13_GB_CHI,2022,13,-182,163,-4,105,-116,45,-114,101
2022_13_JAX_DET,2022,13,107,-118,1,-100,-110,51.5,-114,101
2022_13_NYJ_MIN,2022,13,132,-146,3,-117,106,44,-108,-104
2022_13_PIT_ATL,2022,13,-113,103,-1,-105,-105,43,-108,-104
2022_13_TEN_PHI,2022,13,189,-213,5,-109,-101,44.5,101,-114
2022_13_WAS_NYG,2022,13,-124,113,-2.5,105,-116,40,-104,-108
2022_13_MIA_SF,2022,13,196,-222,4.5,101,-111,46,-110,-102
2022_13_SEA_LA,2022,13,-292,252,-7,107,-118,41,101,-114
2022_13_KC_CIN,2022,13,-132,120,-2.5,-108,-102,53,-107,-105
2022_13_LAC_LV,2022,13,125,-139,2.5,-102,-109,49,102,-114
2022_13_IND_DAL,2022,13,376,-460,11,-109,-101,44.5,-104,-108
2022_13_NO_TB,2022,13,169,-190,3.5,-105,-105,41,-107,-105
2022_14_LV_LA,2022,14,-283,245,-6.5,-112,101,42.5,-115,102
2022_14_BAL_PIT,2022,14,112,-124,1.5,-101,-109,37,-114,101
2022_14_CLE_CIN,2022,14,181,-204,4.5,-108,-102,47,-108,-105
2022_14_HOU_DAL,2022,14,918,-1365,17,104,-115,44.5,-108,-104
2022_14_JAX_TEN,2022,14,151,-169,3,106,-117,42,-112,-101
2022_14_MIN_DET,2022,14,119,-132,2.5,-108,-102,51.5,-110,-102
2022_14_NYJ_BUF,2022,14,332,-398,10,-108,-102,43.5,-104,-108
2022_14_PHI_NYG,2022,14,-302,260,-7.5,104,-115,44.5,-109,-103
2022_14_KC_DEN,2022,14,-394,329,-8.5,-108,-103,44.5,-112,-100
2022_14_CAR_SEA,2022,14,178,-200,3.5,106,-117,44.5,-109,-104
2022_14_TB_SF,2022,14,175,-196,3.5,-107,-103,38,104,-117
2022_14_MIA_LAC,2022,14,-163,146,-3,-113,102,54.5,-102,-110
2022_14_NE_ARI,2022,14,-125,113,-2,-104,-106,44,-103,-110
2022_15_SF_SEA,2022,15,-169,152,-3,-115,104,43,-109,-103
2022_15_IND_MIN,2022,15,168,-188,3.5,-103,-107,46.5,-107,-105
2022_15_BAL_CLE,2022,15,139,-155,2.5,113,-125,39.5,-107,-105
2022_15_MIA_BUF,2022,15,273,-320,7,-104,-106,44,106,-119
2022_15_ATL_NO,2022,15,203,-231,5,103,-113,43.5,-109,-103
2022_15_DAL_JAX,2022,15,-188,168,-4,100,-110,48.5,-103,-110
2022_15_DET_NYJ,2022,15,120,-132,2,-100,-110,44,-109,-103
2022_15_KC_HOU,2022,15,-755,572,-14.5,109,-120,48.5,-109,-103
2022_15_PHI_CHI,2022,15,-386,323,-8.5,-104,-106,48,-110,-103
2022_15_PIT_CAR,2022,15,130,-145,2.5,-100,-110,36.5,101,-114
2022_15_ARI_DEN,2022,15,110,-121,1.5,-104,-106,37.5,-110,-103
2022_15_NE_LV,2022,15,117,-129,1,111,-122,45,-105,-108
2022_15_CIN_TB,2022,15,-167,150,-3.5,108,-120,47,101,-114
2022_15_TEN_LAC,2022,15,142,-158,3,-108,-102,46.5,-101,-112
2022_15_NYG_WAS,2022,15,180,-203,4.5,-114,103,40.5,-104,-108
2022_15_LA_GB,2022,15,301,-356,8,-111,101,39.5,-101,-111
2022_16_JAX_NYJ,2022,16,123,-136,2.5,-104,-106,36.5,-106,-106
2022_16_ATL_BAL,2022,16,238,-274,6.5,-108,-102,35,-105,-107
2022_16_BUF_CHI,2022,16,-360,304,-8,-110,-100,40,102,-115
2022_16_CIN_NE,2022,16,-151,136,-3,100,-110,42,-109,-103
2022_16_DET_CAR,2022,16,-129,117,-2.5,101,-111,43.5,-112,-100
2022_16_NO_CLE,2022,16,162,-181,3,111,-123,32,-108,-104
2022_16_NYG_MIN,2022,16,191,-215,4.5,-102,-108,48,-109,-104
2022_16_SEA_KC,2022,16,367,-447,10.5,-107,-103,50.5,-105,-107
2022_16_HOU_TEN,2022,16,153,-170,3,103,-113,34,-111,-101
2022_16_WAS_SF,2022,16,241,-279,6.5,-107,-103,37.5,-114,102
2022_16_PHI_DAL,2022,16,178,-200,4,-104,-106,48,-112,-101
2022_16_LV_PIT,2022,16,127,-141,2.5,-108,-102,38.5,-110,-102
2022_16_GB_MIA,2022,16,163,-182,3.5,-107,-103,49,-103,-109
2022_16_DEN_LA,2022,16,-173,155,-3,-116,105,36.5,-109,-103
2022_16_TB_ARI,2022,16,-320,273,-7.5,102,-113,41.5,-104,-108
2022_16_LAC_IND,2022,16,-185,165,-3.5,-102,-108,44.5,-103,-109
2022_17_DAL_TEN,2022,17,-741,563,-14,-100,-110,41,-113,101
2022_17_ARI_ATL,2022,17,241,-279,7,-119,108,41,-113,100
2022_17_CAR_TB,2022,17,164,-184,3.5,-110,-100,40.5,-103,-109
2022_17_CHI_DET,2022,17,194,-219,4.5,-105,-105,52.5,-111,-101
2022_17_CLE_WAS,2022,17,106,-117,1,-101,-110,41.5,-109,-103
2022_17_DEN_KC,2022,17,544,-711,13.5,-114,104,46,-104,-108
2022_17_IND_NYG,2022,17,202,-229,5.5,-105,-105,38.5,-103,-109
2022_17_JAX_HOU,2022,17,-187,167,-3.5,-104,-106,43,102,-115
2022_17_MIA_NE,2022,17,144,-160,3,-106,-104,41.5,-107,-105
2022_17_NO_PHI,2022,17,198,-225,5.5,-110,-100,41.5,101,-113
2022_17_NYJ_SEA,2022,17,-113,102,-1,-105,-105,43,-103,-109
2022_17_SF_LV,2022,17,-453,371,-10,-103,-107,41.5,-107,-105
2022_17_LA_LAC,2022,17,244,-283,6.5,-102,-108,41.5,-112,-100
2022_17_MIN_GB,2022,17,155,-173,3,106,-117,47.5,-103,-109
2022_17_PIT_BAL,2022,17,110,-121,1,102,-113,35.5,-105,-107
2022_18_KC_LV,2022,18,-407,338,-9,-105,-105,51.5,-108,-104
2022_18_TEN_JAX,2022,18,227,-260,6,-106,-104,39.5,-106,-106
2022_18_BAL_CIN,2022,18,474,-603,11,105,-116,39,-102,-110
2022_18_CAR_NO,2022,18,160,-179,3.5,-114,103,41.5,-107,-105
2022_18_CLE_PIT,2022,18,128,-142,2.5,-101,-109,40,-106,-106
2022_18_HOU_IND,2022,18,128,-142,3,-119,108,38,-111,-101
2022_18_MIN_CHI,2022,18,-260,227,-6.5,-104,-106,42.5,-103,-109
2022_18_NE_BUF,2022,18,314,-373,8,104,-115,44,-104,-108
2022_18_NYJ_MIA,2022,18,178,-200,3.5,-103,-107,37.5,-110,-103
2022_18_TB_ATL,2022,18,207,-235,6,-110,100,40.5,-106,-106
2022_18_ARI_SF,2022,18,753,-1061,14,100,-111,40,-107,-105
2022_18_DAL_WAS,2022,18,-320,274,-7.5,-100,-110,40.5,-104,-108
2022_18_LAC_DEN,2022,18,222,-254,6,-104,-106,38.5,-103,-110
2022_18_LA_SEA,2022,18,198,-224,5.5,-112,102,41.5,-101,-111
2022_18_NYG_PHI,2022,18,858,-1252,16.5,-103,-107,42.5,-105,-107
2022_18_DET_GB,2022,18,237,-273,5.5,-110,-100,49,-113,101
2022_19_SEA_SF,2022,19,367,-447,10,-123,112,42,-102,-110
2022_19_LAC_JAX,2022,19,-126,114,-2,-102,-108,46.5,-105,-107
2022_19_MIA_BUF,2022,19,649,-882,14,-116,105,44,-105,-107
2022_19_NYG_MIN,2022,19,129,-142,2.5,103,-113,48,-104,-108
2022_19_BAL_CIN,2022,19,311,-370,7.5,-104,-106,40,-104,-108
2022_19_DAL_TB,2022,19,-135,122,-2.5,-108,-103,45.5,-105,-107
2022_20_JAX_KC,2022,20,377,-461,10,-119,108,52.5,-116,103
2022_20_NYG_PHI,2022,20,304,-360,8,101,-111,48,-113,101
2022_20_CIN_BUF,2022,20,226,-259,6,-107,-103,48.5,-107,-105
2022_20_DAL_SF,2022,20,164,-183,3.5,-107,-103,46.5,-105,-107
2022_21_SF_PHI,2022,21,133,-147,2.5,105,-116,45,-114,101
2022_21_CIN_KC,2022,21,119,-131,2,-103,-107,48.5,-106,-106
2022_22_KC_PHI,2022,22,104,-115,1,-103,-107,51,-104,-108
2023_01_DET_KC,2023,1,164,-198,4,-110,-110,53,-110,-110
2023_01_ARI_WAS,2023,1,270,-340,7,-108,-112,38,-110,-110
2023_01_CAR_ATL,2023,1,160,-192,3.5,-108,-112,40.5,-110,-110
2023_01_CIN_CLE,2023,1,-112,-108,-1,-105,-115,46.5,-110,-110
2023_01_HOU_BAL,2023,1,380,-500,9.5,-110,-110,43.5,-110,-110
2023_01_JAX_IND,2023,1,-205,170,-4,-108,-112,45.5,-110,-110
2023_01_SF_PIT,2023,1,-120,100,-1.5,-108,-112,41.5,-110,-110
2023_01_TB_MIN,2023,1,170,-205,4,-110,-110,45,-110,-110
2023_01_TEN_NO,2023,1,124,-148,3,-118,-102,41,-110,-110
2023_01_GB_CHI,2023,1,-102,-118,1,-110,-110,41,-112,-108
2023_01_LA_SEA,2023,1,180,-218,4.5,-110,-110,45,-110,-110
2023_01_LV_DEN,2023,1,136,-162,3,-105,-115,43,-110,-110
2023_01_MIA_LAC,2023,1,136,-162,3,-110,-110,50.5,-110,-110
2023_01_PHI_NE,2023,1,-185,154,-3.5,-110,-110,44.5,-112,-108
2023_01_DAL_NYG,2023,1,-170,142,-3.5,100,-120,44.5,-110,-110
2023_01_BUF_NYJ,2023,1,-135,114,-2.5,-110,-110,44.5,-110,-110
2023_02_MIN_PHI,2023,2,195,-238,6,-110,-110,49,-110,-110
2023_02_BAL_CIN,2023,2,145,-175,3.5,-118,-102,45.5,-110,-110
2023_02_CHI_TB,2023,2,114,-135,2.5,-110,-110,41,-110,-110
2023_02_GB_ATL,2023,2,124,-148,3,-115,-105,40.5,-110,-110
2023_02_IND_HOU,2023,2,-110,-110,-1,-105,-115,40,-110,-110
2023_02_KC_JAX,2023,2,-170,142,-3.5,-102,-118,50.5,-110,-110
2023_02_LAC_TEN,2023,2,-142,120,-2.5,-118,-102,45.5,-110,-110
2023_02_LV_BUF,2023,2,280,-355,7.5,-110,-110,47,-110,-110
2023_02_SEA_DET,2023,2,180,-218,4.5,-110,-110,47.5,-108,-112
2023_02_NYG_ARI,2023,2,-225,185,-5,-110,-110,40,-110,-110
2023_02_SF_LA,2023,2,-340,270,-7.5,-105,-115,45,-110,-110
2023_02_NYJ_DAL,2023,2,300,-380,8.5,-110,-110,38.5,-110,-110
2023_02_WAS_DEN,2023,2,164,-198,4,-110,-110,38.5,-110,-110
2023_02_MIA_NE,2023,2,-130,110,-2,-112,-108,46.5,-112,-108
2023_02_NO_CAR,2023,2,-175,145,-3,-118,-102,39.5,-108,-112
2023_02_CLE_PIT,2023,2,-148,124,-2.5,-115,-105,39,-110,-110
2023_03_NYG_SF,2023,3,400,-535,10.5,-105,-115,43.5,-108,-112
2023_03_ATL_DET,2023,3,140,-166,3,100,-120,47.5,-108,-112
2023_03_BUF_WAS,2023,3,-245,200,-5.5,-115,-105,44,-108,-112
2023_03_DEN_MIA,2023,3,205,-250,6,-110,-110,47.5,-110,-110
2023_03_HOU_JAX,2023,3,300,-380,7.5,-110,-110,43.5,-110,-110
2023_03_IND_BAL,2023,3,300,-380,7.5,-110,-110,43.5,-110,-110
2023_03_LAC_MIN,2023,3,-110,-110,1,-115,-105,54,-110,-110
2023_03_NE_NYJ,2023,3,-142,120,-2.5,-112,-108,35.5,-110,-110
2023_03_NO_GB,2023,3,-125,105,-1.5,-110,-110,41.5,-110,-110
2023_03_TEN_CLE,2023,3,154,-185,3.5,-110,-110,38,-110,-110
2023_03_CAR_SEA,2023,3,185,-225,5,-110,-110,42.5,-110,-110
2023_03_CHI_KC,2023,3,525,-750,13,-110,-110,48,-110,-110
2023_03_DAL_ARI,2023,3,-650,470,-11.5,-110,-110,43.5,-110,-110
2023_03_PIT_LV,2023,3,124,-148,3,-110,-110,43.5,-110,-110
2023_03_PHI_TB,2023,3,-258,210,-6,-110,-110,44,-108,-112
2023_03_LA_CIN,2023,3,136,-162,3,100,-120,45.5,-108,-112
2023_04_DET_GB,2023,4,-142,120,-2.5,-118,-102,45,-110,-110
2023_04_ATL_JAX,2023,4,154,-185,3.5,-110,-110,42.5,-112,-108
2023_04_BAL_CLE,2023,4,-135,114,-2,-110,-110,38.5,-110,-110
2023_04_CIN_TEN,2023,4,-162,136,-2.5,-120,100,41.5,-108,-112
2023_04_DEN_CHI,2023,4,-162,136,-3,-112,-108,47,-110,-110
2023_04_LA_IND,2023,4,-115,-105,-1,-110,-110,44.5,-110,-110
2023_04_MIA_BUF,2023,4,120,-142,2.5,100,-120,53,-110,-110
2023_04_MIN_CAR,2023,4,-225,185,-4.5,-112,-108,46.5,-110,-110
2023_04_PIT_HOU,2023,4,-162,136,-3,-110,-110,41.5,-110,-110
2023_04_TB_NO,2023,4,170,-205,4,-110,-110,41,-110,-110
2023_04_WAS_PHI,2023,4,350,-455,9.5,-110,-110,43,-110,-110
2023_04_LV_LAC,2023,4,250,-310,7,-115,-105,49,-110,-110
2023_04_ARI_SF,2023,4,700,-1100,15,-108,-112,44,-105,-115
2023_04_NE_DAL,2023,4,230,-285,6.5,-108,-112,43,-110,-110
2023_04_KC_NYJ,2023,4,-485,370,-9.5,-110,-110,41.5,-105,-115
2023_04_SEA_NYG,2023,4,-142,120,-2.5,-115,-105,46.5,-115,-105
2023_05_CHI_WAS,2023,5,210,-258,6,-110,-110,45.5,-112,-108
2023_05_JAX_BUF,2023,5,205,-250,5.5,-110,-110,48.5,-108,-112
2023_05_BAL_PIT,2023,5,-230,190,-4.5,-112,-108,38.5,-110,-110
2023_05_CAR_DET,2023,5,350,-455,9.5,-110,-110,43.5,-110,-110
2023_05_HOU_ATL,2023,5,120,-142,2.5,-110,-110,42,-110,-110
2023_05_NO_NE,2023,5,114,-135,2.5,-110,-110,38.5,-110,-110
2023_05_NYG_MIA,2023,5,525,-750,12.5,-110,-110,47.5,-108,-112
2023_05_TEN_IND,2023,5,-142,120,-2.5,-110,-110,43.5,-110,-110
2023_05_CIN_ARI,2023,5,-170,142,-3,-120,100,45.5,-110,-110
2023_05_PHI_LA,2023,5,-192,160,-3.5,-110,-110,50.5,-110,-110
2023_05_KC_MIN,2023,5,-180,150,-3.5,-105,-115,52.5,-110,-110
2023_05_NYJ_DEN,2023,5,114,-135,2.5,-110,-110,42.5,-110,-110
2023_05_DAL_SF,2023,5,150,-180,3.5,-115,-105,45,-105,-115
2023_05_GB_LV,2023,5,-102,-118,1,-110,-110,45,-110,-110
2023_06_DEN_KC,2023,6,470,-650,10.5,-108,-112,47.5,-112,-108
2023_06_BAL_TEN,2023,6,-250,205,-5.5,-112,-108,42.5,-110,-110
2023_06_CAR_MIA,2023,6,700,-1100,14,-110,-110,47.5,-112,-108
2023_06_IND_JAX,2023,6,170,-205,4,-110,-110,44,-110,-110
2023_06_MIN_CHI,2023,6,-166,140,-3,-115,-105,44.5,-112,-108
2023_06_NO_HOU,2023,6,-130,110,-2,-110,-110,42.5,-112,-108
2023_06_SEA_CIN,2023,6,130,-155,3,-112,-108,45.5,-108,-112
2023_06_SF_CLE,2023,6,-470,360,-9.5,-115,-105,36,-110,-110
2023_06_WAS_ATL,2023,6,105,-125,1.5,-108,-112,42,-110,-110
2023_06_NE_LV,2023,6,124,-148,3,-118,-102,41.5,-110,-110
2023_06_ARI_LA,2023,6,270,-340,7,-105,-115,48,-110,-110
2023_06_DET_TB,2023,6,-162,136,-3,-115,-105,43.5,-112,-108
2023_06_PHI_NYJ,2023,6,-305,245,-6.5,-115,-105,43,-105,-115
2023_06_NYG_BUF,2023,6,750,-1200,15.5,-110,-110,43.5,-110,-110
2023_06_DAL_LAC,2023,6,-130,110,-1.5,-112,-108,49.5,-108,-112
2023_07_JAX_NO,2023,7,124,-148,2.5,-108,-112,41,-110,-110
2023_07_ATL_TB,2023,7,124,-148,3,-115,-105,37.5,-115,-105
2023_07_BUF_NE,2023,7,-395,310,-7.5,-110,-110,41,-110,-110
2023_07_CLE_IND,2023,7,-180,150,-3.5,-108,-112,40,-110,-110
2023_07_DET_BAL,2023,7,136,-162,3,-105,-115,43.5,-108,-112
2023_07_LV_CHI,2023,7,-142,120,-2.5,-110,-110,38.5,-110,-110
2023_07_WAS_NYG,2023,7,-162,136,-3,-108,-112,37,-112,-108
2023_07_ARI_SEA,2023,7,350,-455,9.5,-112,-108,43.5,-110,-110
2023_07_PIT_LA,2023,7,145,-175,3.5,-118,-102,44,-112,-108
2023_07_GB_DEN,2023,7,-102,-118,1.5,-112,-108,44,-110,-110
2023_07_LAC_KC,2023,7,215,-265,5.5,-105,-115,48.5,-108,-112
2023_07_MIA_PHI,2023,7,130,-155,3,-112,-108,52,-110,-110
2023_07_SF_MIN,2023,7,-325,260,-7,-105,-115,44.5,-110,-110
2023_08_TB_BUF,2023,8,370,-485,10,-112,-108,43,-110,-110
2023_08_ATL_TEN,2023,8,-130,110,-2.5,-110,-110,35,-110,-110
2023_08_HOU_CAR,2023,8,-162,136,-3,-118,-102,43,-110,-110
2023_08_JAX_PIT,2023,8,-135,114,-2.5,-110,-110,41,-110,-110
2023_08_LA_DAL,2023,8,250,-310,6.5,-105,-115,44.5,-110,-110
2023_08_MIN_GB,2023,8,-112,-108,-1,-108,-112,41.5,-108,-112
2023_08_NE_MIA,2023,8,300,-380,7.5,-110,-110,46.5,-110,-110
2023_08_NO_IND,2023,8,-130,110,-2,-110,-110,43.5,-110,-110
2023_08_NYJ_NYG,2023,8,-162,136,-3,-115,-105,35,-112,-108
2023_08_PHI_WAS,2023,8,-305,245,-7,-110,-110,42.5,-110,-110
2023_08_CLE_SEA,2023,8,164,-198,4,-110,-110,39.5,-112,-108
2023_08_BAL_ARI,2023,8,-500,380,-9.5,-110,-110,44.5,-110,-110
2023_08_CIN_SF,2023,8,170,-205,4,-105,-115,44,-110,-110
2023_08_KC_DEN,2023,8,-340,270,-7,-102,-118,45.5,-110,-110
2023_08_CHI_LAC,2023,8,340,-440,9.5,-108,-112,46,-112,-108
2023_08_LV_DET,2023,8,270,-340,7,-110,-110,46,-110,-110
2023_09_TEN_PIT,2023,9,145,-175,3.5,-120,100,37,-108,-112
2023_09_MIA_KC,2023,9,-105,-115,1,-112,-108,51,-108,-112
2023_09_ARI_CLE,2023,9,525,-750,13,-112,-108,38,-110,-110
2023_09_CHI_NO,2023,9,340,-440,9,-108,-112,42,-110,-110
2023_09_LA_GB,2023,9,160,-198,3.5,-108,-112,38,-112,-108
2023_09_MIN_ATL,2023,9,160,-192,3.5,-108,-112,38.5,-112,-108
2023_09_SEA_BAL,2023,9,220,-270,6,-110,-110,44.5,-112,-108
2023_09_TB_HOU,2023,9,124,-148,2.5,100,-120,39.5,-110,-110
2023_09_WAS_NE,2023,9,130,-155,2.5,100,-120,40.5,-110,-110
2023_09_IND_CAR,2023,9,-130,110,-1.5,-108,-112,45,-110,-110
2023_09_DAL_PHI,2023,9,145,-175,3.5,-118,-102,46.5,-110,-110
2023_09_NYG_LV,2023,9,-102,-118,1,-110,-110,38.5,-112,-108
2023_09_BUF_CIN,2023,9,105,-125,1.5,-108,-112,51,-110,-110
2023_09_LAC_NYJ,2023,9,-170,142,-3,-118,-102,41,-110,-110
2023_10_CAR_CHI,2023,10,150,-180,3,100,-120,38,-105,-115
2023_10_IND_NE,2023,10,-118,-102,-1,-110,-110,42,-110,-110
2023_10_CLE_BAL,2023,10,210,-258,6,-112,-108,38.5,-108,-112
2023_10_GB_PIT,2023,10,140,-166,3,100,-120,38.5,-112,-108
2023_10_HOU_CIN,2023,10,205,-250,5.5,-110,-110,46,-110,-110
2023_10_NO_MIN,2023,10,-155,130,-3,-105,-115,41,-112,-108
2023_10_SF_JAX,2023,10,-170,142,-3,-112,-108,44.5,-112,-108
2023_10_TEN_TB,2023,10,120,-142,2.5,-105,-115,39.5,-110,-110
2023_10_ATL_ARI,2023,10,-130,110,-2,-110,-110,43.5,-108,-112
2023_10_DET_LAC,2023,10,-142,120,-2.5,-110,-110,48.5,-110,-110
2023_10_NYG_DAL,2023,10,1100,-2100,17.5,-108,-112,38.5,-108,-112
2023_10_WAS_SEA,2023,10,220,-270,6,-110,-110,44,-112,-108
2023_10_NYJ_LV,2023,10,-115,-105,-1,-108,-112,35.5,-112,-108
2023_10_DEN_BUF,2023,10,310,-395,7.5,-112,-108,47.5,-112,-108
2023_11_CIN_BAL,2023,11,170,-205,4,-112,-108,46.5,-112,-108
2023_11_ARI_HOU,2023,11,205,-250,5.5,-108,-112,48,-110,-110
2023_11_CHI_DET,2023,11,340,-440,8,-110,-110,48,-110,-110
2023_11_DAL_CAR,2023,11,-650,470,-11,-110,-110,43,-108,-112
2023_11_LAC_GB,2023,11,-162,136,-3,-110,-110,44,-108,-112
2023_11_LV_MIA,2023,11,700,-1100,14,-110,-110,44.5,-110,-110
2023_11_NYG_WAS,2023,11,310,-395,7.5,-110,-110,39,-110,-110
2023_11_PIT_CLE,2023,11,120,-142,2.5,-105,-115,34,-108,-112
2023_11_TEN_JAX,2023,11,235,-290,6.5,-105,-115,40,-110,-110
2023_11_TB_SF,2023,11,625,-950,13.5,-110,-110,41.5,-108,-112
2023_11_NYJ_BUF,2023,11,310,-395,8,-108,-112,39.5,-112,-108
2023_11_SEA_LA,2023,11,114,-135,2.5,-110,-110,45,-108,-112
2023_11_MIN_DEN,2023,11,120,-142,2.5,-102,-118,43.5,-115,-105
2023_11_PHI_KC,2023,11,124,-148,2.5,100,-120,46,-108,-112
2023_12_GB_DET,2023,12,330,-425,8.5,-105,-115,47,-108,-112
2023_12_WAS_DAL,2023,12,550,-800,13,-110,-110,48,-112,-110
2023_12_SF_SEA,2023,12,-355,280,-7,-112,-108,43.5,-115,-105
2023_12_MIA_NYJ,2023,12,-500,380,-9.5,-120,100,40,-110,-110
2023_12_CAR_TEN,2023,12,145,-175,3.5,-112,-105,36,-112,-108
2023_12_JAX_HOU,2023,12,-115,-105,-1,-110,-110,48,-108,-112
2023_12_NE_NYG,2023,12,-218,180,-4.5,-108,-112,36.5,-105,-115
2023_12_NO_ATL,2023,12,-130,110,-2,-110,-110,42,-110,-110
2023_12_PIT_CIN,2023,12,-135,114,-2,-112,-108,36,-108,-112
2023_12_TB_IND,2023,12,130,-155,2.5,-105,-115,45,-112,-108
2023_12_CLE_DEN,2023,12,105,-125,1.5,-110,-110,37.5,-110,-110
2023_12_LA_ARI,2023,12,-148,124,-3,-105,-115,45,-112,-108
2023_12_BUF_PHI,2023,12,124,-148,2.5,-105,-115,49,-108,-112
2023_12_KC_LV,2023,12,-500,380,-9,-110,-110,42.5,-112,-108
2023_12_BAL_LAC,2023,12,-170,142,-3,-115,-105,49,-110,-110
2023_12_CHI_MIN,2023,12,140,-166,3,-105,-115,43.5,-110,-110
2023_13_SEA_DAL,2023,13,380,-500,9.5,-102,-118,47.5,-110,-110
2023_13_ARI_PIT,2023,13,230,-285,6,-105,-115,41,-112,-108
2023_13_ATL_NYJ,2023,13,-125,105,-2,-108,-112,33,-110,-110
2023_13_DEN_HOU,2023,13,142,-170,3.5,-122,102,47.5,-110,-110
2023_13_DET_NO,2023,13,-198,164,-4,-110,-110,47.5,-108,-112
2023_13_IND_TEN,2023,13,-122,102,-1.5,-110,-110,42,-108,-112
2023_13_LAC_NE,2023,13,-225,185,-4.5,-110,-110,38.5,-108,-112
2023_13_MIA_WAS,2023,13,-455,350,-8.5,-112,-108,50,-110,-110
2023_13_CAR_TB,2023,13,164,-198,4,-110,-110,37,-110,-110
2023_13_CLE_LA,2023,13,160,-192,3.5,-110,-110,39.5,-110,-110
2023_13_SF_PHI,2023,13,-148,124,-3,-105,-115,46.5,-108,-112
2023_13_KC_GB,2023,13,-265,215,-5.5,-118,-102,43.5,-105,-115
2023_13_CIN_JAX,2023,13,410,-550,10,-105,-115,41,-105,-115
2023_14_NE_PIT,2023,14,220,-270,6,-118,-102,30,-105,-115
2023_14_CAR_NO,2023,14,200,-245,5.5,-110,-110,39,-110,-110
2023_14_DET_CHI,2023,14,-170,142,-3,-120,100,44.5,-110,-110
2023_14_HOU_NYJ,2023,14,-175,145,-3.5,-108,-112,33.5,-110,-110
2023_14_IND_CIN,2023,14,124,-148,3,-118,-102,45,-110,-110
2023_14_JAX_CLE,2023,14,120,-142,2.5,-108,-112,37.5,-110,-110
2023_14_LA_BAL,2023,14,285,-360,7.5,-115,-105,42,-110,-110
2023_14_TB_ATL,2023,14,105,-125,1.5,-108,-112,41.5,-110,-110
2023_14_MIN_LV,2023,14,-155,130,-3,-108,-112,40.5,-108,-112
2023_14_SEA_SF,2023,14,650,-1000,14.5,-110,-110,44.5,-110,-110
2023_14_BUF_KC,2023,14,105,-125,2,-110,-110,49.5,-110,-110
2023_14_DEN_LAC,2023,14,136,-162,3,-112,-108,45,-110,-110
2023_14_PHI_DAL,2023,14,145,-175,3.5,-118,-102,52.5,-110,-110
2023_14_GB_NYG,2023,14,-265,215,-6,-112,-108,37.5,-110,-110
2023_14_TEN_MIA,2023,14,625,-950,14,-110,-110,45,-110,-112
2023_15_LAC_LV,2023,15,136,-162,3,-110,-110,36,-110,-110
2023_15_MIN_CIN,2023,15,145,-175,3,-105,-115,41.5,-110,-110
2023_15_PIT_IND,2023,15,102,-122,1.5,-110,-110,41.5,-110,-110
2023_15_DEN_DET,2023,15,210,-258,5.5,-108,-112,49,-108,-112
2023_15_ATL_CAR,2023,15,-155,130,-3,-102,-118,32,-110,-110
2023_15_CHI_CLE,2023,15,124,-148,3,-120,100,38,-110,-110
2023_15_HOU_TEN,2023,15,142,-170,3,100,-120,38,-108,-112
2023_15_KC_NE,2023,15,-485,370,-10,-112,-108,39.5,-110,-110
2023_15_NYG_NO,2023,15,205,-250,6,-108,-112,39.5,-110,-110
2023_15_NYJ_MIA,2023,15,275,-345,7.5,-115,-105,36,-110,-110
2023_15_TB_GB,2023,15,180,-218,4,-110,-110,41.5,-110,-110
2023_15_SF_ARI,2023,15,-750,525,-12.5,-110,-110,48,-110,-110
2023_15_WAS_LA,2023,15,240,-298,6.5,-108,-112,48.5,-110,-110
2023_15_DAL_BUF,2023,15,114,-135,2,-108,-112,49.5,-110,-110
2023_15_BAL_JAX,2023,15,-225,185,-4,-110,-110,42.5,-108,-112
2023_15_PHI_SEA,2023,15,-238,195,-5,-120,100,46,-112,-108
2023_16_NO_LA,2023,16,180,-218,4,100,-120,45.5,-112,-108
2023_16_CIN_PIT,2023,16,-155,130,-3,-105,-115,39.5,-110,-110
2023_16_BUF_LAC,2023,16,-800,550,-13,-105,-115,44.5,-115,-105
2023_16_CLE_HOU,2023,16,-162,136,-3,-110,-110,40,-110,-110
2023_16_DET_MIN,2023,16,-148,124,-2.5,-125,105,47.5,-102,-118
2023_16_GB_CAR,2023,16,-198,164,-3.5,-112,-108,39.5,-110,-110
2023_16_IND_ATL,2023,16,130,-155,3,-115,-105,44,-105,-115
2023_16_SEA_TEN,2023,16,-166,140,-3,-110,-110,42,-108,-112
2023_16_WAS_NYJ,2023,16,140,-166,3,-108,-112,36.5,-110,-110
2023_16_JAX_TB,2023,16,-125,105,-2,-110,-110,43,-108,-112
2023_16_ARI_CHI,2023,16,180,-218,4.5,-110,-110,42,-105,-115
2023_16_DAL_MIA,2023,16,102,-122,1.5,-110,-110,48.5,100,-120
2023_16_NE_DEN,2023,16,270,-340,7,-110,-110,37.5,-110,-110
2023_16_LV_KC,2023,16,440,-600,11,-102,-118,40.5,-110,-110
2023_16_NYG_PHI,2023,16,600,-900,14,-112,-108,41,-108,-112
2023_16_BAL_SF,2023,16,275,-345,6.5,-105,-115,47.5,-112,-108
2023_17_NYJ_CLE,2023,17,270,-345,6.5,-105,-115,33.5,-110,-110
2023_17_DET_DAL,2023,17,195,-238,5.5,-110,-110,53,-110,-110
2023_17_ARI_PHI,2023,17,525,-750,12,-110,-110,48,-110,-110
2023_17_ATL_CHI,2023,17,130,-155,3,-115,-105,39,-110,-110
2023_17_CAR_JAX,2023,17,160,-192,3.5,-110,-110,38,-110,-110
2023_17_LA_NYG,2023,17,-298,240,-6,-112,-108,43.5,-108,-112
2023_17_LV_IND,2023,17,150,-180,3.5,-110,-110,42.5,-105,-115
2023_17_MIA_BAL,2023,17,150,-180,3,100,-120,47,-108,-112
2023_17_NE_BUF,2023,17,750,-1200,15,-110,-110,40,-108,-112
2023_17_NO_TB,2023,17,124,-148,2.5,100,-120,42.5,-112,-108
2023_17_SF_WAS,2023,17,-1050,675,-14,-115,-105,49,-112,-108
2023_17_TEN_HOU,2023,17,190,-230,5,-105,-115,44,-108,-112
2023_17_PIT_SEA,2023,17,185,-225,4.5,-110,-110,40.5,-108,-112
2023_17_CIN_KC,2023,17,275,-345,7.5,-115,-105,46,-112,-108
2023_17_LAC_DEN,2023,17,164,-198,3.5,-108,-112,39.5,-110,-110
2023_17_GB_MIN,2023,17,-108,-112,1,-112,-108,42.5,-112,-108
2023_18_PIT_BAL,2023,18,-155,130,-3,-105,-115,34,-110,-110
2023_18_HOU_IND,2023,18,-125,105,-1.5,-110,-110,47.5,-108,-112
2023_18_ATL_NO,2023,18,145,-175,3.5,-122,102,41.5,-108,-112
2023_18_CLE_CIN,2023,18,285,-360,7.5,-115,-105,37,-112,-108
2023_18_JAX_TEN,2023,18,-185,154,-3.5,-102,-118,41.5,-112,-108
2023_18_MIN_DET,2023,18,170,-205,3.5,-102,-118,47.5,-110,-110
2023_18_NYJ_NE,2023,18,120,-142,2.5,-112,-108,28.5,-110,-110
2023_18_TB_CAR,2023,18,-245,200,-5,-105,-115,36.5,-110,-110
2023_18_CHI_GB,2023,18,124,-148,2.5,-102,-118,45.5,-108,-112
2023_18_DAL_WAS,2023,18,-850,575,-13,-115,-105,47.5,-110,-110
2023_18_DEN_LV,2023,18,145,-175,3.5,-118,-102,37.5,-115,-105
2023_18_KC_LAC,2023,18,154,-185,3.5,-115,-105,35,-108,-115
2023_18_LA_SF,2023,18,200,-245,5.5,-108,-112,40,-108,-112
2023_18_PHI_NYG,2023,18,-238,190,-4.5,-112,-108,43,-105,-115
2023_18_SEA_ARI,2023,18,-155,130,-2.5,-122,102,48,-110,-110
2023_18_BUF_MIA,2023,18,-155,130,-2.5,-125,105,47.5,-110,-110
2023_19_CLE_HOU,2023,19,-148,124,-2.5,-110,-110,45,-105,-115
2023_19_MIA_KC,2023,19,190,-230,4.5,-102,-118,43.5,-118,-102
2023_19_GB_DAL,2023,19,275,-345,7,102,-122,52.5,-105,-115
2023_19_LA_DET,2023,19,136,-162,3.5,-122,102,52.5,-102,-118
2023_19_PIT_BUF,2023,19,370,-485,10,-108,-112,39.5,-115,-105
2023_19_PHI_TB,2023,19,-162,136,-2.5,-125,105,43,-102,-118
2023_20_HOU_BAL,2023,20,330,-425,10,-115,-105,44,-105,-115
2023_20_GB_SF,2023,20,360,-470,10.5,-112,-108,50.5,-105,-115
2023_20_TB_DET,2023,20,225,-278,6,-102,-118,49.5,-105,-115
2023_20_KC_BUF,2023,20,120,-142,2.5,-110,-110,45.5,-108,-112
2023_21_KC_BAL,2023,21,180,-218,4.5,-110,-112,44,-105,-115
2023_21_DET_SF,2023,21,260,-325,7.5,-120,100,52.5,-110,-110
2023_22_SF_KC,2023,22,-120,100,-1.5,-110,-110,47,-110,-110
2024_01_BAL_KC,2024,1,124,-148,3,-118,-102,46,-110,-110
2024_01_GB_PHI,2024,1,110,-130,2,-110,-110,49.5,-112,-108
2024_01_ARI_BUF,2024,1,250,-310,6.5,-105,-115,46,-112,-108
2024_01_CAR_NO,2024,1,160,-192,3.5,-108,-112,41.5,-112,-108
2024_01_HOU_IND,2024,1,-155,130,-3,-108,-112,49,-112,-108
2024_01_JAX_MIA,2024,1,150,-180,3.5,-110,-110,49.5,-112,-108
2024_01_MIN_NYG,2024,1,-115,-105,-1,-108,-112,42.5,-108,-112
2024_01_NE_CIN,2024,1,295,-375,8,-110,-110,40.5,-112,-108
2024_01_PIT_ATL,2024,1,160,-192,4,-110,-110,43,-115,-105
2024_01_TEN_CHI,2024,1,164,-198,4,-108,-112,43,-110,-110
2024_01_DEN_SEA,2024,1,225,-278,6.5,-110,-110,42,-108,-112
2024_01_LV_LAC,2024,1,130,-155,3,-118,-102,41,-108,-112
2024_01_DAL_CLE,2024,1,110,-130,2.5,-112,-108,42,-108,-112
2024_01_WAS_TB,2024,1,164,-198,4,-112,-108,42,-110,-110
2024_01_LA_DET,2024,1,185,-225,5,-108,-112,54,-112,-108
2024_01_NYJ_SF,2024,1,150,-180,3.5,-115,-105,43,-108,-112
2024_02_BUF_MIA,2024,2,114,-135,2.5,-110,-110,48.5,-105,-115
2024_02_CLE_JAX,2024,2,142,-170,3,100,-120,41.5,-108,-112
2024_02_IND_GB,2024,2,-142,120,-3,-102,-118,41.5,-110,-110
2024_02_LAC_CAR,2024,2,-225,185,-5,-110,-110,39,-112,-108
2024_02_LV_BAL,2024,2,350,-455,9,-112,-108,41,-108,-112
2024_02_NO_DAL,2024,2,235,-290,6.5,-112,-108,47,-108,-112
2024_02_NYG_WAS,2024,2,105,-125,1.5,-108,-112,42.5,-105,-115
2024_02_NYJ_TEN,2024,2,-180,150,-3.5,-112,-108,41.5,-112,-108
2024_02_SEA_NE,2024,2,-170,142,-3.5,-102,-118,39,-110,-110
2024_02_SF_MIN,2024,2,-218,180,-4.5,-112,-108,46.5,-108,-112
2024_02_TB_DET,2024,2,295,-375,7.5,-108,-112,51.5,-112,-108
2024_02_LA_ARI,2024,2,-112,-108,-1,-105,-115,47.5,-118,-102
2024_02_CIN_KC,2024,2,235,-290,6.5,-105,-115,47.5,-108,-112
2024_02_PIT_DEN,2024,2,-155,130,-3,-102,-118,36.5,-112,-108
2024_02_CHI_HOU,2024,2,210,-258,6,-108,-112,45.5,-105,-115
2024_02_ATL_PHI,2024,2,215,-265,5.5,-105,-115,46.5,-110,-110
2024_03_NE_NYJ,2024,3,230,-285,6.5,-110,-110,39,-108,-112
2024_03_CHI_IND,2024,3,105,-125,1.5,-108,-112,43,-105,-115
2024_03_DEN_TB,2024,3,200,-245,6,-112,-108,40.5,-108,-112
2024_03_GB_TEN,2024,3,136,-162,3,-112,-108,37,-108,-112
2024_03_HOU_MIN,2024,3,-135,114,-2,-112,-108,46,-108,-112
2024_03_LAC_PIT,2024,3,124,-148,3,-118,-102,36,-115,-105
2024_03_NYG_CLE,2024,3,220,-270,6.5,-112,-108,38,-108,-112
2024_03_PHI_NO,2024,3,120,-142,2.5,-105,-115,49,-110,-110
2024_03_CAR_LV,2024,3,200,-245,5.5,-110,-110,40,-108,-112
2024_03_MIA_SEA,2024,3,170,-205,4,-110,-110,41.5,-110,-110
2024_03_BAL_DAL,2024,3,-120,100,-1.5,-110,-110,47.5,-112,-108
2024_03_DET_ARI,2024,3,-148,124,-3,-102,-118,51.5,-112,-108
2024_03_SF_LA,2024,3,-258,210,-6,-108,-112,44.5,-110,-110
2024_03_KC_ATL,2024,3,-170,142,-3,-118,-102,46,-108,-112
2024_03_JAX_BUF,2024,3,180,-218,4,-108,-112,46.5,-110,-110
2024_03_WAS_CIN,2024,3,280,-355,7.5,-115,-105,46,-112,-108
2024_04_DAL_NYG,2024,4,-250,205,-5.5,-115,-105,45,-112,-108
2024_04_CIN_CAR,2024,4,-205,170,-4.5,-112,-108,47,-108,-112
2024_04_DEN_NYJ,2024,4,330,-425,7.5,-108,-112,39.5,-112,-108
2024_04_JAX_HOU,2024,4,195,-238,5.5,-108,-112,44.5,-108,-112
2024_04_LA_CHI,2024,4,136,-162,3,-112,-108,40,-105,-115
2024_04_MIN_GB,2024,4,114,-135,2.5,-102,-118,44,-112,-108
2024_04_NO_ATL,2024,4,120,-142,2.5,-105,-115,41.5,-112,-108
2024_04_PHI_TB,2024,4,-115,-105,-1,-110,-110,42,-108,-112
2024_04_PIT_IND,2024,4,-130,110,-2.5,-108,-112,40,-110,-110
2024_04_NE_SF,2024,4,410,-550,10.5,-112,-108,41.5,-110,-110
2024_04_WAS_ARI,2024,4,150,-180,3.5,-115,-105,49,-112,-108
2024_04_CLE_LV,2024,4,-135,114,-2.5,-115,-105,36.5,-108,-112
2024_04_KC_LAC,2024,4,-345,275,-7.5,-108,-112,41.5,-108,-112
2024_04_BUF_BAL,2024,4,114,-135,2.5,-108,-112,46.5,-110,-110
2024_04_TEN_MIA,2024,4,114,-135,2.5,-108,-112,37,-110,-110
2024_04_SEA_DET,2024,4,154,-185,3.5,-108,-112,46.5,-108,-112
2024_05_TB_ATL,2024,5,120,-142,2.5,-102,-118,44,-110,-110
2024_05_NYJ_MIN,2024,5,120,-142,2.5,-105,-115,42,-112,-108
2024_05_BAL_CIN,2024,5,-148,124,-2.5,-118,-102,48.5,-112,-108
2024_05_BUF_HOU,2024,5,-102,-118,1,-108,-112,48,-110,-110
2024_05_CAR_CHI,2024,5,164,-198,4,-108,-112,40,-108,-112
2024_05_CLE_WAS,2024,5,130,-155,3,-112,-108,44,-112,-108
2024_05_IND_JAX,2024,5,154,-185,3.5,-110,-110,45,-110,-110
2024_05_MIA_NE,2024,5,-130,110,-2,-112,-108,37,-108,-112
2024_05_ARI_SF,2024,5,260,-325,7,-105,-115,48.5,-108,-112
2024_05_LV_DEN,2024,5,130,-155,3,-112,-108,36,-108,-112
2024_05_GB_LA,2024,5,-155,130,-3,-112,-108,49.5,-112,-108
2024_05_NYG_SEA,2024,5,250,-310,7,-112,-108,42.5,-110,-110
2024_05_DAL_PIT,2024,5,114,-135,2.5,-108,-112,43.5,-108,-112
2024_05_NO_KC,2024,5,190,-230,5.5,-112,-108,43,-110,-110
2024_06_SF_SEA,2024,6,-198,164,-3.5,-118,-102,49,-110,-110
2024_06_JAX_CHI,2024,6,-120,100,-1.5,-108,-112,44.5,-108,-112
2024_06_ARI_GB,2024,6,195,-238,5.5,-110,-110,47,-110,-110
2024_06_CLE_PHI,2024,6,330,-425,8,-108,-112,42,-110,-110
2024_06_HOU_NE,2024,6,-265,215,-6.5,-108,-112,38.5,-112,-108
2024_06_IND_TEN,2024,6,114,-135,2.5,-110,-110,42,-112,-108
2024_06_TB_NO,2024,6,-175,145,-3.5,-108,-112,42.5,-110,-110
2024_06_WAS_BAL,2024,6,230,-285,6.5,-108,-112,51.5,-110,-110
2024_06_LAC_DEN,2024,6,-155,130,-3,-105,-115,37,-108,-112
2024_06_PIT_LV,2024,6,-180,150,-3.5,-110,-110,36.5,-108,-112
2024_06_ATL_CAR,2024,6,-258,210,-6,-112,-108,45.5,-110,-110
2024_06_DET_DAL,2024,6,-180,150,-3.5,-105,-115,52.5,-110,-110
2024_06_CIN_NYG,2024,6,-230,190,-4.5,-112,-108,46,-102,-118
2024_06_BUF_NYJ,2024,6,-122,102,-1,-112,-108,42,-110,-110
2024_07_DEN_NO,2024,7,-148,124,-2.5,-118,-102,37,-110,-110
2024_07_NE_JAX,2024,7,240,-298,6.5,-105,-115,42,-108,-112
2024_07_CIN_CLE,2024,7,-230,190,-5.5,-110,-110,42,-112,-108
2024_07_DET_MIN,2024,7,-102,-118,1,-108,-112,50.5,-112,-108
2024_07_HOU_GB,2024,7,142,-170,3,100,-120,48,-108,-112
2024_07_MIA_IND,2024,7,130,-155,3,-120,100,44,-108,-112
2024_07_PHI_NYG,2024,7,-166,140,-3,-120,100,42,-110,-110
2024_07_SEA_ATL,2024,7,136,-162,3,-115,-105,51.5,-110,-110
2024_07_TEN_BUF,2024,7,400,-535,9.5,-110,-110,41,-108,-112
2024_07_CAR_WAS,2024,7,400,-535,10,100,-120,51,-110,-110
2024_07_LV_LA,2024,7,280,-355,7,-105,-115,43,-105,-115
2024_07_KC_SF,2024,7,120,-142,2.5,-105,-115,47.5,-110,-110
2024_07_NYJ_PIT,2024,7,-166,140,-3,-108,-112,40,-110,-110
2024_07_BAL_TB,2024,7,-225,185,-4.5,-110,-110,51,-110,-110
2024_07_LAC_ARI,2024,7,-122,102,-1,-115,-105,44,-108,-112
2024_08_MIN_LA,2024,8,-155,130,-3,-105,-115,47.5,-110,-110
2024_08_ARI_MIA,2024,8,164,-198,4,-108,-112,46.5,-110,-110
2024_08_ATL_TB,2024,8,-122,102,-1.5,-110,-110,47,-108,-112
2024_08_BAL_CLE,2024,8,-380,300,-7.5,-110,-110,44.5,-105,-115
2024_08_GB_JAX,2024,8,-192,160,-3.5,-115,-105,49,-112,-108
2024_08_IND_HOU,2024,8,185,-225,5,-112,-108,45,-108,-112
2024_08_NYJ_NE,2024,8,-305,245,-7,-110,-110,41,-110,-110
2024_08_PHI_CIN,2024,8,124,-148,2.5,100,-120,47.5,-108,-112
2024_08_TEN_DET,2024,8,550,-800,12.5,-105,-115,45,-108,-112
2024_08_BUF_SEA,2024,8,-170,142,-3,-120,100,45.5,-105,-115
2024_08_NO_LAC,2024,8,250,-310,7,-110,-110,41.5,-108,-112
2024_08_CAR_DEN,2024,8,525,-750,13,-110,-110,40.5,-112,-108
2024_08_CHI_WAS,2024,8,102,-122,1.5,-110,-110,46.5,-108,-112
2024_08_KC_LV,2024,8,-440,340,-9,-112,-108,42,-108,-112
2024_08_DAL_SF,2024,8,195,-238,5.5,-105,-115,48,-110,-110
2024_08_NYG_PIT,2024,8,220,-270,6,-105,-115,37.5,-110,-110
2024_09_HOU_NYJ,2024,9,124,-148,2.5,100,-120,43.5,-105,-115
2024_09_DAL_ATL,2024,9,140,-166,3,-105,-115,52,-112,-108
2024_09_DEN_BAL,2024,9,330,-440,9,-115,-105,46.5,-110,-110
2024_09_LAC_CLE,2024,9,-130,110,-2,-110,-110,42.5,-108,-112
2024_09_LV_CIN,2024,9,320,-410,8,-110,-110,45,-108,-112
2024_09_MIA_BUF,2024,9,230,-285,6.5,-110,-110,49,-108,-112
2024_09_NE_TEN,2024,9,136,-162,3,-105,-115,38.5,-110,-110
2024_09_NO_CAR,2024,9,-345,275,-7,-118,-102,43.5,-108,-112
2024_09_WAS_NYG,2024,9,-218,180,-4.5,-108,-112,44.5,-110,-110
2024_09_CHI_ARI,2024,9,100,-120,1.5,-110,-110,44.5,-110,-110
2024_09_JAX_PHI,2024,9,270,-340,7.5,-112,-108,46,-110,-110
2024_09_DET_GB,2024,9,-155,130,-2.5,-120,100,47.5,-108,-112
2024_09_LA_SEA,2024,9,-125,105,-1.5,-112,-108,48.5,-110,-110
2024_09_IND_MIN,2024,9,240,-298,6.5,-110,-110,47,-110,-110
2024_09_TB_KC,2024,9,330,-425,9,-110,-110,45.5,-108,-112
2024_10_CIN_BAL,2024,10,220,-270,6,-108,-112,53,-108,-112
2024_10_NYG_CAR,2024,10,-298,240,-6.5,-118,-102,40.5,-115,-105
2024_10_ATL_NO,2024,10,-192,160,-3.5,-112,-108,46.5,-112,-108
2024_10_BUF_IND,2024,10,-230,190,-4.5,-115,-105,46.5,-108,-112
2024_10_DEN_KC,2024,10,300,-380,7.5,-115,-105,42.5,-110,-110
2024_10_MIN_JAX,2024,10,-345,280,-7,-120,100,42.5,-108,-112
2024_10_NE_CHI,2024,10,260,-325,6.5,-110,-110,37.5,-112,-108
2024_10_PIT_WAS,2024,10,102,-122,1.5,-110,-110,45,-108,-112
2024_10_SF_TB,2024,10,-298,240,-6.5,-118,-102,50.5,-112,-108
2024_10_TEN_LAC,2024,10,300,-380,8,-108,-112,40,-110,-110
2024_10_NYJ_ARI,2024,10,-130,110,-2,-110,-110,45.5,-108,-112
2024_10_PHI_DAL,2024,10,-360,285,-7.5,-108,-112,44.5,-110,-110
2024_10_DET_HOU,2024,10,-230,190,-4.5,-110,-110,49,-110,-112
2024_10_MIA_LA,2024,10,120,-142,2.5,-102,-118,49.5,-108,-112
2024_11_WAS_PHI,2024,11,190,-230,4.5,-110,-110,49.5,-110,-110
2024_11_BAL_PIT,2024,11,-175,145,-3,-120,100,48,-108,-112
2024_11_CLE_NO,2024,11,-115,-105,-1,-110,-110,44,-110,-110
2024_11_GB_CHI,2024,11,-265,215,-6,-115,-105,41,-108,-112
2024_11_IND_NYJ,2024,11,170,-205,4,-110,-110,43,-110,-110
2024_11_JAX_DET,2024,11,650,-1000,14,-105,-115,47.5,-110,-110
2024_11_LA_NE,2024,11,-198,164,-4,-108,-112,42.5,-112,-108
2024_11_LV_MIA,2024,11,330,-425,8,-105,-115,43.5,-112,-108
2024_11_MIN_TEN,2024,11,-290,235,-6,-118,-102,40,-110,-110
2024_11_ATL_DEN,2024,11,114,-135,2,-108,-112,44.5,-112,-108
2024_11_SEA_SF,2024,11,215,-265,6,-110,-110,49,-112,-108
2024_11_KC_BUF,2024,11,120,-142,2.5,-108,-112,46.5,-108,-112
2024_11_CIN_LAC,2024,11,-110,-110,1,-118,-102,48,-105,-115
2024_11_HOU_DAL,2024,11,-360,285,-7.5,100,-120,41.5,-105,-115
2024_12_PIT_CLE,2024,12,-205,170,-3.5,-115,-105,36.5,-108,-112
2024_12_DAL_WAS,2024,12,455,-625,10.5,-112,-108,45,-110,-110
2024_12_DET_IND,2024,12,-375,295,-7,-122,102,50.5,-110,-110
2024_12_KC_CAR,2024,12,-700,500,-11,-112,-108,43,-110,-110
2024_12_MIN_CHI,2024,12,-175,145,-3,-120,100,39.5,-108,-112
2024_12_NE_MIA,2024,12,285,-360,7.5,-115,-105,46,-108,-112
2024_12_TB_NYG,2024,12,-298,240,-6.5,-108,-112,40.5,-110,-110
2024_12_TEN_HOU,2024,12,295,-375,8,-112,-108,40.5,-112,-108
2024_12_DEN_LV,2024,12,-278,225,-6.5,-105,-115,41.5,-108,-112
2024_12_ARI_SEA,2024,12,-115,-105,-1,-110,-110,46.5,-108,-112
2024_12_SF_GB,2024,12,235,-290,6.5,-112,-108,44.5,-108,-112
2024_12_PHI_LA,2024,12,-170,142,-3,-112,-108,49,-108,-112
2024_12_BAL_LAC,2024,12,-166,140,-3,-110,-110,51,-112,-108
2024_13_CHI_DET,2024,13,390,-520,9.5,-102,-118,47.5,100,-120
2024_13_NYG_DAL,2024,13,185,-218,4.5,-110,-110,39,-110,-110
2024_13_MIA_GB,2024,13,145,-175,3.5,-115,-105,47.5,-110,-110
2024_13_LV_KC,2024,13,550,-800,13.5,-108,-112,42,-108,-112
2024_13_ARI_MIN,2024,13,154,-185,3.5,-110,-110,45.5,-112,-108
2024_13_HOU_JAX,2024,13,-192,160,-3.5,-110,-110,44.5,-108,-112
2024_13_IND_NE,2024,13,-135,114,-2.5,-115,-105,41.5,-110,-110
2024_13_LAC_ATL,2024,13,-118,-102,-1,-108,-112,47,-110,-110
2024_13_PIT_CIN,2024,13,130,-155,3,-110,-110,46,-108,-112
2024_13_SEA_NYJ,2024,13,-105,-115,1,-110,-110,41.5,-110,-110
2024_13_TEN_WAS,2024,13,205,-250,6,-112,-108,45,-108,-112
2024_13_LA_NO,2024,13,-142,120,-2.5,-115,-105,48.5,-108,-112
2024_13_TB_CAR,2024,13,-290,235,-6.5,-115,-105,46,-110,-110
2024_13_PHI_BAL,2024,13,136,-162,3,-110,-110,50,-110,-110
2024_13_SF_BUF,2024,13,270,-340,6.5,-102,-118,45,-110,-110
2024_13_CLE_DEN,2024,13,235,-290,6.5,-108,-112,41.5,-110,-110
2024_14_GB_DET,2024,14,142,-170,3,100,-120,53,-110,-110
2024_14_ATL_MIN,2024,14,205,-250,6,-110,-110,46.5,-108,-112
2024_14_CAR_PHI,2024,14,625,-950,14,-112,-108,44.5,-112,-108
2024_14_CLE_PIT,2024,14,210,-258,6,-112,-108,43,-110,-110
2024_14_JAX_TEN,2024,14,142,-170,3,-105,-115,40,-108,-112
2024_14_LV_TB,2024,14,260,-325,7,-115,-105,47,-112,-108
2024_14_NO_NYG,2024,14,-245,200,-5.5,-115,-105,41,-110,-110
2024_14_NYJ_MIA,2024,14,240,-298,6.5,-108,-112,45,-112,-108
2024_14_SEA_ARI,2024,14,145,-175,3,-105,-115,45.5,-110,-110
2024_14_BUF_LA,2024,14,-192,160,-3.5,-118,-102,49.5,-108,-112
2024_14_CHI_SF,2024,14,136,-162,3,-110,-110,43.5,-108,-112
2024_14_LAC_KC,2024,14,195,-238,5,-115,-105,43.5,-110,-110
2024_14_CIN_DAL,2024,14,-230,190,-5,-110,-110,51,-112,-108
2024_15_LA_SF,2024,15,130,-155,3,-118,-102,48.5,-110,-110
2024_15_BAL_NYG,2024,15,-1800,1000,-16.5,-112,-108,43.5,-112,-108
2024_15_CIN_TEN,2024,15,-250,205,-6,-110,-110,46.5,-112,-108
2024_15_DAL_CAR,2024,15,120,-142,2.5,100,-120,42,-112,-108
2024_15_KC_CLE,2024,15,-230,190,-4.5,-110,-110,41.5,-112,-108
2024_15_MIA_HOU,2024,15,130,-155,2.5,-105,-115,46.5,-112,-108
2024_15_NYJ_JAX,2024,15,-175,145,-3.5,-102,-118,41.5,-112,-108
2024_15_WAS_NO,2024,15,-375,295,-7.5,-112,-108,44.5,-108,-112
2024_15_BUF_DET,2024,15,110,-130,2.5,-110,-110,55.5,-110,-110
2024_15_IND_DEN,2024,15,195,-238,4.5,-105,-115,43.5,-108,-112
2024_15_NE_ARI,2024,15,210,-258,6,-108,-112,46.5,-110,-110
2024_15_PIT_PHI,2024,15,215,-265,5.5,-110,-110,43,-110,-110
2024_15_TB_LAC,2024,15,136,-162,3,-105,-115,46,-108,-112
2024_15_GB_SEA,2024,15,-162,136,-3,-110,-110,48,-110,-110
2024_15_CHI_MIN,2024,15,260,-325,7,-115,-105,43.5,-110,-110
2024_15_ATL_LV,2024,15,-345,275,-6.5,-110,-110,44.5,-110,-110
2024_16_DEN_LAC,2024,16,124,-148,3,-120,100,41.5,-110,-110
2024_16_HOU_KC,2024,16,150,-180,3.5,-120,100,42.5,-108,-112
2024_16_PIT_BAL,2024,16,275,-345,7,-115,-105,44.5,-112,-108
2024_16_ARI_CAR,2024,16,-245,200,-5.5,-110,-110,47,-110,-110
2024_16_CLE_CIN,2024,16,425,-575,10,-108,-112,46.5,-112,-108
2024_16_DET_CHI,2024,16,-340,270,-7,-110,-110,47.5,-110,-110
2024_16_LA_NYJ,2024,16,-162,136,-3,-105,-115,47,-110,-110
2024_16_NYG_ATL,2024,16,410,-550,9.5,-110,-110,42.5,-110,-110
2024_16_PHI_WAS,2024,16,-218,180,-4,-115,-105,47,-110,-110
2024_16_TEN_IND,2024,16,164,-198,4,-112,-108,42.5,-108,-112
2024_16_MIN_SEA,2024,16,-148,124,-2.5,-115,-105,43,-115,-105
2024_16_JAX_LV,2024,16,110,-130,2.5,-110,-110,41.5,-112,-108
2024_16_NE_BUF,2024,16,700,-1100,14,-110,-110,48,-110,-110
2024_16_SF_MIA,2024,16,-125,105,-2,-108,-112,44,-108,-112
2024_16_TB_DAL,2024,16,-218,180,-4.5,-105,-115,47.5,-110,-110
2024_16_NO_GB,2024,16,625,-950,14,-105,-115,44,-110,-110
2024_17_KC_PIT,2024,17,-162,136,-3,-105,-115,43.5,-110,-110
2024_17_BAL_HOU,2024,17,-245,200,-5.5,-108,-112,46.5,-112,-108
2024_17_SEA_CHI,2024,17,-192,160,-3.5,-118,-102,43.5,-112,-108
2024_17_LAC_NE,2024,17,-305,245,-6,-118,-102,42,-108,-112
2024_17_DEN_CIN,2024,17,145,-175,3.5,-115,-105,50.5,-110,-110
2024_17_ARI_LA,2024,17,270,-340,6.5,100,-120,48,-112,-108
2024_17_CAR_TB,2024,17,380,-500,9.5,-105,-115,47.5,-108,-112
2024_17_DAL_PHI,2024,17,260,-325,7.5,-112,-108,37.5,-108,-112
2024_17_IND_NYG,2024,17,-410,320,-7.5,-112,-108,40.5,-112,-108
2024_17_LV_NO,2024,17,-125,105,-2,-110,-110,37.5,-112,-108
2024_17_NYJ_BUF,2024,17,390,-520,10,-105,-115,44.5,-112,-108
2024_17_TEN_JAX,2024,17,-108,-112,-1,-105,-115,38,-110,-110
2024_17_MIA_CLE,2024,17,-170,142,-3,-115,-105,32.5,-112,-108
2024_17_GB_MIN,2024,17,-112,-108,-1,-105,-115,49,-110,-110
2024_17_ATL_WAS,2024,17,160,-192,3.5,-115,-105,46.5,-110,-110
2024_17_DET_SF,2024,17,-230,190,-4,-112,-108,50.5,-110,-110
2024_18_CLE_BAL,2024,18,1200,-2400,19.5,-105,-115,42.5,-108,-112
2024_18_CIN_PIT,2024,18,-148,124,-2.5,-118,-102,48.5,-112,-108
2024_18_BUF_NE,2024,18,-166,140,-3,-112,-108,36.5,-108,-112
2024_18_CAR_ATL,2024,18,300,-380,7.5,-105,-115,48.5,-108,-112
2024_18_CHI_GB,2024,18,320,-410,10,-115,-105,41.5,-108,-112
2024_18_HOU_TEN,2024,18,120,-142,2.5,-108,-112,36.5,-108,-112
2024_18_JAX_IND,2024,18,150,-180,3.5,-110,-110,45.5,-105,-110
2024_18_NO_TB,2024,18,675,-1050,14.5,-102,-118,44.5,-112,-108
2024_18_NYG_PHI,2024,18,130,-155,3,-110,-110,36.5,-118,-102
2024_18_WAS_DAL,2024,18,-310,250,-7,-108,-112,43.5,-118,-102
2024_18_KC_DEN,2024,18,370,-485,10.5,-115,-105,40.5,-115,-105
2024_18_LAC_LV,2024,18,-345,275,-7,-118,-102,42.5,-112,-108
2024_18_MIA_NYJ,2024,18,102,-122,1.5,-110,-110,39.5,-112,-108
2024_18_SEA_LA,2024,18,-360,285,-7.5,-110,-110,38.5,-112,-108
2024_18_SF_ARI,2024,18,160,-192,4.5,-110,-110,42.5,-110,-110
2024_18_MIN_DET,2024,18,124,-148,3,-118,-102,56.5,-102,-118
2024_19_LAC_HOU,2024,19,-162,136,-3,-105,-115,41.5,-108,-112
2024_19_PIT_BAL,2024,19,390,-520,9.5,-112,-108,44.5,-108,-112
2024_19_DEN_BUF,2024,19,330,-425,7.5,100,-120,48.5,-102,-118
2024_19_GB_PHI,2024,19,205,-250,5.5,-105,-115,45.5,-110,-110
2024_19_WAS_TB,2024,19,136,-162,3,-110,-110,51.5,-105,-115
2024_19_MIN_LA,2024,19,-142,120,-2.5,-118,-102,47.5,-108,-112
2024_20_HOU_KC,2024,20,410,-550,9.5,-110,-110,41.5,-112,-108
2024_20_WAS_DET,2024,20,390,-520,8.5,-105,-115,55.5,-112,-108
2024_20_LA_PHI,2024,20,260,-325,7,-112,-108,43.5,-110,-110
2024_20_BAL_BUF,2024,20,-118,-102,-1.5,-102,-118,51.5,-105,-115
2024_21_WAS_PHI,2024,21,205,-250,6,-110,-110,46.5,-105,-115
2024_21_BUF_KC,2024,21,-102,-118,1.5,-115,-105,49.5,-115,-105
2024_22_KC_PHI,2024,22,-120,100,-1.5,-105,-115,48.5,-105,-115
2025_01_DAL_PHI,2025,1,330,-425,8.5,-110,-110,47.5,-110,-110
2025_01_KC_LAC,2025,1,-175,145,-3,-120,100,47.5,-110,-110
2025_01_ARI_NO,2025,1,-270,220,-6,-108,-112,44.5,-112,-108
2025_01_CAR_JAX,2025,1,170,-205,4.5,-110,-110,45.5,-108,-112
2025_01_CIN_CLE,2025,1,-238,195,-5.5,-105,-115,47.5,100,-120
2025_01_LV_NE,2025,1,130,-155,2.5,100,-120,44.5,-115,-105
2025_01_MIA_IND,2025,1,-108,-112,1.5,-118,-102,47.5,-120,100
2025_01_NYG_WAS,2025,1,240,-298,6,-108,-112,45.5,-110,-110
2025_01_PIT_NYJ,2025,1,-155,130,-3,-110,-110,37.5,-108,-112
2025_01_TB_ATL,2025,1,-115,-105,-1.5,-102,-118,47.5,-105,-115
2025_01_SF_SEA,2025,1,-135,114,-2.5,-105,-115,43.5,-112,-108
2025_01_TEN_DEN,2025,1,350,-455,8.5,-105,-115,42.5,-108,-112
2025_01_DET_GB,2025,1,100,-120,1.5,-115,-105,48.5,-115,-105
2025_01_HOU_LA,2025,1,140,-166,3.5,-118,-102,43.5,-115,-105
2025_01_BAL_BUF,2025,1,-130,110,-1.5,-118,-102,50.5,-105,-115
2025_01_MIN_CHI,2025,1,-112,-108,-1.5,100,-120,43.5,-112,-108
2025_02_WAS_GB,2025,2,154,-185,3.5,-118,-102,48.5,-105,-115
2025_02_BUF_NYJ,2025,2,-290,235,-6,-112,-108,47.5,-110,-110
2025_02_CHI_DET,2025,2,220,-270,6,-110,-110,46.5,-112,-108
2025_02_CLE_BAL,2025,2,600,-900,12.5,-105,-115,46.5,-110,-110
2025_02_JAX_CIN,2025,2,160,-192,3.5,-115,-105,49.5,-115,-105
2025_02_LA_TEN,2025,2,-250,205,-5.5,-108,-112,41.5,-112,-108
2025_02_NE_MIA,2025,2,105,-125,1.5,-110,-110,43.5,-115,-105
2025_02_NYG_DAL,2025,2,195,-238,4.5,100,-120,44.5,-110,-110
2025_02_SEA_PIT,2025,2,160,-192,3.5,-110,-110,40.5,-108,-112
2025_02_SF_NO,2025,2,-166,140,-3,-110,-110,40.5,-105,-115
2025_02_CAR_ARI,2025,2,250,-310,7,-110,-110,45.5,-110,-110
2025_02_DEN_IND,2025,2,-130,110,-2.5,-105,-115,43.5,-112,-108
2025_02_PHI_KC,2025,2,-122,102,-1.5,-110,-110,46.5,-102,-118
2025_02_ATL_MIN,2025,2,150,-180,3.5,-115,-105,44.5,-110,-110
2025_02_TB_HOU,2025,2,114,-135,2.5,-110,-110,42.5,-110,-110
2025_02_LAC_LV,2025,2,-198,164,-3.5,-105,-115,46.5,-102,-118
2025_03_MIA_BUF,2025,3,550,-800,12.5,-110,-110,50.5,-112,-108
2025_03_ATL_CAR,2025,3,-225,185,-5.5,-105,-115,44.5,-115,-105
2025_03_CIN_MIN,2025,3,136,-162,3,-110,-110,41.5,-105,-115
2025_03_GB_CLE,2025,3,-470,360,-8.5,-102,-118,41.5,-115,-105
2025_03_HOU_JAX,2025,3,105,-125,1.5,-108,-112,43.5,-115,-105
2025_03_IND_TEN,2025,3,-245,200,-6,-108,-112,43.5,-115,-105
2025_03_LA_PHI,2025,3,164,-198,3.5,-108,-112,45.5,-108,-112
2025_03_LV_WAS,2025,3,130,-155,2.5,100,-120,43.5,-110,-110
2025_03_NYJ_TB,2025,3,275,-345,6.5,-105,-115,43.5,-115,-105
2025_03_PIT_NE,2025,3,-120,100,-1.5,-105,-115,44.5,-112,-108
2025_03_DEN_LAC,2025,3,130,-155,2.5,100,-120,45.5,-110,-110
2025_03_NO_SEA,2025,3,295,-375,7.5,-115,-105,41.5,-108,-112
2025_03_ARI_SF,2025,3,105,-125,1.5,-112,-108,44.5,-112,-108
2025_03_DAL_CHI,2025,3,-125,105,-1.5,-115,-105,49.5,100,-120
2025_03_KC_NYG,2025,3,-325,260,-6,-115,-105,44.5,-105,-115
2025_03_DET_BAL,2025,3,200,-245,4.5,-105,-115,53.5,-105,-115
2025_04_SEA_ARI,2025,4,-125,105,-1.5,-110,-110,43.5,-108,-112
2025_04_MIN_PIT,2025,4,-148,124,-2.5,-125,105,41.5,-115,-105
2025_04_CAR_NE,2025,4,215,-265,5.5,-108,-112,42.5,-108,-112
2025_04_CLE_DET,2025,4,410,-550,10,-108,-112,44.5,-115,-105
2025_04_LAC_NYG,2025,4,-285,230,-6,-112,-108,43.5,-115,-105
2025_04_NO_BUF,2025,4,800,-1350,15.5,-115,-105,48.5,-115,-105
2025_04_PHI_TB,2025,4,-185,154,-3.5,-102,-118,44.5,-118,-102
2025_04_TEN_HOU,2025,4,340,-440,7.5,-115,-105,39.5,-105,-115
2025_04_WAS_ATL,2025,4,120,-142,2.5,-110,-110,43.5,-112,-108
2025_04_IND_LA,2025,4,154,-185,3.5,-105,-115,49.5,-105,-115
2025_04_JAX_SF,2025,4,150,-180,3.5,-120,100,45.5,-108,-112
2025_04_BAL_KC,2025,4,-148,124,-2.5,-120,100,48.5,100,-120
2025_04_CHI_LV,2025,4,105,-125,1.5,-110,-110,47.5,-105,-115
2025_04_GB_DAL,2025,4,-345,275,-7,-105,-115,47.5,-115,-105
2025_04_NYJ_MIA,2025,4,124,-148,2.5,-105,-115,44.5,-120,100
2025_04_CIN_DEN,2025,4,360,-470,7.5,-115,-105,44.5,-115,-105
2025_05_SF_LA,2025,5,340,-440,8.5,-110,-110,43.5,-108,-112
2025_05_MIN_CLE,2025,5,-198,164,-3.5,-110,-110,35.5,-112,-108
2025_05_DAL_NYJ,2025,5,-105,-115,1.5,-120,100,48.5,-110,-110
2025_05_DEN_PHI,2025,5,180,-218,3.5,-105,-115,44.5,-115,-105
2025_05_HOU_BAL,2025,5,-148,124,-2.5,-118,-102,41.5,-115,-105
2025_05_LV_IND,2025,5,285,-360,7,100,-120,46.5,-108,-112
2025_05_MIA_CAR,2025,5,-120,100,-1.5,-105,-115,44.5,-105,-115
2025_05_NYG_NO,2025,5,100,-120,1.5,-115,-105,41.5,-105,-115
2025_05_TB_SEA,2025,5,150,-180,3.5,-115,-105,44.5,-110,-110
2025_05_TEN_ARI,2025,5,330,-425,7.5,-108,-112,41.5,-110,-110
2025_05_DET_CIN,2025,5,-575,425,-10.5,-102,-118,49.5,-112,-108
2025_05_WAS_LAC,2025,5,130,-155,2.5,100,-120,47.5,-115,-105
2025_05_NE_BUF,2025,5,310,-395,7.5,-105,-115,49.5,-108,-112
2025_05_KC_JAX,2025,5,-198,164,-3.5,-110,-110,45.5,-108,-112
2025_06_PHI_NYG,2025,6,-395,310,-7,-120,100,40.5,-105,-115
2025_06_DEN_NYJ,2025,6,-395,310,-7.5,100,-120,43.5,-112,-108
2025_06_ARI_IND,2025,6,360,-470,8.5,-110,-110,46.5,-122,102
2025_06_CLE_PIT,2025,6,225,-278,5.5,100,-120,37.5,100,-120
2025_06_DAL_CAR,2025,6,-175,145,-3,-118,-102,47.5,-105,-115
2025_06_LAC_MIA,2025,6,-205,170,-3.5,-115,-105,45.5,-115,-105
2025_06_LA_BAL,2025,6,-355,280,-7,-105,-115,43.5,-108,-112
2025_06_NE_NO,2025,6,-192,160,-3.5,-105,-115,46.5,-115,-105
2025_06_SEA_JAX,2025,6,-115,-105,-1.5,100,-120,47.5,-115,-105
2025_06_TEN_LV,2025,6,154,-185,3.5,-110,-110,41.5,-105,-115
2025_06_CIN_GB,2025,6,650,-1000,14,-110,-110,44.5,-110,-110
2025_06_SF_TB,2025,6,160,-192,3.5,-105,-115,46.5,-105,-115
2025_06_DET_KC,2025,6,120,-142,2.5,-105,-115,51.5,-105,-115
2025_06_BUF_ATL,2025,6,-205,170,-3.5,-120,100,49.5,-102,-118
2025_06_CHI_WAS,2025,6,210,-258,5.5,-108,-112,49.5,-105,-115
2025_07_PIT_CIN,2025,7,-245,200,-5.5,-105,-115,45.5,-115,-105
2025_07_LA_JAX,2025,7,-166,140,-3,-115,-105,44.5,-105,-115
2025_07_CAR_NYJ,2025,7,-108,-112,1.5,-125,105,39.5,-102,-118
2025_07_LV_KC,2025,7,625,-950,13.5,-115,-105,44.5,-115,-105
2025_07_MIA_CLE,2025,7,124,-148,2.5,-102,-118,34.5,-112,-108
2025_07_NE_TEN,2025,7,-290,235,-6.5,-108,-112,40.5,-108,-112
2025_07_NO_CHI,2025,7,185,-225,4.5,-120,100,43.5,-110,-110
2025_07_PHI_MIN,2025,7,-148,124,-2.5,-110,-110,43.5,-105,-115
2025_07_IND_LAC,2025,7,114,-135,2.5,-108,-112,48.5,-110,-110
2025_07_NYG_DEN,2025,7,330,-425,7.5,-105,-115,39.5,-105,-115
2025_07_GB_ARI,2025,7,-395,310,-7,-115,-105,44.5,-110,-110
2025_07_WAS_DAL,2025,7,105,-125,1.5,-108,-112,54.5,-108,-112
2025_07_ATL_SF,2025,7,-105,-115,1.5,-120,100,46.5,-112,-108
2025_07_TB_DET,2025,7,225,-278,6,-112,-108,54.5,-115,-105
2025_07_HOU_SEA,2025,7,140,-166,3,-110,-110,41.5,-110,-110
2025_08_MIN_LAC,2025,8,142,-170,3,100,-120,45.5,-110,-110
2025_08_BUF_CAR,2025,8,-395,310,-7,-115,-105,47.5,-108,-112
2025_08_CHI_BAL,2025,8,124,-148,2.5,-102,-118,45.5,-112,-108
2025_08_CLE_NE,2025,8,300,-380,7,-115,-105,40.5,-115,-105
2025_08_MIA_ATL,2025,8,280,-355,7,-115,-105,44.5,-115,-105
2025_08_NYG_PHI,2025,8,300,-380,7,-102,-118,43.5,-108,-112
2025_08_NYJ_CIN,2025,8,210,-258,5.5,-112,-108,43.5,-102,-118
2025_08_SF_HOU,2025,8,130,-155,2.5,100,-120,41.5,-112,-108
2025_08_TB_NO,2025,8,-218,180,-4.5,-105,-115,46.5,-110,-110
2025_08_DAL_DEN,2025,8,160,-192,3.5,-110,-110,51.5,-110,-110
2025_08_TEN_IND,2025,8,950,-1650,15.5,-115,-105,47.5,-102,-118
2025_08_GB_PIT,2025,8,-155,130,-3,100,-120,46.5,-115,-105
2025_08_WAS_KC,2025,8,500,-700,10.5,-105,-115,48.5,-115,-105
2025_09_BAL_MIA,2025,9,-455,350,-7.5,-120,100,51.5,-110,-110
2025_09_ATL_NE,2025,9,205,-250,5.5,-110,-110,45.5,-112,-108
2025_09_CAR_GB,2025,9,650,-1000,12.5,-102,-118,43.5,-115,-105
2025_09_CHI_CIN,2025,9,-162,136,-3,-105,-115,51.5,-108,-112
2025_09_DEN_HOU,2025,9,105,-125,1.5,-110,-110,40.5,-105,-115
2025_09_IND_PIT,2025,9,-185,154,-3.5,100,-120,51.5,-105,-115
2025_09_LAC_TEN,2025,9,-650,470,-10,-112,-108,44.5,-110,-110
2025_09_MIN_DET,2025,9,410,-550,9.5,-108,-112,47.5,-105,-115
2025_09_SF_NYG,2025,9,-148,124,-2.5,-120,100,47.5,-108,-112
2025_09_JAX_LV,2025,9,-130,110,-2.5,-105,-115,43.5,-105,-115
2025_09_NO_LA,2025,9,750,-1200,14,-105,-115,44.5,-105,-115
2025_09_KC_BUF,2025,9,-135,114,-2.5,-105,-115,53.5,-115,-105
2025_09_SEA_WAS,2025,9,-148,124,-2.5,-120,100,47.5,-115,-105
2025_09_ARI_DAL,2025,9,145,-175,3.5,-115,-105,53.5,-105,-115
2025_10_LV_DEN,2025,10,380,-500,9.5,-112,-108,42.5,-110,-110
2025_10_ATL_IND,2025,10,250,-310,6.5,-112,-108,48.5,-112,-108
2025_10_BAL_MIN,2025,10,-230,190,-4.5,-105,-115,48.5,-105,-115
2025_10_BUF_MIA,2025,10,-455,350,-8.5,-105,-115,50.5,-115,-105
2025_10_CLE_NYJ,2025,10,-130,110,-1.5,-115,-105,37.5,-115,-105
2025_10_JAX_HOU,2025,10,-115,-105,-1.5,100,-120,37.5,-112,-108
2025_10_NE_TB,2025,10,124,-148,2.5,100,-120,48.5,-105,-115
2025_10_NO_CAR,2025,10,200,-245,5.5,-112,-108,38.5,-105,-115
2025_10_NYG_CHI,2025,10,180,-218,4.5,-108,-112,45.5,-112,-108
2025_10_ARI_SEA,2025,10,270,-340,7,-115,-105,44.5,-102,-118
2025_10_DET_WAS,2025,10,-455,350,-8.5,-105,-115,49.5,-112,-108
2025_10_LA_SF,2025,10,-258,210,-5.5,-115,-105,49.5,-110,-110
2025_10_PIT_LAC,2025,10,136,-162,3,-118,-102,45.5,-115,-105
2025_10_PHI_GB,2025,10,-110,-110,1.5,-122,102,45.5,-108,-112
2025_11_NYJ_NE,2025,11,625,-950,12.5,-105,-115,43.5,-115,-105
2025_11_WAS_MIA,2025,11,124,-148,2.5,100,-120,47.5,-110,-110
2025_11_CAR_ATL,2025,11,180,-218,4.5,-118,-102,42.5,-110,-110
2025_11_CHI_MIN,2025,11,124,-148,3,-115,-105,47.5,-102,-118
2025_11_CIN_PIT,2025,11,205,-250,5.5,-108,-112,48.5,-110,-110
2025_11_GB_NYG,2025,11,-440,340,-7.5,-110,-110,41.5,-110,-110
2025_11_HOU_TEN,2025,11,-265,215,-5.5,-108,-112,37.5,-118,-102
2025_11_LAC_JAX,2025,11,-155,130,-3,-105,-115,43.5,-110,-110
2025_11_TB_BUF,2025,11,230,-285,6,-108,-112,46.5,-112,-108
2025_11_SEA_LA,2025,11,145,-175,3,100,-120,49.5,-105,-115
2025_11_SF_ARI,2025,11,-192,160,-3.5,-105,-115,48.5,-112,-108
2025_11_BAL_CLE,2025,11,-440,340,-7.5,-105,-115,37.5,-105,-115
2025_11_KC_DEN,2025,11,-218,180,-3.5,-120,100,44.5,-110,-110
2025_11_DET_PHI,2025,11,130,-155,2.5,-102,-118,46.5,-108,-112
2025_11_DAL_LV,2025,11,-198,164,-3.5,-115,-105,48.5,-115,-105
2025_12_BUF_HOU,2025,12,-258,210,-5.5,-108,-112,43.5,-105,-115
2025_12_IND_KC,2025,12,180,-218,3.5,100,-120,50.5,-112,-108
2025_12_MIN_GB,2025,12,235,-290,6.5,-112,-108,41.5,-112,-108
2025_12_NE_CIN,2025,12,-395,310,-7.5,-108,-112,50.5,-102,-118
2025_12_NYG_DET,2025,12,675,-1050,14,-115,-105,50.5,100,-120
2025_12_NYJ_BAL,2025,12,675,-1050,14,-110,-110,44.5,-102,-118
2025_12_PIT_CHI,2025,12,130,-155,3,-115,-105,46.5,-108,-112
2025_12_SEA_TEN,2025,12,-950,625,-12.5,-115,-105,41.5,-110,-110
2025_12_CLE_LV,2025,12,136,-162,3,-105,-115,35.5,-102,-118
2025_12_JAX_ARI,2025,12,-135,114,-2.5,-108,-112,47.5,-115,-105
2025_12_ATL_NO,2025,12,102,-122,1.5,-112,-108,41.5,-118,-102
2025_12_PHI_DAL,2025,12,-162,136,-3,-105,-115,47.5,100,-120
2025_12_TB_LA,2025,12,295,-375,7,-110,-110,49.5,100,-120
2025_12_CAR_SF,2025,12,310,-395,7.5,-115,-105,48.5,-105,-115
2025_13_GB_DET,2025,13,130,-155,2.5,105,-125,48.5,-110,-110
2025_13_KC_DAL,2025,13,-185,154,-3.5,-105,-115,53.5,-110,-110
2025_13_CIN_BAL,2025,13,295,-375,7,100,-120,52.5,-115,-105
2025_13_CHI_PHI,2025,13,270,-340,7,-105,-115,43.5,-115,-105
2025_13_ARI_TB,2025,13,164,-198,4.5,-115,-105,44.5,-108,-112
2025_13_ATL_NYJ,2025,13,-166,140,-3,-112,-108,38.5,-105,-115
2025_13_HOU_IND,2025,13,142,-170,3,-105,-115,44.5,-112,-108
2025_13_JAX_TEN,2025,13,-270,220,-6,-108,-112,42.5,-105,-115
2025_13_LA_CAR,2025,13,-575,425,-10,-110,-110,44.5,-105,-115
2025_13_NO_MIA,2025,13,205,-250,5.5,-110,-110,41.5,-105,-115
2025_13_SF_CLE,2025,13,-250,205,-5.5,-108,-112,35.5,-112,-108
2025_13_MIN_SEA,2025,13,600,-900,12.5,-110,-110,42.5,-110,-110
2025_13_BUF_PIT,2025,13,-166,140,-3,-115,-105,44.5,-112,-108
2025_13_LV_LAC,2025,13,440,-600,10,-115,-105,40.5,-108,-112
2025_13_DEN_WAS,2025,13,-310,250,-6.5,-105,-115,43.5,-112,-108
2025_13_NYG_NE,2025,13,295,-375,7,-105,-115,46.5,-105,-115
2025_14_DAL_DET,2025,14,160,-192,3.5,-110,-110,55.5,-110,-110
2025_14_CIN_BUF,2025,14,230,-285,6,-108,-112,54.5,-108,-112
2025_14_IND_JAX,2025,14,-135,114,-2.5,-112,-108,44.5,-105,-115
2025_14_MIA_NYJ,2025,14,-148,124,-2.5,-115,-105,41.5,-112,-108
2025_14_NO_TB,2025,14,330,-425,7.5,-102,-118,41.5,-105,-115
2025_14_PIT_BAL,2025,14,220,-270,5.5,100,-120,43.5,-105,-115
2025_14_SEA_ATL,2025,14,-355,280,-7,100,-120,44.5,-108,-112
2025_14_TEN_CLE,2025,14,170,-205,4.5,-120,100,33.5,-105,-115
2025_14_WAS_MIN,2025,14,-115,-105,-1.5,-102,-118,43.5,-102,-118
2025_14_DEN_LV,2025,14,-470,360,-8.5,-110,-110,40.5,-115,-105
2025_14_CHI_GB,2025,14,245,-305,6.5,-105,-115,44.5,-115,-105
2025_14_LA_ARI,2025,14,-500,380,-9.5,-110,-110,49.5,-110,-110
2025_14_HOU_KC,2025,14,180,-218,4.5,-115,-105,41.5,-110,-110
2025_14_PHI_LAC,2025,14,-120,100,-1.5,-105,-115,41.5,-105,-115
2025_15_ATL_TB,2025,15,225,-278,6,-112,-108,43.5,-110,-110
2025_15_ARI_HOU,2025,15,455,-625,10.5,-110,-110,42.5,-112,-108
2025_15_BAL_CIN,2025,15,-162,136,-2.5,-125,105,51.5,-110,-110
2025_15_BUF_NE,2025,15,-142,120,-2.5,-110,-110,49.5,-105,-115
2025_15_CLE_CHI,2025,15,295,-375,7.5,-112,-108,38.5,-115,-105
2025_15_LAC_KC,2025,15,210,-258,5.5,100,-120,41.5,-108,-112
2025_15_LV_PHI,2025,15,650,-1000,12.5,-108,-112,37.5,-118,-102
2025_15_NYJ_JAX,2025,15,675,-1050,13.5,-105,-115,40.5,-115,-105
2025_15_WAS_NYG,2025,15,124,-148,2.5,-105,-115,46.5,-115,-105
2025_15_CAR_NO,2025,15,-148,124,-2.5,-118,-102,41.5,-108,-112
2025_15_DET_LA,2025,15,200,-245,5.5,-105,-115,54.5,-105,-115
2025_15_GB_DEN,2025,15,-122,102,-1.5,-108,-112,42.5,-115,-105
2025_15_IND_SEA,2025,15,650,-1000,13.5,-105,-115,41.5,-108,-112
2025_15_TEN_SF,2025,15,600,-900,12.5,-108,-112,44.5,-112,-108
2025_15_MIN_DAL,2025,15,215,-265,5.5,-110,-110,47.5,-102,-118
2025_15_MIA_PIT,2025,15,145,-175,3,-102,-118,42.5,-105,-115
2025_16_LA_SEA,2025,16,102,-122,1.5,-110,-110,42.5,-105,-115
2025_16_PHI_WAS,2025,16,-380,300,-7,-120,100,43.5,-110,-110
2025_16_GB_CHI,2025,16,-102,-118,1.5,-115,-105,45.5,-115,-105
2025_16_BUF_CLE,2025,16,-575,425,-10.5,-110,-110,41.5,-118,-102
2025_16_CIN_MIA,2025,16,-205,170,-3.5,-120,100,48.5,-112,-108
2025_16_KC_TEN,2025,16,-185,154,-3.5,100,-120,37.5,-110,-110
2025_16_LAC_DAL,2025,16,102,-122,1.5,-115,-105,50.5,-102,-118
2025_16_MIN_NYG,2025,16,-148,124,-2.5,-118,-102,41.5,-115,-105
2025_16_NYJ_NO,2025,16,240,-298,6.5,-105,-115,39.5,-105,-115
2025_16_TB_CAR,2025,16,-155,130,-3,100,-120,44.5,-108,-112
2025_16_ATL_ARI,2025,16,-148,124,-2.5,-115,-105,48.5,-105,-115
2025_16_JAX_DEN,2025,16,145,-175,3.5,-120,100,46.5,-108,-112
2025_16_LV_HOU,2025,16,900,-1600,14.5,-115,-105,39.5,-110,-110
2025_16_PIT_DET,2025,16,330,-425,7.5,-105,-115,52.5,-115,-105
2025_16_NE_BAL,2025,16,154,-185,3.5,-115,-105,48.5,-112,-108
2025_16_SF_IND,2025,16,-225,185,-4.5,-105,-115,46.5,-118,-102
2025_17_DAL_WAS,2025,17,-500,380,-8.5,-120,100,50.5,-108,-112
2025_17_DET_MIN,2025,17,-360,285,-7,-120,100,45.5,-115,-105
2025_17_DEN_KC,2025,17,-1100,700,-13.5,-105,-115,37.5,100,-120
2025_17_HOU_LAC,2025,17,-102,-118,1.5,-115,-105,40.5,-105,-115
2025_17_BAL_GB,2025,17,120,-142,2.5,-108,-112,38.5,-115,-105
2025_17_ARI_CIN,2025,17,275,-345,7,-110,-110,52.5,-105,-115
2025_17_JAX_IND,2025,17,-225,185,-3.5,-115,-105,48.5,-108,-112
2025_17_NE_NYJ,2025,17,-950,625,-12.5,-120,100,42.5,-112,-108
2025_17_NO_TEN,2025,17,-120,100,-1.5,-110,-110,39.5,-118,-102
2025_17_PIT_CLE,2025,17,-205,170,-4.5,-108,-112,35.5,-112,-108
2025_17_SEA_CAR,2025,17,-305,245,-6.5,-118,-102,42.5,-110,-110
2025_17_TB_MIA,2025,17,-250,205,-5.5,-108,-112,44.5,-118,-102
2025_17_NYG_LV,2025,17,-162,136,-3,-102,-118,40.5,-112,-108
2025_17_PHI_BUF,2025,17,142,-170,3,-108,-112,45.5,-115,-105
2025_17_CHI_SF,2025,17,170,-205,3.5,-105,-115,51.5,-112,-108
2025_17_LA_ATL,2025,17,-380,300,-7.5,-102,-118,48.5,-105,-115
2025_18_CAR_TB,2025,18,130,-155,3,-115,-105,43.5,-118,-102
2025_18_SEA_SF,2025,18,-148,124,-2.5,-120,100,47.5,-105,-115
2025_18_CLE_CIN,2025,18,350,-455,9.5,-112,-108,47.5,-118,-102
2025_18_DAL_NYG,2025,18,-166,140,-3,-115,-105,50.5,-115,-105
2025_18_GB_MIN,2025,18,470,-650,12.5,-108,-112,37.5,-118,-102
2025_18_IND_HOU,2025,18,400,-535,9.5,-110,-110,37.5,-108,-112
2025_18_NO_ATL,2025,18,170,-205,4.5,-115,-105,43.5,-112,-108
2025_18_TEN_JAX,2025,18,525,-750,12.5,-110,-110,46.5,-112,-108
2025_18_ARI_LA,2025,18,800,-1350,14.5,-115,-105,49.5,-108,-112
2025_18_DET_CHI,2025,18,150,-180,3.5,-110,-110,51.5,-115,-105
2025_18_KC_LV,2025,18,-225,185,-3.5,-112,-108,36.5,-118,-102
2025_18_LAC_DEN,2025,18,900,-1600,14.5,-108,-112,37.5,-105,-115
2025_18_MIA_NE,2025,18,650,-1000,14,-112,-108,44.5,-112,-108
2025_18_NYJ_BUF,2025,18,550,-800,12.5,-112,-108,39.5,-115,-105
2025_18_WAS_PHI,2025,18,150,-180,3,-105,-115,38.5,-108,-112
2025_18_BAL_PIT,2025,18,-225,185,-4.5,-105,-115,41.5,-110,-110
2025_19_LA_CAR,2025,19,-550,410,-10,-108,-112,44.5,-108,-112
2025_19_GB_CHI,2025,19,-135,114,-2.5,-108,-112,45.5,-115,-105
2025_19_BUF_JAX,2025,19,102,-122,1.5,-110,-110,51.5,-112,-108
2025_19_SF_PHI,2025,19,215,-265,6,-115,-105,44.5,-115,-105
2025_19_LAC_NE,2025,19,164,-198,3.5,-105,-115,45.5,-108,-112
2025_19_HOU_PIT,2025,19,-155,130,-3,-105,-115,38.5,-115,-105
2025_20_BUF_DEN,2025,20,100,-120,1.5,-112,-108,45.5,-112,-108
2025_20_SF_SEA,2025,20,245,-305,6.5,-102,-118,44.5,-118,-102
2025_20_HOU_NE,2025,20,150,-180,3,102,-122,40.5,-105,-115
2025_20_LA_CHI,2025,20,-205,170,-3.5,-118,-102,49.5,-110,-110
2025_21_NE_DEN,2025,21,-205,170,-3.5,-115,-105,43.5,-118,-102
2025_21_LA_SEA,2025,21,120,-142,2.5,-115,-105,45.5,-105,-115
2025_22_SEA_NE,2025,22,-238,195,-4.5,-115,-105,45.5,-115,-105
2026_01_NE_SEA,2026,1,160,-192,3.5,-110,-110,44.5,-110,-110
2026_01_SF_LA,2026,1,164,-198,3.5,-110,-110,48.5,-112,-108
2026_01_ATL_PIT,2026,1,145,-175,3,100,-120,42.5,-115,-105
2026_01_BAL_IND,2026,1,-185,154,-3.5,-108,-112,48.5,-110,-110
2026_01_BUF_HOU,2026,1,-118,-102,-1.5,-105,-115,44.5,-110,-110
2026_01_CHI_CAR,2026,1,-148,124,-2.5,-118,-102,47.5,-105,-115
2026_01_CLE_JAX,2026,1,300,-380,7.5,-110,-110,40.5,-110,-110
2026_01_NO_DET,2026,1,250,-310,7,-110,-110,48.5,-105,-115
2026_01_NYJ_TEN,2026,1,124,-148,3,-120,100,38.5,-105,-115
2026_01_TB_CIN,2026,1,170,-205,3.5,-105,-115,51.5,-110,-110
2026_01_ARI_LAC,2026,1,455,-625,10.5,-110,-110,46.5,-110,-110
2026_01_GB_MIN,2026,1,100,-120,1.5,-118,-102,45.5,-110,-110
2026_01_MIA_LV,2026,1,180,-218,3.5,-110,-110,40.5,-110,-110
2026_01_WAS_PHI,2026,1,180,-218,4.5,-110,-110,47.5,-115,-105
2026_01_DAL_NYG,2026,1,-148,124,-2.5,-115,-105,48.5,-110,-110
2026_01_DEN_KC,2026,1,124,-148,3,-115,-105,42.5,-110,-110
2026_02_DET_BUF,2026,2,130,-155,3,-110,-110,52.5,-110,-110
2026_02_CAR_ATL,2026,2,105,-125,1.5,-110,-110,44.5,-118,-102
2026_02_CIN_HOU,2026,2,114,-135,2.5,-110,-110,46.5,-110,-110
2026_02_CLE_TB,2026,2,200,-245,5.5,-110,-110,42.5,-110,-110
2026_02_GB_NYJ,2026,2,-245,200,-5.5,-110,-110,42.5,-110,-110
2026_02_MIN_CHI,2026,2,170,-205,3.5,-110,-110,45.5,-110,-110
2026_02_NO_BAL,2026,2,285,-360,7.5,-110,-110,46.5,-110,-110
2026_02_PHI_TEN,2026,2,-218,180,-4.5,-110,-110,42.5,-110,-110
2026_02_PIT_NE,2026,2,180,-218,4.5,-110,-110,43.5,-110,-110
2026_02_JAX_DEN,2026,2,120,-142,2.5,-105,-115,43.5,-110,-110
2026_02_LV_LAC,2026,2,285,-360,8.5,-110,-110,42.5,-110,-110
2026_02_MIA_SF,2026,2,470,-650,10.5,-110,-110,46.5,-110,-110
2026_02_SEA_ARI,2026,2,-535,400,-10,-110,-110,44.5,-110,-110
2026_02_WAS_DAL,2026,2,170,-205,4.5,-115,-105,51.5,-110,-110
2026_02_IND_KC,2026,2,240,-298,6.5,-110,-110,47.5,-110,-110
2026_02_NYG_LA,2026,2,300,-380,8.5,-110,-110,48.5,-110,-110
2026_03_ATL_GB,2026,3,285,-360,7.5,-110,-110,46.5,-110,-110
2026_03_CAR_CLE,2026,3,-122,102,-1.5,-110,-110,39.5,-110,-110
2026_03_CIN_PIT,2026,3,-125,105,-1.5,-110,-110,46.5,-102,-118
2026_03_HOU_IND,2026,3,-125,105,-1.5,-110,-110,45.5,-110,-110
2026_03_KC_MIA,2026,3,-395,310,-7.5,-110,-110,44.5,-110,-110
2026_03_LAC_BUF,2026,3,136,-162,3,-110,-110,48.5,-110,-110
2026_03_NE_JAX,2026,3,-102,-118,1.5,-115,-105,45.5,-110,-110
2026_03_NYJ_DET,2026,3,320,-410,9.5,-110,-110,45.5,-110,-110
2026_03_SEA_WAS,2026,3,-192,160,-3.5,-110,-110,46.5,-110,-110
2026_03_TEN_NYG,2026,3,140,-166,3,-105,-115,44.5,-110,-110
2026_03_ARI_SF,2026,3,470,-650,11.5,-110,-110,46.5,-110,-110
2026_03_MIN_TB,2026,3,105,-125,1.5,-110,-110,44.5,-110,-110
2026_03_BAL_DAL,2026,3,-135,114,-2.5,-110,-110,51.5,-110,-110
2026_03_LV_NO,2026,3,154,-185,3.5,-110,-110,42.5,-110,-110
2026_03_LA_DEN,2026,3,-155,130,-3,-110,-110,45.5,-110,-110
2026_03_PHI_CHI,2026,3,-102,-118,1.5,-115,-105,46.5,-110,-110
2026_04_PIT_CLE,2026,4,-135,114,-2.5,-110,-110,40.5,-110,-110
2026_04_IND_WAS,2026,4,-102,-118,1.5,-115,-105,50.5,-110,-110
2026_04_ARI_NYG,2026,4,260,-325,7,-110,-110,45.5,-110,-110
2026_04_DAL_HOU,2026,4,114,-135,2.5,-110,-110,47.5,-110,-110
2026_04_GB_TB,2026,4,-125,105,-1.5,-110,-110,47.5,-110,-110
2026_04_JAX_CIN,2026,4,114,-135,2.5,-110,-110,51.5,-110,-110
2026_04_LA_PHI,2026,4,-125,105,-1.5,-110,-110,47.5,-110,-110
2026_04_NE_BUF,2026,4,140,-166,3,-110,-110,49.5,-110,-110
2026_04_NYJ_CHI,2026,4,320,-410,8.5,-110,-110,45.5,-110,-110
2026_04_TEN_BAL,2026,4,310,-395,8.5,-110,-110,47.5,-110,-110
2026_04_MIA_MIN,2026,4,320,-410,7.5,-110,-110,43.5,-110,-110
2026_04_DEN_SF,2026,4,120,-142,2.5,-110,-110,46.5,-110,-110
2026_04_KC_LV,2026,4,-238,195,-5.5,-110,-110,43.5,-110,-110
2026_04_LAC_SEA,2026,4,145,-175,3,-105,-115,45.5,-110,-110
2026_04_DET_CAR,2026,4,-162,136,-3,-110,-110,47.5,-110,-110
2026_04_ATL_NO,2026,4,114,-135,2.5,-110,-110,45.5,-105,-115
2026_05_TB_DAL,2026,5,170,-205,3.5,-110,-110,52.5,-110,-110
2026_05_PHI_JAX,2026,5,-125,105,-1.5,-110,-110,45.5,-110,-110
2026_05_CIN_MIA,2026,5,-270,220,-6,-110,-110,49.5,-110,-110
2026_05_CLE_NYJ,2026,5,110,-130,2.5,-115,-105,39.5,-110,-110
2026_05_HOU_TEN,2026,5,-192,160,-3.5,-110,-110,43.5,-110,-110
2026_05_IND_PIT,2026,5,120,-142,2.5,-110,-110,47.5,-110,-110
2026_05_LV_NE,2026,5,310,-395,8.5,-110,-110,44.5,-110,-110
2026_05_MIN_NO,2026,5,-125,105,-1.5,-110,-110,44.5,-110,-110
2026_05_NYG_WAS,2026,5,110,-130,1.5,-105,-115,48.5,-110,-110
2026_05_DEN_LAC,2026,5,114,-135,2.5,-110,-110,44.5,-110,-110
2026_05_CHI_GB,2026,5,140,-166,3,-110,-110,49.5,-110,-110
2026_05_DET_ARI,2026,5,-395,310,-8.5,-110,-110,48.5,-110,-110
2026_05_SF_SEA,2026,5,170,-205,3.5,-110,-110,48.5,-110,-110
2026_05_BAL_ATL,2026,5,-198,164,-4.5,-110,-110,48.5,-110,-110
2026_05_BUF_LA,2026,5,140,-166,3,-110,-110,53.5,-110,-110
2026_06_SEA_DEN,2026,6,-130,110,-1.5,-115,-105,43.5,-110,-110
2026_06_HOU_JAX,2026,6,-108,-112,1.5,-122,102,42.5,-110,-110
2026_06_BAL_CLE,2026,6,-250,205,-6.5,-110,-110,44.5,-110,-110
2026_06_CAR_PHI,2026,6,225,-278,6.5,-110,-110,43.5,-110,-110
2026_06_CHI_ATL,2026,6,-162,136,-3,-110,-110,47.5,-110,-110
2026_06_NO_NYG,2026,6,114,-135,2.5,-110,-110,44.5,-110,-110
2026_06_NYJ_NE,2026,6,350,-455,9.5,-110,-110,42.5,-110,-110
2026_06_PIT_TB,2026,6,105,-125,1.5,-110,-110,45.5,-110,-110
2026_06_TEN_IND,2026,6,160,-192,3.5,-110,-110,47.5,-110,-110
2026_06_ARI_LA,2026,6,500,-700,13.5,-110,-110,47.5,-110,-110
2026_06_BUF_LV,2026,6,-270,220,-6.5,-110,-110,47.5,-110,-110
2026_06_LAC_KC,2026,6,120,-142,2.5,-110,-110,46.5,-110,-110
2026_06_DAL_GB,2026,6,140,-166,3,-110,-110,51.5,-110,-110
2026_06_WAS_SF,2026,6,205,-250,5.5,-110,-110,50.5,-110,-110
2026_07_NE_CHI,2026,7,102,-122,1.5,-110,-110,47.5,-110,-110
2026_07_PIT_NO,2026,7,-142,120,-2.5,-110,-110,42.5,-110,-110
2026_07_CIN_BAL,2026,7,,,,,,,,
2026_07_CLE_TEN,2026,7,,,,,,,,
2026_07_IND_MIN,2026,7,120,-142,2.5,-110,-110,46.5,-110,-110
2026_07_MIA_NYJ,2026,7,120,-142,2.5,-110,-110,41.5,-110,-110
2026_07_NYG_HOU,2026,7,200,-245,5.5,-110,-110,43.5,-110,-110
2026_07_SF_ATL,2026,7,-218,180,-4.5,-110,-110,47.5,-110,-110
2026_07_TB_CAR,2026,7,-125,105,-1.5,-110,-110,45.5,-110,-110
2026_07_DEN_ARI,2026,7,,,,,,,,
2026_07_GB_DET,2026,7,,,,,,,,
2026_07_LA_LV,2026,7,,,,,,,,
2026_07_KC_SEA,2026,7,,,,,,,,
2026_07_DAL_PHI,2026,7,,,,,,,,
2026_08_CAR_GB,2026,8,,,,,,,,
2026_08_ARI_DAL,2026,8,,,,,,,,
2026_08_ATL_TB,2026,8,,,,,,,,
2026_08_BAL_BUF,2026,8,,,,,,,,
2026_08_CLE_PIT,2026,8,,,,,,,,
2026_08_IND_JAX,2026,8,,,,,,,,
2026_08_LV_NYJ,2026,8,,,,,,,,
2026_08_MIN_DET,2026,8,,,,,,,,
2026_08_TEN_CIN,2026,8,,,,,,,,
2026_08_LAC_LA,2026,8,,,,,,,,
2026_08_KC_DEN,2026,8,,,,,,,,
2026_08_NE_MIA,2026,8,,,,,,,,
2026_08_PHI_WAS,2026,8,,,,,,,,
2026_08_CHI_SEA,2026,8,,,,,,,,
2026_09_JAX_BAL,2026,9,,,,,,,,
2026_09_CIN_ATL,2026,9,-215,180,-4.5,-104,-118,49.5,-115,-105
2026_09_CLE_NO,2026,9,,,,,,,,
2026_09_DAL_IND,2026,9,,,,,,,,
2026_09_DEN_CAR,2026,9,,,,,,,,
2026_09_DET_MIA,2026,9,,,,,,,,
2026_09_LA_WAS,2026,9,,,,,,,,
2026_09_NYG_PHI,2026,9,,,,,,,,
2026_09_NYJ_KC,2026,9,,,,,,,,
2026_09_HOU_LAC,2026,9,,,,,,,,
2026_09_LV_SF,2026,9,,,,,,,,
2026_09_ARI_SEA,2026,9,,,,,,,,
2026_09_GB_NE,2026,9,,,,,,,,
2026_09_TB_CHI,2026,9,,,,,,,,
2026_09_BUF_MIN,2026,9,,,,,,,,
2026_10_WAS_NYG,2026,10,,,,,,,,
2026_10_NE_DET,2026,10,-102,-116,1.5,-120,-102,49.5,-104,-118
2026_10_BUF_NYJ,2026,10,,,,,,,,
2026_10_CAR_NO,2026,10,,,,,,,,
2026_10_HOU_CLE,2026,10,,,,,,,,
2026_10_JAX_TEN,2026,10,,,,,,,,
2026_10_KC_ATL,2026,10,,,,,,,,
2026_10_MIA_IND,2026,10,,,,,,,,
2026_10_MIN_GB,2026,10,,,,,,,,
2026_10_LA_ARI,2026,10,,,,,,,,
2026_10_SEA_LV,2026,10,,,,,,,,
2026_10_SF_DAL,2026,10,,,,,,,,
2026_10_PIT_CIN,2026,10,,,,,,,,
2026_10_LAC_BAL,2026,10,,,,,,,,
2026_11_IND_HOU,2026,11,,,,,,,,
2026_11_ARI_KC,2026,11,,,,,,,,
2026_11_BAL_CAR,2026,11,,,,,,,,
2026_11_JAX_NYG,2026,11,,,,,,,,
2026_11_MIA_BUF,2026,11,,,,,,,,
2026_11_NO_CHI,2026,11,,,,,,,,
2026_11_TB_DET,2026,11,,,,,,,,
2026_11_TEN_DAL,2026,11,,,,,,,,
2026_11_NYJ_LAC,2026,11,,,,,,,,
2026_11_LV_DEN,2026,11,,,,,,,,
2026_11_PIT_PHI,2026,11,,,,,,,,
2026_11_MIN_SF,2026,11,176,-210,4.5,-115,-105,47.5,-115,-105
2026_11_CIN_WAS,2026,11,,,,,,,,
2026_12_GB_LA,2026,12,198,-240,5.5,-115,-105,48.5,-115,-105
2026_12_CHI_DET,2026,12,112,-132,2.5,-110,-110,53.5,-105,-115
2026_12_PHI_DAL,2026,12,102,-120,1.5,-110,-110,49.5,-105,-115
2026_12_KC_BUF,2026,12,124,-146,2.5,-104,-118,50.5,-118,-104
2026_12_DEN_PIT,2026,12,-134,114,-1.5,-118,-104,39.5,-110,-110
2026_12_ATL_MIN,2026,12,,,,,,,,
2026_12_BAL_HOU,2026,12,,,,,,,,
2026_12_LV_CLE,2026,12,,,,,,,,
2026_12_NO_CIN,2026,12,,,,,,,,
2026_12_NYG_IND,2026,12,,,,,,,,
2026_12_NYJ_MIA,2026,12,,,,,,,,
2026_12_TEN_JAX,2026,12,,,,,,,,
2026_12_SEA_SF,2026,12,,,,,,,,
2026_12_WAS_ARI,2026,12,,,,,,,,
2026_12_NE_LAC,2026,12,,,,,,,,
2026_12_CAR_TB,2026,12,,,,,,,,
2026_13_KC_LA,2026,13,,,,,,,,
2026_13_CIN_CLE,2026,13,,,,,,,,
2026_13_DET_ATL,2026,13,,,,,,,,
2026_13_GB_NO,2026,13,,,,,,,,
2026_13_JAX_CHI,2026,13,,,,,,,,
2026_13_LAC_TB,2026,13,,,,,,,,
2026_13_SF_NYG,2026,13,,,,,,,,
2026_13_WAS_TEN,2026,13,,,,,,,,
2026_13_MIA_DEN,2026,13,,,,,,,,
2026_13_PHI_ARI,2026,13,,,,,,,,
2026_13_BUF_NE,2026,13,,,,,,,,
2026_13_CAR_MIN,2026,13,,,,,,,,
2026_13_HOU_PIT,2026,13,,,,,,,,
2026_13_DAL_SEA,2026,13,,,,,,,,
2026_14_MIN_NE,2026,14,,,,,,,,
2026_14_ATL_CLE,2026,14,,,,,,,,
2026_14_CHI_MIA,2026,14,,,,,,,,
2026_14_DEN_NYJ,2026,14,,,,,,,,
2026_14_HOU_WAS,2026,14,,,,,,,,
2026_14_IND_PHI,2026,14,,,,,,,,
2026_14_NO_CAR,2026,14,,,,,,,,
2026_14_TB_BAL,2026,14,,,,,,,,
2026_14_TEN_DET,2026,14,,,,,,,,
2026_14_LAC_LV,2026,14,,,,,,,,
2026_14_KC_CIN,2026,14,,,,,,,,
2026_14_LA_SF,2026,14,,,,,,,,
2026_14_NYG_SEA,2026,14,,,,,,,,
2026_14_BUF_GB,2026,14,,,,,,,,
2026_14_PIT_JAX,2026,14,,,,,,,,
2026_15_SF_LAC,2026,15,,,,,,,,
2026_15_SEA_PHI,2026,15,,,,,,,,
2026_15_CHI_BUF,2026,15,,,,,,,,
2026_15_ATL_WAS,2026,15,,,,,,,,
2026_15_BAL_PIT,2026,15,,,,,,,,
2026_15_CIN_CAR,2026,15,,,,,,,,
2026_15_CLE_NYG,2026,15,,,,,,,,
2026_15_IND_TEN,2026,15,,,,,,,,
2026_15_JAX_HOU,2026,15,,,,,,,,
2026_15_MIA_GB,2026,15,,,,,,,,
2026_15_NO_TB,2026,15,,,,,,,,
2026_15_NYJ_ARI,2026,15,,,,,,,,
2026_15_DAL_LA,2026,15,,,,,,,,
2026_15_DEN_LV,2026,15,,,,,,,,
2026_15_DET_MIN,2026,15,,,,,,,,
2026_15_NE_KC,2026,15,,,,,,,,
2026_16_HOU_PHI,2026,16,110,-130,2.5,-115,-105,38.5,-118,-104
2026_16_GB_CHI,2026,16,100,-118,1.5,-115,-105,47.5,-105,-115
2026_16_BUF_DEN,2026,16,-130,110,-1.5,-115,-105,46.5,-105,-115
2026_16_LA_SEA,2026,16,-116,-102,-1.5,-105,-115,45.5,-110,-110
2026_16_ARI_NO,2026,16,,,,,,,,
2026_16_CAR_PIT,2026,16,,,,,,,,
2026_16_CIN_IND,2026,16,,,,,,,,
2026_16_CLE_BAL,2026,16,,,,,,,,
2026_16_LAC_MIA,2026,16,,,,,,,,
2026_16_NE_NYJ,2026,16,,,,,,,,
2026_16_TB_ATL,2026,16,,,,,,,,
2026_16_WAS_MIN,2026,16,,,,,,,,
2026_16_TEN_LV,2026,16,,,,,,,,
2026_16_SF_KC,2026,16,,,,,,,,
2026_16_JAX_DAL,2026,16,,,,,,,,
2026_16_NYG_DET,2026,16,,,,,,,,
2026_17_BAL_CIN,2026,17,,,,,,,,
2026_17_BUF_MIA,2026,17,,,,,,,,
2026_17_DEN_NE,2026,17,,,,,,,,
2026_17_IND_CLE,2026,17,,,,,,,,
2026_17_KC_LAC,2026,17,,,,,,,,
2026_17_LA_TB,2026,17,,,,,,,,
2026_17_MIN_NYJ,2026,17,,,,,,,,
2026_17_NO_ATL,2026,17,,,,,,,,
2026_17_NYG_DAL,2026,17,,,,,,,,
2026_17_PIT_TEN,2026,17,,,,,,,,
2026_17_SEA_CAR,2026,17,,,,,,,,
2026_17_WAS_JAX,2026,17,,,,,,,,
2026_17_LV_ARI,2026,17,,,,,,,,
2026_17_DET_CHI,2026,17,,,,,,,,
2026_17_PHI_SF,2026,17,,,,,,,,
2026_17_HOU_GB,2026,17,,,,,,,,
2026_18_ATL_CAR,2026,18,,,,,,,,
2026_18_CHI_MIN,2026,18,,,,,,,,
2026_18_CLE_CIN,2026,18,,,,,,,,
2026_18_DAL_WAS,2026,18,,,,,,,,
2026_18_DET_GB,2026,18,,,,,,,,
2026_18_JAX_IND,2026,18,,,,,,,,
2026_18_LAC_DEN,2026,18,,,,,,,,
2026_18_LV_KC,2026,18,,,,,,,,
2026_18_MIA_NE,2026,18,,,,,,,,
2026_18_NYJ_BUF,2026,18,,,,,,,,
2026_18_PHI_NYG,2026,18,,,,,,,,
2026_18_PIT_BAL,2026,18,,,,,,,,
2026_18_SEA_LA,2026,18,,,,,,,,
2026_18_SF_ARI,2026,18,,,,,,,,
2026_18_TB_NO,2026,18,,,,,,,,
2026_18_TEN_HOU,2026,18,,,,,,,,
