game_id,season,week,season_type,team,opponent,is_home,n_plays,epa_sum,epa_per_play
2010_01_ARI_STL,2010,1,REG,ARI,LA,0,68,-9.2777,-0.136437
2010_01_ARI_STL,2010,1,REG,LA,ARI,1,81,-15.87,-0.195926
2010_01_ATL_PIT,2010,1,REG,ATL,PIT,0,74,-8.8874,-0.1201
2010_01_ATL_PIT,2010,1,REG,PIT,ATL,1,60,-1.6972,-0.028287
2010_01_BAL_NYJ,2010,1,REG,BAL,NYJ,0,81,-9.3104,-0.114943
2010_01_BAL_NYJ,2010,1,REG,NYJ,BAL,1,45,-18.4952,-0.411004
2010_01_CAR_NYG,2010,1,REG,CAR,NYG,0,64,-20.4048,-0.318826
2010_01_CAR_NYG,2010,1,REG,NYG,CAR,1,71,-2.1906,-0.030853
2010_01_CIN_NE,2010,1,REG,CIN,NE,0,78,4.0881,0.052411
2010_01_CIN_NE,2010,1,REG,NE,CIN,1,60,13.21,0.220166
2010_01_CLE_TB,2010,1,REG,CLE,TB,0,62,-13.3589,-0.215466
2010_01_CLE_TB,2010,1,REG,TB,CLE,1,64,-13.6696,-0.213587
2010_01_DAL_WAS,2010,1,REG,DAL,WAS,0,75,-4.161,-0.05548
2010_01_DAL_WAS,2010,1,REG,WAS,DAL,1,61,-10.6373,-0.174382
2010_01_DEN_JAX,2010,1,REG,DEN,JAX,0,63,3.7638,0.059743
2010_01_DEN_JAX,2010,1,REG,JAX,DEN,1,55,9.1838,0.166978
2010_01_DET_CHI,2010,1,REG,CHI,DET,1,77,-12.4735,-0.161994
2010_01_DET_CHI,2010,1,REG,DET,CHI,0,56,-16.8421,-0.300751
2010_01_GB_PHI,2010,1,REG,GB,PHI,0,66,3.0255,0.045841
2010_01_GB_PHI,2010,1,REG,PHI,GB,1,66,-3.9758,-0.06024
2010_01_IND_HOU,2010,1,REG,HOU,IND,1,59,15.3907,0.260859
2010_01_IND_HOU,2010,1,REG,IND,HOU,0,72,12.5505,0.174313
2010_01_MIA_BUF,2010,1,REG,BUF,MIA,1,55,-12.7506,-0.231829
2010_01_MIA_BUF,2010,1,REG,MIA,BUF,0,74,-0.6964,-0.009411
2010_01_MIN_NO,2010,1,REG,MIN,NO,0,55,-8.8556,-0.161011
2010_01_MIN_NO,2010,1,REG,NO,MIN,1,60,1.0997,0.018328
2010_01_OAK_TEN,2010,1,REG,LV,TEN,0,68,-7.808,-0.114824
2010_01_OAK_TEN,2010,1,REG,TEN,LV,1,55,11.4154,0.207553
2010_01_SD_KC,2010,1,REG,KC,LAC,1,48,-10.8463,-0.225965
2010_01_SD_KC,2010,1,REG,LAC,KC,0,69,-2.3294,-0.033759
2010_01_SF_SEA,2010,1,REG,SEA,SF,1,51,0.9425,0.01848
2010_01_SF_SEA,2010,1,REG,SF,SEA,0,67,-21.2435,-0.317067
2010_02_ARI_ATL,2010,2,REG,ARI,ATL,0,48,-14.9741,-0.31196
2010_02_ARI_ATL,2010,2,REG,ATL,ARI,1,82,21.177,0.258256
2010_02_BAL_CIN,2010,2,REG,BAL,CIN,0,65,-17.1543,-0.263912
2010_02_BAL_CIN,2010,2,REG,CIN,BAL,1,67,-9.8008,-0.146281
2010_02_BUF_GB,2010,2,REG,BUF,GB,0,56,-16.4896,-0.294456
2010_02_BUF_GB,2010,2,REG,GB,BUF,1,55,15.2773,0.27777
2010_02_CHI_DAL,2010,2,REG,CHI,DAL,0,50,6.5631,0.131262
2010_02_CHI_DAL,2010,2,REG,DAL,CHI,1,71,-4.1609,-0.058605
2010_02_HOU_WAS,2010,2,REG,HOU,WAS,0,83,19.4521,0.234363
2010_02_HOU_WAS,2010,2,REG,WAS,HOU,1,59,13.6557,0.231453
2010_02_JAX_SD,2010,2,REG,JAX,LAC,0,71,-16.4511,-0.231706
2010_02_JAX_SD,2010,2,REG,LAC,JAX,1,61,15.3535,0.251696
2010_02_KC_CLE,2010,2,REG,CLE,KC,1,62,-11.6741,-0.188291
2010_02_KC_CLE,2010,2,REG,KC,CLE,0,66,-5.6393,-0.085444
2010_02_MIA_MIN,2010,2,REG,MIA,MIN,0,48,-11.8056,-0.24595
2010_02_MIA_MIN,2010,2,REG,MIN,MIA,1,74,-15.4974,-0.209424
2010_02_NE_NYJ,2010,2,REG,NE,NYJ,0,61,4.3474,0.071269
2010_02_NE_NYJ,2010,2,REG,NYJ,NE,1,68,12.3558,0.181704
2010_02_NO_SF,2010,2,REG,NO,SF,0,65,0.9988,0.015366
2010_02_NO_SF,2010,2,REG,SF,NO,1,62,10.4787,0.169012
2010_02_NYG_IND,2010,2,REG,IND,NYG,1,68,10.6549,0.15669
2010_02_NYG_IND,2010,2,REG,NYG,IND,0,54,-13.5452,-0.250837
2010_02_PHI_DET,2010,2,REG,DET,PHI,1,75,3.8095,0.050793
2010_02_PHI_DET,2010,2,REG,PHI,DET,0,67,15.5728,0.232429
2010_02_PIT_TEN,2010,2,REG,PIT,TEN,0,56,-21.82,-0.389644
2010_02_PIT_TEN,2010,2,REG,TEN,PIT,1,62,-26.9982,-0.435454
2010_02_SEA_DEN,2010,2,REG,DEN,SEA,1,72,17.7385,0.246368
2010_02_SEA_DEN,2010,2,REG,SEA,DEN,0,57,5.5374,0.097147
2010_02_STL_OAK,2010,2,REG,LA,LV,0,54,-1.8918,-0.035034
2010_02_STL_OAK,2010,2,REG,LV,LA,1,80,0.7915,0.009893
2010_02_TB_CAR,2010,2,REG,CAR,TB,1,66,-14.1305,-0.214099
2010_02_TB_CAR,2010,2,REG,TB,CAR,0,60,3.5831,0.059718
2010_03_ATL_NO,2010,3,REG,ATL,NO,0,87,10.5913,0.121739
2010_03_ATL_NO,2010,3,REG,NO,ATL,1,56,1.1374,0.020311
2010_03_BUF_NE,2010,3,REG,BUF,NE,0,54,10.015,0.185462
2010_03_BUF_NE,2010,3,REG,NE,BUF,1,67,18.8412,0.281212
2010_03_CIN_CAR,2010,3,REG,CAR,CIN,1,61,-20.1326,-0.330043
2010_03_CIN_CAR,2010,3,REG,CIN,CAR,0,74,-8.7176,-0.117805
2010_03_CLE_BAL,2010,3,REG,BAL,CLE,1,56,15.4659,0.276177
2010_03_CLE_BAL,2010,3,REG,CLE,BAL,0,57,6.1807,0.108434
2010_03_DAL_HOU,2010,3,REG,DAL,HOU,0,59,14.1196,0.239315
2010_03_DAL_HOU,2010,3,REG,HOU,DAL,1,64,0.0928,0.001451
2010_03_DET_MIN,2010,3,REG,DET,MIN,0,66,-11.928,-0.180727
2010_03_DET_MIN,2010,3,REG,MIN,DET,1,68,-6.6622,-0.097974
2010_03_GB_CHI,2010,3,REG,CHI,GB,1,52,0.6769,0.013016
2010_03_GB_CHI,2010,3,REG,GB,CHI,0,65,11.7566,0.180871
2010_03_IND_DEN,2010,3,REG,DEN,IND,1,78,-3.3104,-0.04244
2010_03_IND_DEN,2010,3,REG,IND,DEN,0,66,11.8494,0.179536
2010_03_NYJ_MIA,2010,3,REG,MIA,NYJ,1,72,6.6677,0.092607
2010_03_NYJ_MIA,2010,3,REG,NYJ,MIA,0,59,19.1134,0.323956
2010_03_OAK_ARI,2010,3,REG,ARI,LV,1,58,-2.8476,-0.049097
2010_03_OAK_ARI,2010,3,REG,LV,ARI,0,75,-0.2793,-0.003723
2010_03_PHI_JAX,2010,3,REG,JAX,PHI,1,71,-21.6033,-0.304272
2010_03_PHI_JAX,2010,3,REG,PHI,JAX,0,56,11.7224,0.209329
2010_03_PIT_TB,2010,3,REG,PIT,TB,0,45,13.8852,0.30856
2010_03_PIT_TB,2010,3,REG,TB,PIT,1,64,-13.4479,-0.210124
2010_03_SD_SEA,2010,3,REG,LAC,SEA,0,80,1.6759,0.020949
2010_03_SD_SEA,2010,3,REG,SEA,LAC,1,55,-9.9079,-0.180144
2010_03_SF_KC,2010,3,REG,KC,SF,1,66,11.8864,0.180097
2010_03_SF_KC,2010,3,REG,SF,KC,0,65,-12.0802,-0.18585
2010_03_TEN_NYG,2010,3,REG,NYG,TEN,1,71,-6.4927,-0.091446
2010_03_TEN_NYG,2010,3,REG,TEN,NYG,0,60,7.2618,0.12103
2010_03_WAS_STL,2010,3,REG,LA,WAS,1,78,3.2575,0.041763
2010_03_WAS_STL,2010,3,REG,WAS,LA,0,52,-9.6495,-0.185567
2010_04_ARI_SD,2010,4,REG,ARI,LAC,0,52,-26.4843,-0.509314
2010_04_ARI_SD,2010,4,REG,LAC,ARI,1,61,10.6752,0.175003
2010_04_BAL_PIT,2010,4,REG,BAL,PIT,0,68,2.2541,0.033149
2010_04_BAL_PIT,2010,4,REG,PIT,BAL,1,56,-1.8993,-0.033916
2010_04_CAR_NO,2010,4,REG,CAR,NO,0,47,0.8094,0.01722
2010_04_CAR_NO,2010,4,REG,NO,CAR,1,81,-1.9096,-0.023576
2010_04_CHI_NYG,2010,4,REG,CHI,NYG,0,53,-30.7876,-0.580898
2010_04_CHI_NYG,2010,4,REG,NYG,CHI,1,62,-8.2559,-0.133159
2010_04_CIN_CLE,2010,4,REG,CIN,CLE,0,63,5.6059,0.088983
2010_04_CIN_CLE,2010,4,REG,CLE,CIN,1,65,3.5964,0.05533
2010_04_DEN_TEN,2010,4,REG,DEN,TEN,0,83,-2.7821,-0.03352
2010_04_DEN_TEN,2010,4,REG,TEN,DEN,1,54,-1.801,-0.033353
2010_04_DET_GB,2010,4,REG,DET,GB,0,82,1.4828,0.018083
2010_04_DET_GB,2010,4,REG,GB,DET,1,43,6.9017,0.160506
2010_04_HOU_OAK,2010,4,REG,HOU,LV,0,64,18.8851,0.29508
2010_04_HOU_OAK,2010,4,REG,LV,HOU,1,70,-0.2345,-0.003349
2010_04_IND_JAX,2010,4,REG,IND,JAX,0,65,13.2692,0.204142
2010_04_IND_JAX,2010,4,REG,JAX,IND,1,59,15.8327,0.268351
2010_04_NE_MIA,2010,4,REG,MIA,NE,1,70,-7.5714,-0.108163
2010_04_NE_MIA,2010,4,REG,NE,MIA,0,57,7.9709,0.139841
2010_04_NYJ_BUF,2010,4,REG,BUF,NYJ,1,48,-11.6215,-0.242115
2010_04_NYJ_BUF,2010,4,REG,NYJ,BUF,0,76,18.0905,0.238033
2010_04_SEA_STL,2010,4,REG,LA,SEA,1,72,-12.0741,-0.167696
2010_04_SEA_STL,2010,4,REG,SEA,LA,0,66,-27.5838,-0.417936
2010_04_SF_ATL,2010,4,REG,ATL,SF,1,77,-1.4649,-0.019024
2010_04_SF_ATL,2010,4,REG,SF,ATL,0,58,-2.7826,-0.047976
2010_04_WAS_PHI,2010,4,REG,PHI,WAS,1,74,-4.6363,-0.062653
2010_04_WAS_PHI,2010,4,REG,WAS,PHI,0,57,5.5947,0.098152
2010_05_ATL_CLE,2010,5,REG,ATL,CLE,0,59,2.7798,0.047115
2010_05_ATL_CLE,2010,5,REG,CLE,ATL,1,64,-15.6391,-0.244362
2010_05_CHI_CAR,2010,5,REG,CAR,CHI,1,65,-31.2716,-0.481102
2010_05_CHI_CAR,2010,5,REG,CHI,CAR,0,64,-16.5771,-0.259017
2010_05_DEN_BAL,2010,5,REG,BAL,DEN,1,76,15.6874,0.206413
2010_05_DEN_BAL,2010,5,REG,DEN,BAL,0,57,7.3652,0.129215
2010_05_GB_WAS,2010,5,REG,GB,WAS,0,67,-5.4322,-0.081077
2010_05_GB_WAS,2010,5,REG,WAS,GB,1,79,-7.9102,-0.100129
2010_05_JAX_BUF,2010,5,REG,BUF,JAX,1,59,-1.5608,-0.026454
2010_05_JAX_BUF,2010,5,REG,JAX,BUF,0,63,6.6793,0.106021
2010_05_KC_IND,2010,5,REG,IND,KC,1,76,0.2944,0.003874
2010_05_KC_IND,2010,5,REG,KC,IND,0,59,-7.6353,-0.129411
2010_05_MIN_NYJ,2010,5,REG,MIN,NYJ,0,65,-9.4783,-0.14582
2010_05_MIN_NYJ,2010,5,REG,NYJ,MIN,1,77,-8.2673,-0.107367
2010_05_NO_ARI,2010,5,REG,ARI,NO,1,57,-10.7165,-0.188008
2010_05_NO_ARI,2010,5,REG,NO,ARI,0,65,-12.8088,-0.197059
2010_05_NYG_HOU,2010,5,REG,HOU,NYG,1,52,-24.1311,-0.46406
2010_05_NYG_HOU,2010,5,REG,NYG,HOU,0,75,7.3048,0.097397
2010_05_PHI_SF,2010,5,REG,PHI,SF,0,61,4.6645,0.076467
2010_05_PHI_SF,2010,5,REG,SF,PHI,1,68,-7.9655,-0.11714
2010_05_SD_OAK,2010,5,REG,LAC,LV,0,79,1.7434,0.022069
2010_05_SD_OAK,2010,5,REG,LV,LAC,1,60,-0.6181,-0.010302
2010_05_STL_DET,2010,5,REG,DET,LA,1,61,8.0095,0.131303
2010_05_STL_DET,2010,5,REG,LA,DET,0,78,-24.6232,-0.315682
2010_05_TB_CIN,2010,5,REG,CIN,TB,1,67,-6.4333,-0.096019
2010_05_TB_CIN,2010,5,REG,TB,CIN,0,61,6.4715,0.10609
2010_05_TEN_DAL,2010,5,REG,DAL,TEN,1,78,1.7932,0.022989
2010_05_TEN_DAL,2010,5,REG,TEN,DAL,0,57,9.1161,0.159931
2010_06_ATL_PHI,2010,6,REG,ATL,PHI,0,67,-1.874,-0.027969
2010_06_ATL_PHI,2010,6,REG,PHI,ATL,1,69,12.4351,0.180219
2010_06_BAL_NE,2010,6,REG,BAL,NE,0,75,5.5813,0.074417
2010_06_BAL_NE,2010,6,REG,NE,BAL,1,75,1.0853,0.014471
2010_06_CLE_PIT,2010,6,REG,CLE,PIT,0,61,-5.3792,-0.088184
2010_06_CLE_PIT,2010,6,REG,PIT,CLE,1,64,8.3066,0.12979
2010_06_DAL_MIN,2010,6,REG,DAL,MIN,0,62,0.5773,0.009311
2010_06_DAL_MIN,2010,6,REG,MIN,DAL,1,53,-7.4248,-0.140091
2010_06_DET_NYG,2010,6,REG,DET,NYG,0,72,-4.1121,-0.057112
2010_06_DET_NYG,2010,6,REG,NYG,DET,1,65,5.306,0.08163
2010_06_IND_WAS,2010,6,REG,IND,WAS,0,67,11.8716,0.177188
2010_06_IND_WAS,2010,6,REG,WAS,IND,1,72,-4.2299,-0.058749
2010_06_KC_HOU,2010,6,REG,HOU,KC,1,58,21.6593,0.373437
2010_06_KC_HOU,2010,6,REG,KC,HOU,0,70,23.4556,0.33508
2010_06_MIA_GB,2010,6,REG,GB,MIA,1,60,3.9569,0.065949
2010_06_MIA_GB,2010,6,REG,MIA,GB,0,79,1.4757,0.01868
2010_06_NO_TB,2010,6,REG,NO,TB,0,65,28.3293,0.435836
2010_06_NO_TB,2010,6,REG,TB,NO,1,69,-0.4524,-0.006557
2010_06_NYJ_DEN,2010,6,REG,DEN,NYJ,1,75,-8.6878,-0.115838
2010_06_NYJ_DEN,2010,6,REG,NYJ,DEN,0,64,-0.6331,-0.009893
2010_06_OAK_SF,2010,6,REG,LV,SF,0,55,-12.0555,-0.21919
2010_06_OAK_SF,2010,6,REG,SF,LV,1,67,0.9074,0.013543
2010_06_SD_STL,2010,6,REG,LA,LAC,1,68,-0.943,-0.013867
2010_06_SD_STL,2010,6,REG,LAC,LA,0,63,-2.3734,-0.037672
2010_06_SEA_CHI,2010,6,REG,CHI,SEA,1,60,-4.6039,-0.076732
2010_06_SEA_CHI,2010,6,REG,SEA,CHI,0,69,2.9129,0.042216
2010_06_TEN_JAX,2010,6,REG,JAX,TEN,1,69,-15.7987,-0.228966
2010_06_TEN_JAX,2010,6,REG,TEN,JAX,0,63,17.2933,0.274497
2010_07_ARI_SEA,2010,7,REG,ARI,SEA,0,55,-15.7508,-0.286379
2010_07_ARI_SEA,2010,7,REG,SEA,ARI,1,81,-13.2332,-0.163373
2010_07_BUF_BAL,2010,7,REG,BAL,BUF,1,64,7.9941,0.124908
2010_07_BUF_BAL,2010,7,REG,BUF,BAL,0,79,8.2955,0.105007
2010_07_CIN_ATL,2010,7,REG,ATL,CIN,1,67,11.3531,0.169449
2010_07_CIN_ATL,2010,7,REG,CIN,ATL,0,76,16.9505,0.223033
2010_07_CLE_NO,2010,7,REG,CLE,NO,0,44,1.3317,0.030266
2010_07_CLE_NO,2010,7,REG,NO,CLE,1,81,-12.8613,-0.158782
2010_07_JAX_KC,2010,7,REG,JAX,KC,0,61,-0.1513,-0.00248
2010_07_JAX_KC,2010,7,REG,KC,JAX,1,64,20.7483,0.324191
2010_07_MIN_GB,2010,7,REG,GB,MIN,1,59,3.4843,0.059056
2010_07_MIN_GB,2010,7,REG,MIN,GB,0,68,1.0995,0.016169
2010_07_NE_SD,2010,7,REG,LAC,NE,1,72,-5.8573,-0.081352
2010_07_NE_SD,2010,7,REG,NE,LAC,0,62,-1.1974,-0.019313
2010_07_NYG_DAL,2010,7,REG,DAL,NYG,1,59,-14.5519,-0.246642
2010_07_NYG_DAL,2010,7,REG,NYG,DAL,0,75,0.0763,0.001017
2010_07_OAK_DEN,2010,7,REG,DEN,LV,1,53,-26.3736,-0.497615
2010_07_OAK_DEN,2010,7,REG,LV,DEN,0,77,33.6337,0.436801
2010_07_PHI_TEN,2010,7,REG,PHI,TEN,0,74,-14.0906,-0.190414
2010_07_PHI_TEN,2010,7,REG,TEN,PHI,1,67,0.2567,0.003831
2010_07_PIT_MIA,2010,7,REG,MIA,PIT,1,59,-7.4148,-0.125674
2010_07_PIT_MIA,2010,7,REG,PIT,MIA,0,56,4.5785,0.081759
2010_07_SF_CAR,2010,7,REG,CAR,SF,1,79,-11.883,-0.150418
2010_07_SF_CAR,2010,7,REG,SF,CAR,0,56,-5.958,-0.106394
2010_07_STL_TB,2010,7,REG,LA,TB,0,59,3.984,0.067525
2010_07_STL_TB,2010,7,REG,TB,LA,1,69,-0.2245,-0.003253
2010_07_WAS_CHI,2010,7,REG,CHI,WAS,1,63,-27.5928,-0.437982
2010_07_WAS_CHI,2010,7,REG,WAS,CHI,0,61,-18.7021,-0.306591
2010_08_BUF_KC,2010,8,REG,BUF,KC,0,86,-0.4411,-0.005129
2010_08_BUF_KC,2010,8,REG,KC,BUF,1,72,3.2922,0.045726
2010_08_CAR_STL,2010,8,REG,CAR,LA,0,57,-19.6385,-0.344536
2010_08_CAR_STL,2010,8,REG,LA,CAR,1,67,-7.0647,-0.105443
2010_08_DEN_SF,2010,8,REG,DEN,SF,0,64,2.7651,0.043205
2010_08_DEN_SF,2010,8,REG,SF,DEN,1,62,9.6135,0.155056
2010_08_GB_NYJ,2010,8,REG,GB,NYJ,0,63,-9.2929,-0.147506
2010_08_GB_NYJ,2010,8,REG,NYJ,GB,1,73,-21.6184,-0.296143
2010_08_HOU_IND,2010,8,REG,HOU,IND,0,58,-6.7898,-0.117065
2010_08_HOU_IND,2010,8,REG,IND,HOU,1,75,7.6519,0.102025
2010_08_JAX_DAL,2010,8,REG,DAL,JAX,1,75,-7.1353,-0.095137
2010_08_JAX_DAL,2010,8,REG,JAX,DAL,0,58,17.741,0.305879
2010_08_MIA_CIN,2010,8,REG,CIN,MIA,1,65,-2.9879,-0.045968
2010_08_MIA_CIN,2010,8,REG,MIA,CIN,0,69,5.4588,0.079113
2010_08_MIN_NE,2010,8,REG,MIN,NE,0,72,5.5585,0.077201
2010_08_MIN_NE,2010,8,REG,NE,MIN,1,53,16.3789,0.309037
2010_08_PIT_NO,2010,8,REG,NO,PIT,1,66,-0.365,-0.005531
2010_08_PIT_NO,2010,8,REG,PIT,NO,0,51,-10.4875,-0.205638
2010_08_SEA_OAK,2010,8,REG,LV,SEA,1,68,16.0487,0.23601
2010_08_SEA_OAK,2010,8,REG,SEA,LV,0,64,-18.7248,-0.292575
2010_08_TB_ARI,2010,8,REG,ARI,TB,1,67,-14.1977,-0.211907
2010_08_TB_ARI,2010,8,REG,TB,ARI,0,59,3.4418,0.058335
2010_08_TEN_SD,2010,8,REG,LAC,TEN,1,75,19.1471,0.255294
2010_08_TEN_SD,2010,8,REG,TEN,LAC,0,58,8.5232,0.146952
2010_08_WAS_DET,2010,8,REG,DET,WAS,1,79,-14.3385,-0.1815
2010_08_WAS_DET,2010,8,REG,WAS,DET,0,68,-27.41,-0.403088
2010_09_ARI_MIN,2010,9,REG,ARI,MIN,0,55,-5.351,-0.097291
2010_09_ARI_MIN,2010,9,REG,MIN,ARI,1,75,8.7244,0.116326
2010_09_CHI_BUF,2010,9,REG,BUF,CHI,1,72,-4.3095,-0.059854
2010_09_CHI_BUF,2010,9,REG,CHI,BUF,0,64,9.417,0.14714
2010_09_DAL_GB,2010,9,REG,DAL,GB,0,48,-15.7028,-0.327142
2010_09_DAL_GB,2010,9,REG,GB,DAL,1,72,17.2912,0.240155
2010_09_IND_PHI,2010,9,REG,IND,PHI,0,79,8.8711,0.112292
2010_09_IND_PHI,2010,9,REG,PHI,IND,1,63,11.2431,0.178462
2010_09_KC_OAK,2010,9,REG,KC,LV,0,80,-4.8062,-0.060078
2010_09_KC_OAK,2010,9,REG,LV,KC,1,67,-17.2763,-0.257856
2010_09_MIA_BAL,2010,9,REG,BAL,MIA,1,70,9.9822,0.142603
2010_09_MIA_BAL,2010,9,REG,MIA,BAL,0,54,-4.7557,-0.088069
2010_09_NE_CLE,2010,9,REG,CLE,NE,1,63,14.2083,0.225529
2010_09_NE_CLE,2010,9,REG,NE,CLE,0,60,0.7504,0.012507
2010_09_NO_CAR,2010,9,REG,CAR,NO,1,67,-28.32,-0.422686
2010_09_NO_CAR,2010,9,REG,NO,CAR,0,77,4.0491,0.052586
2010_09_NYG_SEA,2010,9,REG,NYG,SEA,0,80,26.4139,0.330174
2010_09_NYG_SEA,2010,9,REG,SEA,NYG,1,38,-14.3436,-0.377464
2010_09_NYJ_DET,2010,9,REG,DET,NYJ,1,72,-3.6206,-0.050286
2010_09_NYJ_DET,2010,9,REG,NYJ,DET,0,71,-0.4213,-0.005934
2010_09_PIT_CIN,2010,9,REG,CIN,PIT,1,65,-3.3177,-0.051042
2010_09_PIT_CIN,2010,9,REG,PIT,CIN,0,58,-0.9788,-0.016876
2010_09_SD_HOU,2010,9,REG,HOU,LAC,1,71,1.1326,0.015952
2010_09_SD_HOU,2010,9,REG,LAC,HOU,0,50,15.8366,0.316732
2010_09_TB_ATL,2010,9,REG,ATL,TB,1,70,12.2104,0.174435
2010_09_TB_ATL,2010,9,REG,TB,ATL,0,51,4.0078,0.078583
2010_10_BAL_ATL,2010,10,REG,ATL,BAL,1,77,8.4356,0.109553
2010_10_BAL_ATL,2010,10,REG,BAL,ATL,0,56,9.3757,0.167424
2010_10_CAR_TB,2010,10,REG,CAR,TB,0,65,-6.8135,-0.104822
2010_10_CAR_TB,2010,10,REG,TB,CAR,1,58,15.9816,0.275546
2010_10_CIN_IND,2010,10,REG,CIN,IND,0,63,-16.4092,-0.260463
2010_10_CIN_IND,2010,10,REG,IND,CIN,1,61,-4.6364,-0.076007
2010_10_DAL_NYG,2010,10,REG,DAL,NYG,0,50,12.9227,0.258454
2010_10_DAL_NYG,2010,10,REG,NYG,DAL,1,81,-9.7651,-0.120556
2010_10_DET_BUF,2010,10,REG,BUF,DET,1,58,-6.9479,-0.119792
2010_10_DET_BUF,2010,10,REG,DET,BUF,0,82,-4.9363,-0.060199
2010_10_HOU_JAX,2010,10,REG,HOU,JAX,0,56,17.1534,0.306311
2010_10_HOU_JAX,2010,10,REG,JAX,HOU,1,71,24.8546,0.350065
2010_10_KC_DEN,2010,10,REG,DEN,KC,1,64,25.803,0.403172
2010_10_KC_DEN,2010,10,REG,KC,DEN,0,86,6.0693,0.070573
2010_10_MIN_CHI,2010,10,REG,CHI,MIN,1,73,-1.2029,-0.016478
2010_10_MIN_CHI,2010,10,REG,MIN,CHI,0,57,-10.3644,-0.181831
2010_10_NE_PIT,2010,10,REG,NE,PIT,0,71,16.9652,0.238946
2010_10_NE_PIT,2010,10,REG,PIT,NE,1,77,1.1208,0.014556
2010_10_NYJ_CLE,2010,10,REG,CLE,NYJ,1,60,-2.4067,-0.040111
2010_10_NYJ_CLE,2010,10,REG,NYJ,CLE,0,96,15.9553,0.166201
2010_10_PHI_WAS,2010,10,REG,PHI,WAS,0,66,38.4276,0.582237
2010_10_PHI_WAS,2010,10,REG,WAS,PHI,1,53,-1.8025,-0.03401
2010_10_SEA_ARI,2010,10,REG,ARI,SEA,1,65,-14.0824,-0.216653
2010_10_SEA_ARI,2010,10,REG,SEA,ARI,0,73,7.9363,0.108717
2010_10_STL_SF,2010,10,REG,LA,SF,0,75,0.0559,0.000745
2010_10_STL_SF,2010,10,REG,SF,LA,1,64,5.5486,0.086698
2010_10_TEN_MIA,2010,10,REG,MIA,TEN,1,69,2.2199,0.032172
2010_10_TEN_MIA,2010,10,REG,TEN,MIA,0,66,-7.666,-0.116151
2010_11_ARI_KC,2010,11,REG,ARI,KC,0,72,-0.2402,-0.003337
2010_11_ARI_KC,2010,11,REG,KC,ARI,1,56,12.1219,0.216462
2010_11_ATL_STL,2010,11,REG,ATL,LA,0,74,11.4336,0.154508
2010_11_ATL_STL,2010,11,REG,LA,ATL,1,56,-8.7906,-0.156976
2010_11_BAL_CAR,2010,11,REG,BAL,CAR,0,69,-0.5363,-0.007773
2010_11_BAL_CAR,2010,11,REG,CAR,BAL,1,55,-23.1721,-0.421312
2010_11_BUF_CIN,2010,11,REG,BUF,CIN,0,63,25.7653,0.408973
2010_11_BUF_CIN,2010,11,REG,CIN,BUF,1,75,-2.0049,-0.026732
2010_11_CHI_MIA,2010,11,REG,CHI,MIA,0,71,-0.6556,-0.009233
2010_11_CHI_MIA,2010,11,REG,MIA,CHI,1,49,-20.9443,-0.427435
2010_11_CLE_JAX,2010,11,REG,CLE,JAX,0,60,-4.7481,-0.079135
2010_11_CLE_JAX,2010,11,REG,JAX,CLE,1,68,-10.8765,-0.159949
2010_11_DEN_SD,2010,11,REG,DEN,LAC,0,61,-6.8759,-0.112719
2010_11_DEN_SD,2010,11,REG,LAC,DEN,1,65,16.3699,0.251844
2010_11_DET_DAL,2010,11,REG,DAL,DET,1,59,5.3171,0.090121
2010_11_DET_DAL,2010,11,REG,DET,DAL,0,70,-3.661,-0.0523
2010_11_GB_MIN,2010,11,REG,GB,MIN,0,65,10.5511,0.162325
2010_11_GB_MIN,2010,11,REG,MIN,GB,1,59,-20.6839,-0.350574
2010_11_HOU_NYJ,2010,11,REG,HOU,NYJ,0,60,2.3172,0.03862
2010_11_HOU_NYJ,2010,11,REG,NYJ,HOU,1,74,1.2069,0.016309
2010_11_IND_NE,2010,11,REG,IND,NE,0,72,18.7462,0.260364
2010_11_IND_NE,2010,11,REG,NE,IND,1,58,17.3389,0.298947
2010_11_NYG_PHI,2010,11,REG,NYG,PHI,0,55,-8.0802,-0.146912
2010_11_NYG_PHI,2010,11,REG,PHI,NYG,1,71,4.0475,0.057008
2010_11_OAK_PIT,2010,11,REG,LV,PIT,0,72,-24.386,-0.338694
2010_11_OAK_PIT,2010,11,REG,PIT,LV,1,67,7.1243,0.106332
2010_11_SEA_NO,2010,11,REG,NO,SEA,1,75,19.81,0.264134
2010_11_SEA_NO,2010,11,REG,SEA,NO,0,61,3.3611,0.0551
2010_11_TB_SF,2010,11,REG,SF,TB,1,59,-26.3136,-0.445993
2010_11_TB_SF,2010,11,REG,TB,SF,0,66,4.0539,0.061423
2010_11_WAS_TEN,2010,11,REG,TEN,WAS,1,54,-4.6486,-0.086084
2010_11_WAS_TEN,2010,11,REG,WAS,TEN,0,88,7.9319,0.090135
2010_12_CAR_CLE,2010,12,REG,CAR,CLE,0,58,0.4697,0.008098
2010_12_CAR_CLE,2010,12,REG,CLE,CAR,1,73,-8.7394,-0.119717
2010_12_CIN_NYJ,2010,12,REG,CIN,NYJ,0,64,-13.0452,-0.203832
2010_12_CIN_NYJ,2010,12,REG,NYJ,CIN,1,64,-6.8262,-0.10666
2010_12_GB_ATL,2010,12,REG,ATL,GB,1,58,5.6622,0.097625
2010_12_GB_ATL,2010,12,REG,GB,ATL,0,58,10.3746,0.178872
2010_12_JAX_NYG,2010,12,REG,JAX,NYG,0,76,3.7894,0.049861
2010_12_JAX_NYG,2010,12,REG,NYG,JAX,1,51,9.2266,0.180914
2010_12_KC_SEA,2010,12,REG,KC,SEA,0,79,26.5367,0.335907
2010_12_KC_SEA,2010,12,REG,SEA,KC,1,51,-14.7059,-0.288351
2010_12_MIA_OAK,2010,12,REG,LV,MIA,1,46,-14.376,-0.312522
2010_12_MIA_OAK,2010,12,REG,MIA,LV,0,82,15.5898,0.19012
2010_12_MIN_WAS,2010,12,REG,MIN,WAS,0,61,6.5571,0.107493
2010_12_MIN_WAS,2010,12,REG,WAS,MIN,1,52,-9.5602,-0.183849
2010_12_NE_DET,2010,12,REG,DET,NE,1,77,-2.2222,-0.02886
2010_12_NE_DET,2010,12,REG,NE,DET,0,55,24.8643,0.452077
2010_12_NO_DAL,2010,12,REG,DAL,NO,1,77,-0.717,-0.009312
2010_12_NO_DAL,2010,12,REG,NO,DAL,0,62,10.372,0.16729
2010_12_PHI_CHI,2010,12,REG,CHI,PHI,1,51,12.5254,0.245596
2010_12_PHI_CHI,2010,12,REG,PHI,CHI,0,70,4.8726,0.069608
2010_12_PIT_BUF,2010,12,REG,BUF,PIT,1,65,-4.0294,-0.06199
2010_12_PIT_BUF,2010,12,REG,PIT,BUF,0,90,5.6564,0.062849
2010_12_SD_IND,2010,12,REG,IND,LAC,1,63,-23.6287,-0.375059
2010_12_SD_IND,2010,12,REG,LAC,IND,0,58,2.8575,0.049267
2010_12_SF_ARI,2010,12,REG,ARI,SF,1,48,-23.4884,-0.489341
2010_12_SF_ARI,2010,12,REG,SF,ARI,0,72,11.9443,0.165893
2010_12_STL_DEN,2010,12,REG,DEN,LA,1,65,10.6129,0.163275
2010_12_STL_DEN,2010,12,REG,LA,DEN,0,74,19.7959,0.267512
2010_12_TB_BAL,2010,12,REG,BAL,TB,1,64,-2.3844,-0.037256
2010_12_TB_BAL,2010,12,REG,TB,BAL,0,59,-3.8204,-0.064752
2010_12_TEN_HOU,2010,12,REG,HOU,TEN,1,76,3.0468,0.040089
2010_12_TEN_HOU,2010,12,REG,TEN,HOU,0,47,-19.1473,-0.407389
2010_13_ATL_TB,2010,13,REG,ATL,TB,0,63,4.791,0.076048
2010_13_ATL_TB,2010,13,REG,TB,ATL,1,70,1.2122,0.017317
2010_13_BUF_MIN,2010,13,REG,BUF,MIN,0,49,-22.9127,-0.467606
2010_13_BUF_MIN,2010,13,REG,MIN,BUF,1,65,-3.4573,-0.053189
2010_13_CAR_SEA,2010,13,REG,CAR,SEA,0,70,-8.8045,-0.125779
2010_13_CAR_SEA,2010,13,REG,SEA,CAR,1,66,8.0222,0.121548
2010_13_CHI_DET,2010,13,REG,CHI,DET,0,58,7.213,0.124362
2010_13_CHI_DET,2010,13,REG,DET,CHI,1,55,-1.4859,-0.027016
2010_13_CLE_MIA,2010,13,REG,CLE,MIA,0,56,-5.304,-0.094714
2010_13_CLE_MIA,2010,13,REG,MIA,CLE,1,67,-15.4678,-0.230862
2010_13_DAL_IND,2010,13,REG,DAL,IND,0,74,8.9684,0.121194
2010_13_DAL_IND,2010,13,REG,IND,DAL,1,67,-2.8037,-0.041846
2010_13_DEN_KC,2010,13,REG,DEN,KC,0,56,-9.5802,-0.171076
2010_13_DEN_KC,2010,13,REG,KC,DEN,1,75,-5.3721,-0.071629
2010_13_HOU_PHI,2010,13,REG,HOU,PHI,0,70,11.1843,0.159776
2010_13_HOU_PHI,2010,13,REG,PHI,HOU,1,64,17.8914,0.279554
2010_13_JAX_TEN,2010,13,REG,JAX,TEN,0,71,10.5904,0.14916
2010_13_JAX_TEN,2010,13,REG,TEN,JAX,1,50,-11.7231,-0.234462
2010_13_NO_CIN,2010,13,REG,CIN,NO,1,68,6.8894,0.101315
2010_13_NO_CIN,2010,13,REG,NO,CIN,0,55,16.9528,0.308233
2010_13_NYJ_NE,2010,13,REG,NE,NYJ,1,61,26.208,0.42964
2010_13_NYJ_NE,2010,13,REG,NYJ,NE,0,65,-13.0428,-0.200658
2010_13_OAK_SD,2010,13,REG,LAC,LV,1,52,-4.446,-0.085499
2010_13_OAK_SD,2010,13,REG,LV,LAC,0,73,9.7699,0.133834
2010_13_PIT_BAL,2010,13,REG,BAL,PIT,1,59,-8.1343,-0.13787
2010_13_PIT_BAL,2010,13,REG,PIT,BAL,0,66,-1.5174,-0.022991
2010_13_SF_GB,2010,13,REG,GB,SF,1,68,16.5174,0.242903
2010_13_SF_GB,2010,13,REG,SF,GB,0,51,-2.5609,-0.050213
2010_13_STL_ARI,2010,13,REG,ARI,LA,1,54,-17.1728,-0.318014
2010_13_STL_ARI,2010,13,REG,LA,ARI,0,67,-8.4194,-0.125663
2010_13_WAS_NYG,2010,13,REG,NYG,WAS,1,62,3.6685,0.05917
2010_13_WAS_NYG,2010,13,REG,WAS,NYG,0,66,-18.3907,-0.278647
2010_14_ATL_CAR,2010,14,REG,ATL,CAR,0,75,8.5089,0.113452
2010_14_ATL_CAR,2010,14,REG,CAR,ATL,1,58,-18.0565,-0.311319
2010_14_BAL_HOU,2010,14,REG,BAL,HOU,0,67,2.3577,0.035189
2010_14_BAL_HOU,2010,14,REG,HOU,BAL,1,87,7.1925,0.082672
2010_14_CIN_PIT,2010,14,REG,CIN,PIT,0,54,-16.5534,-0.306545
2010_14_CIN_PIT,2010,14,REG,PIT,CIN,1,67,1.4062,0.020988
2010_14_CLE_BUF,2010,14,REG,BUF,CLE,1,67,-8.7493,-0.130587
2010_14_CLE_BUF,2010,14,REG,CLE,BUF,0,47,-16.8251,-0.357982
2010_14_DEN_ARI,2010,14,REG,ARI,DEN,1,75,-6.1097,-0.081462
2010_14_DEN_ARI,2010,14,REG,DEN,ARI,0,76,-35.8987,-0.472352
2010_14_GB_DET,2010,14,REG,DET,GB,1,66,-13.082,-0.198212
2010_14_GB_DET,2010,14,REG,GB,DET,0,64,-21.6134,-0.337709
2010_14_IND_TEN,2010,14,REG,IND,TEN,0,70,18.7389,0.267699
2010_14_IND_TEN,2010,14,REG,TEN,IND,1,66,7.605,0.115227
2010_14_KC_SD,2010,14,REG,KC,LAC,0,43,-19.2122,-0.446795
2010_14_KC_SD,2010,14,REG,LAC,KC,1,71,15.6275,0.220106
2010_14_MIA_NYJ,2010,14,REG,MIA,NYJ,0,56,-27.606,-0.492965
2010_14_MIA_NYJ,2010,14,REG,NYJ,MIA,1,82,-29.8421,-0.363928
2010_14_NE_CHI,2010,14,REG,CHI,NE,1,46,-23.8871,-0.519285
2010_14_NE_CHI,2010,14,REG,NE,CHI,0,78,18.4093,0.236016
2010_14_NYG_MIN,2010,14,REG,MIN,NYG,1,64,-24.0199,-0.375312
2010_14_NYG_MIN,2010,14,REG,NYG,MIN,0,66,-0.1342,-0.002034
2010_14_OAK_JAX,2010,14,REG,JAX,LV,1,60,9.2136,0.15356
2010_14_OAK_JAX,2010,14,REG,LV,JAX,0,64,14.7705,0.230789
2010_14_PHI_DAL,2010,14,REG,DAL,PHI,1,63,1.7774,0.028213
2010_14_PHI_DAL,2010,14,REG,PHI,DAL,0,53,9.4232,0.177796
2010_14_SEA_SF,2010,14,REG,SEA,SF,0,66,-18.9097,-0.28651
2010_14_SEA_SF,2010,14,REG,SF,SEA,1,55,3.8185,0.069426
2010_14_STL_NO,2010,14,REG,LA,NO,0,60,-16.4547,-0.274245
2010_14_STL_NO,2010,14,REG,NO,LA,1,71,2.1119,0.029746
2010_14_TB_WAS,2010,14,REG,TB,WAS,0,53,1.4417,0.027202
2010_14_TB_WAS,2010,14,REG,WAS,TB,1,65,9.6725,0.148807
2010_15_ARI_CAR,2010,15,REG,ARI,CAR,0,55,-13.6768,-0.248669
2010_15_ARI_CAR,2010,15,REG,CAR,ARI,1,66,-11.3151,-0.171441
2010_15_ATL_SEA,2010,15,REG,ATL,SEA,0,76,4.6691,0.061435
2010_15_ATL_SEA,2010,15,REG,SEA,ATL,1,58,-12.0703,-0.208109
2010_15_BUF_MIA,2010,15,REG,BUF,MIA,0,58,-0.8094,-0.013956
2010_15_BUF_MIA,2010,15,REG,MIA,BUF,1,66,1.9466,0.029493
2010_15_CHI_MIN,2010,15,REG,CHI,MIN,0,61,-0.6308,-0.01034
2010_15_CHI_MIN,2010,15,REG,MIN,CHI,1,66,-24.8135,-0.375963
2010_15_CLE_CIN,2010,15,REG,CIN,CLE,1,66,6.9137,0.104753
2010_15_CLE_CIN,2010,15,REG,CLE,CIN,0,45,8.4622,0.188048
2010_15_DEN_OAK,2010,15,REG,DEN,LV,0,54,-2.6245,-0.048601
2010_15_DEN_OAK,2010,15,REG,LV,DEN,1,69,0.5506,0.00798
2010_15_DET_TB,2010,15,REG,DET,TB,0,67,15.2611,0.227778
2010_15_DET_TB,2010,15,REG,TB,DET,1,68,11.9487,0.175717
2010_15_GB_NE,2010,15,REG,GB,NE,0,84,4.7553,0.056611
2010_15_GB_NE,2010,15,REG,NE,GB,1,44,3.8726,0.088013
2010_15_HOU_TEN,2010,15,REG,HOU,TEN,0,81,-1.0006,-0.012354
2010_15_HOU_TEN,2010,15,REG,TEN,HOU,1,58,9.1031,0.15695
2010_15_JAX_IND,2010,15,REG,IND,JAX,1,64,9.0817,0.141901
2010_15_JAX_IND,2010,15,REG,JAX,IND,0,65,-3.8986,-0.059978
2010_15_KC_STL,2010,15,REG,KC,LA,0,73,3.6501,0.050001
2010_15_KC_STL,2010,15,REG,LA,KC,1,67,-13.6722,-0.204063
2010_15_NO_BAL,2010,15,REG,BAL,NO,1,62,9.5168,0.153497
2010_15_NO_BAL,2010,15,REG,NO,BAL,0,66,1.8285,0.027705
2010_15_NYJ_PIT,2010,15,REG,NYJ,PIT,0,58,5.3029,0.09143
2010_15_NYJ_PIT,2010,15,REG,PIT,NYJ,1,70,7.1522,0.102174
2010_15_PHI_NYG,2010,15,REG,NYG,PHI,1,73,-0.3086,-0.004228
2010_15_PHI_NYG,2010,15,REG,PHI,NYG,0,61,1.8332,0.030052
2010_15_SF_SD,2010,15,REG,LAC,SF,1,68,17.8271,0.262163
2010_15_SF_SD,2010,15,REG,SF,LAC,0,50,-13.7333,-0.274666
2010_15_WAS_DAL,2010,15,REG,DAL,WAS,1,74,9.5439,0.128972
2010_15_WAS_DAL,2010,15,REG,WAS,DAL,0,66,10.7795,0.163325
2010_16_BAL_CLE,2010,16,REG,BAL,CLE,0,57,3.5911,0.063002
2010_16_BAL_CLE,2010,16,REG,CLE,BAL,1,58,-12.6559,-0.218206
2010_16_CAR_PIT,2010,16,REG,CAR,PIT,0,50,-18.6442,-0.372884
2010_16_CAR_PIT,2010,16,REG,PIT,CAR,1,68,-0.9757,-0.014348
2010_16_DAL_ARI,2010,16,REG,ARI,DAL,1,47,-4.8742,-0.103707
2010_16_DAL_ARI,2010,16,REG,DAL,ARI,0,78,-2.6281,-0.033694
2010_16_DET_MIA,2010,16,REG,DET,MIA,0,50,4.8128,0.096256
2010_16_DET_MIA,2010,16,REG,MIA,DET,1,86,-0.7794,-0.009063
2010_16_HOU_DEN,2010,16,REG,DEN,HOU,1,62,13.8669,0.22366
2010_16_HOU_DEN,2010,16,REG,HOU,DEN,0,57,9.1748,0.160961
2010_16_IND_OAK,2010,16,REG,IND,LV,0,71,10.615,0.149507
2010_16_IND_OAK,2010,16,REG,LV,IND,1,66,-13.8938,-0.210512
2010_16_MIN_PHI,2010,16,REG,MIN,PHI,0,61,2.3099,0.037867
2010_16_MIN_PHI,2010,16,REG,PHI,MIN,1,74,-9.2693,-0.125261
2010_16_NE_BUF,2010,16,REG,BUF,NE,1,62,-25.8212,-0.41647
2010_16_NE_BUF,2010,16,REG,NE,BUF,0,68,9.1284,0.134241
2010_16_NO_ATL,2010,16,REG,ATL,NO,1,57,-13.5646,-0.237976
2010_16_NO_ATL,2010,16,REG,NO,ATL,0,72,-8.8322,-0.122669
2010_16_NYG_GB,2010,16,REG,GB,NYG,1,74,22.4971,0.304015
2010_16_NYG_GB,2010,16,REG,NYG,GB,0,58,-7.3091,-0.12602
2010_16_NYJ_CHI,2010,16,REG,CHI,NYJ,1,53,7.8509,0.14813
2010_16_NYJ_CHI,2010,16,REG,NYJ,CHI,0,70,6.5448,0.093497
2010_16_SD_CIN,2010,16,REG,CIN,LAC,1,59,8.1447,0.138046
2010_16_SD_CIN,2010,16,REG,LAC,CIN,0,65,-4.8978,-0.075351
2010_16_SEA_TB,2010,16,REG,SEA,TB,0,54,-2.7629,-0.051165
2010_16_SEA_TB,2010,16,REG,TB,SEA,1,57,19.7669,0.346788
2010_16_SF_STL,2010,16,REG,LA,SF,1,69,-4.7293,-0.06854
2010_16_SF_STL,2010,16,REG,SF,LA,0,57,-8.6483,-0.151725
2010_16_TEN_KC,2010,16,REG,KC,TEN,1,78,4.9618,0.063612
2010_16_TEN_KC,2010,16,REG,TEN,KC,0,59,-17.3681,-0.294374
2010_16_WAS_JAX,2010,16,REG,JAX,WAS,1,69,-11.595,-0.168044
2010_16_WAS_JAX,2010,16,REG,WAS,JAX,0,66,-7.3002,-0.110609
2010_17_ARI_SF,2010,17,REG,ARI,SF,0,82,-30.9856,-0.377874
2010_17_ARI_SF,2010,17,REG,SF,ARI,1,58,6.2174,0.107197
2010_17_BUF_NYJ,2010,17,REG,BUF,NYJ,0,47,-32.5155,-0.691819
2010_17_BUF_NYJ,2010,17,REG,NYJ,BUF,1,68,0.9628,0.014159
2010_17_CAR_ATL,2010,17,REG,ATL,CAR,1,75,0.8996,0.011995
2010_17_CAR_ATL,2010,17,REG,CAR,ATL,0,58,-14.0262,-0.24183
2010_17_CHI_GB,2010,17,REG,CHI,GB,0,66,-19.0112,-0.288048
2010_17_CHI_GB,2010,17,REG,GB,CHI,1,57,-12.8347,-0.22517
2010_17_CIN_BAL,2010,17,REG,BAL,CIN,1,49,-15.3431,-0.313125
2010_17_CIN_BAL,2010,17,REG,CIN,BAL,0,74,-14.3847,-0.194388
2010_17_DAL_PHI,2010,17,REG,DAL,PHI,0,62,-6.0575,-0.097702
2010_17_DAL_PHI,2010,17,REG,PHI,DAL,1,71,-17.6578,-0.248702
2010_17_JAX_HOU,2010,17,REG,HOU,JAX,1,59,19.0517,0.32291
2010_17_JAX_HOU,2010,17,REG,JAX,HOU,0,65,2.921,0.044939
2010_17_MIA_NE,2010,17,REG,MIA,NE,0,61,-12.4527,-0.204143
2010_17_MIA_NE,2010,17,REG,NE,MIA,1,76,12.6529,0.166485
2010_17_MIN_DET,2010,17,REG,DET,MIN,1,68,-5.3103,-0.078093
2010_17_MIN_DET,2010,17,REG,MIN,DET,0,60,-7.0347,-0.117245
2010_17_NYG_WAS,2010,17,REG,NYG,WAS,0,59,-1.3862,-0.023495
2010_17_NYG_WAS,2010,17,REG,WAS,NYG,1,70,-13.3208,-0.190297
2010_17_OAK_KC,2010,17,REG,KC,LV,1,75,-24.0434,-0.320578
2010_17_OAK_KC,2010,17,REG,LV,KC,0,67,4.9564,0.073976
2010_17_PIT_CLE,2010,17,REG,CLE,PIT,1,67,-10.6985,-0.15968
2010_17_PIT_CLE,2010,17,REG,PIT,CLE,0,62,27.5397,0.444188
2010_17_SD_DEN,2010,17,REG,DEN,LAC,1,68,-4.403,-0.064749
2010_17_SD_DEN,2010,17,REG,LAC,DEN,0,75,6.3683,0.08491
2010_17_STL_SEA,2010,17,REG,LA,SEA,0,55,-18.0533,-0.328243
2010_17_STL_SEA,2010,17,REG,SEA,LA,1,73,-9.1755,-0.125691
2010_17_TB_NO,2010,17,REG,NO,TB,1,71,-7.3419,-0.103407
2010_17_TB_NO,2010,17,REG,TB,NO,0,52,4.0181,0.077271
2010_17_TEN_IND,2010,17,REG,IND,TEN,1,70,1.7068,0.024382
2010_17_TEN_IND,2010,17,REG,TEN,IND,0,65,2.5937,0.039903
2010_18_BAL_KC,2010,18,POST,BAL,KC,0,78,9.9421,0.127463
2010_18_BAL_KC,2010,18,POST,KC,BAL,1,39,-16.6006,-0.425655
2010_18_GB_PHI,2010,18,POST,GB,PHI,0,62,8.8805,0.143234
2010_18_GB_PHI,2010,18,POST,PHI,GB,1,64,2.7716,0.043307
2010_18_NO_SEA,2010,18,POST,NO,SEA,0,85,13.6258,0.160304
2010_18_NO_SEA,2010,18,POST,SEA,NO,1,62,11.5824,0.186814
2010_18_NYJ_IND,2010,18,POST,IND,NYJ,1,55,3.9112,0.071113
2010_18_NYJ_IND,2010,18,POST,NYJ,IND,0,70,5.1189,0.073128
2010_19_BAL_PIT,2010,19,POST,BAL,PIT,0,55,-15.5759,-0.283197
2010_19_BAL_PIT,2010,19,POST,PIT,BAL,1,69,-2.0991,-0.030422
2010_19_GB_ATL,2010,19,POST,ATL,GB,1,54,-13.9874,-0.259026
2010_19_GB_ATL,2010,19,POST,GB,ATL,0,71,26.244,0.369634
2010_19_NYJ_NE,2010,19,POST,NE,NYJ,1,78,-3.4976,-0.044841
2010_19_NYJ_NE,2010,19,POST,NYJ,NE,0,54,11.302,0.209297
2010_19_SEA_CHI,2010,19,POST,CHI,SEA,1,74,9.8963,0.133734
2010_19_SEA_CHI,2010,19,POST,SEA,CHI,0,65,1.7208,0.026475
2010_20_GB_CHI,2010,20,POST,CHI,GB,1,66,-13.2093,-0.20014
2010_20_GB_CHI,2010,20,POST,GB,CHI,0,65,0.1847,0.002841
2010_20_NYJ_PIT,2010,20,POST,NYJ,PIT,0,60,-0.2565,-0.004275
2010_20_NYJ_PIT,2010,20,POST,PIT,NYJ,1,62,4.0421,0.065196
2010_21_PIT_GB,2010,21,POST,GB,PIT,1,54,7.7413,0.143358
2010_21_PIT_GB,2010,21,POST,PIT,GB,0,67,-3.2928,-0.049147
2011_01_ATL_CHI,2011,1,REG,ATL,CHI,0,69,-17.0796,-0.247531
2011_01_ATL_CHI,2011,1,REG,CHI,ATL,1,66,-4.5437,-0.068844
2011_01_BUF_KC,2011,1,REG,BUF,KC,0,67,13.9954,0.208887
2011_01_BUF_KC,2011,1,REG,KC,BUF,1,56,-20.8691,-0.372663
2011_01_CAR_ARI,2011,1,REG,ARI,CAR,1,55,5.7877,0.105231
2011_01_CAR_ARI,2011,1,REG,CAR,ARI,0,72,7.595,0.105486
2011_01_CIN_CLE,2011,1,REG,CIN,CLE,0,65,3.6531,0.056202
2011_01_CIN_CLE,2011,1,REG,CLE,CIN,1,68,-8.5675,-0.125992
2011_01_DAL_NYJ,2011,1,REG,DAL,NYJ,0,66,3.1662,0.047973
2011_01_DAL_NYJ,2011,1,REG,NYJ,DAL,1,64,-4.5591,-0.071235
2011_01_DET_TB,2011,1,REG,DET,TB,0,70,7.7239,0.110342
2011_01_DET_TB,2011,1,REG,TB,DET,1,62,-5.5446,-0.089429
2011_01_IND_HOU,2011,1,REG,HOU,IND,1,64,-1.6653,-0.026021
2011_01_IND_HOU,2011,1,REG,IND,HOU,0,54,-19.1528,-0.354682
2011_01_MIN_SD,2011,1,REG,LAC,MIN,1,79,2.9332,0.037129
2011_01_MIN_SD,2011,1,REG,MIN,LAC,0,43,-6.7696,-0.157432
2011_01_NE_MIA,2011,1,REG,MIA,NE,1,75,9.8386,0.131182
2011_01_NE_MIA,2011,1,REG,NE,MIA,0,76,26.651,0.350671
2011_01_NO_GB,2011,1,REG,GB,NO,1,63,22.3874,0.355356
2011_01_NO_GB,2011,1,REG,NO,GB,0,75,12.9852,0.173135
2011_01_NYG_WAS,2011,1,REG,NYG,WAS,0,56,-5.899,-0.10534
2011_01_NYG_WAS,2011,1,REG,WAS,NYG,1,64,1.8754,0.029304
2011_01_OAK_DEN,2011,1,REG,DEN,LV,1,73,-6.5383,-0.089565
2011_01_OAK_DEN,2011,1,REG,LV,DEN,0,62,-0.5163,-0.008327
2011_01_PHI_STL,2011,1,REG,LA,PHI,1,71,-8.0803,-0.113807
2011_01_PHI_STL,2011,1,REG,PHI,LA,0,65,11.4226,0.175732
2011_01_PIT_BAL,2011,1,REG,BAL,PIT,1,67,6.7149,0.100222
2011_01_PIT_BAL,2011,1,REG,PIT,BAL,0,62,-21.7255,-0.350412
2011_01_SEA_SF,2011,1,REG,SEA,SF,0,67,-7.0752,-0.105599
2011_01_SEA_SF,2011,1,REG,SF,SEA,1,51,-10.465,-0.205197
2011_01_TEN_JAX,2011,1,REG,JAX,TEN,1,73,-1.7503,-0.023976
2011_01_TEN_JAX,2011,1,REG,TEN,JAX,0,51,1.7251,0.033826
2011_02_ARI_WAS,2011,2,REG,ARI,WAS,0,48,5.3846,0.112179
2011_02_ARI_WAS,2011,2,REG,WAS,ARI,1,79,7.4367,0.094135
2011_02_BAL_TEN,2011,2,REG,BAL,TEN,0,53,-10.2115,-0.192671
2011_02_BAL_TEN,2011,2,REG,TEN,BAL,1,73,5.5342,0.075811
2011_02_CHI_NO,2011,2,REG,CHI,NO,0,65,-13.6018,-0.209259
2011_02_CHI_NO,2011,2,REG,NO,CHI,1,69,-0.0802,-0.001162
2011_02_CIN_DEN,2011,2,REG,CIN,DEN,0,67,1.4289,0.021327
2011_02_CIN_DEN,2011,2,REG,DEN,CIN,1,65,-1.7883,-0.027512
2011_02_CLE_IND,2011,2,REG,CLE,IND,0,69,0.8376,0.012139
2011_02_CLE_IND,2011,2,REG,IND,CLE,1,64,-8.1401,-0.127189
2011_02_DAL_SF,2011,2,REG,DAL,SF,0,68,9.5469,0.140396
2011_02_DAL_SF,2011,2,REG,SF,DAL,1,57,-6.8524,-0.120218
2011_02_GB_CAR,2011,2,REG,CAR,GB,1,76,-0.2488,-0.003273
2011_02_GB_CAR,2011,2,REG,GB,CAR,0,54,14.9644,0.277118
2011_02_HOU_MIA,2011,2,REG,HOU,MIA,0,68,3.4573,0.050843
2011_02_HOU_MIA,2011,2,REG,MIA,HOU,1,61,-6.7582,-0.110791
2011_02_JAX_NYJ,2011,2,REG,JAX,NYJ,0,55,-29.9686,-0.544883
2011_02_JAX_NYJ,2011,2,REG,NYJ,JAX,1,61,-4.3116,-0.070682
2011_02_KC_DET,2011,2,REG,DET,KC,1,73,14.1425,0.193734
2011_02_KC_DET,2011,2,REG,KC,DET,0,55,-21.7885,-0.396155
2011_02_OAK_BUF,2011,2,REG,BUF,LV,1,77,25.5314,0.331576
2011_02_OAK_BUF,2011,2,REG,LV,BUF,0,64,22.2919,0.348311
2011_02_PHI_ATL,2011,2,REG,ATL,PHI,1,60,3.0913,0.051522
2011_02_PHI_ATL,2011,2,REG,PHI,ATL,0,69,2.8353,0.041092
2011_02_SD_NE,2011,2,REG,LAC,NE,0,70,12.0198,0.171711
2011_02_SD_NE,2011,2,REG,NE,LAC,1,69,24.0121,0.348002
2011_02_SEA_PIT,2011,2,REG,PIT,SEA,1,69,12.3863,0.179512
2011_02_SEA_PIT,2011,2,REG,SEA,PIT,0,49,-14.881,-0.303694
2011_02_STL_NYG,2011,2,REG,LA,NYG,0,65,2.8873,0.04442
2011_02_STL_NYG,2011,2,REG,NYG,LA,1,71,0.0566,0.000797
2011_02_TB_MIN,2011,2,REG,MIN,TB,1,68,9.2329,0.135779
2011_02_TB_MIN,2011,2,REG,TB,MIN,0,56,7.4317,0.132708
2011_03_ARI_SEA,2011,3,REG,ARI,SEA,0,71,-2.6123,-0.036793
2011_03_ARI_SEA,2011,3,REG,SEA,ARI,1,65,-6.4496,-0.099225
2011_03_ATL_TB,2011,3,REG,ATL,TB,0,67,-7.3255,-0.109335
2011_03_ATL_TB,2011,3,REG,TB,ATL,1,64,-3.7351,-0.058361
2011_03_BAL_STL,2011,3,REG,BAL,LA,0,79,20.5887,0.260616
2011_03_BAL_STL,2011,3,REG,LA,BAL,1,67,-23.6205,-0.352545
2011_03_DEN_TEN,2011,3,REG,DEN,TEN,0,66,-5.7979,-0.087847
2011_03_DEN_TEN,2011,3,REG,TEN,DEN,1,61,0.3404,0.00558
2011_03_DET_MIN,2011,3,REG,DET,MIN,0,70,3.935,0.056214
2011_03_DET_MIN,2011,3,REG,MIN,DET,1,67,-5.0491,-0.075359
2011_03_GB_CHI,2011,3,REG,CHI,GB,1,54,-10.917,-0.202166
2011_03_GB_CHI,2011,3,REG,GB,CHI,0,70,2.7529,0.039327
2011_03_HOU_NO,2011,3,REG,HOU,NO,0,69,10.8657,0.157474
2011_03_HOU_NO,2011,3,REG,NO,HOU,1,68,14.5949,0.214631
2011_03_JAX_CAR,2011,3,REG,CAR,JAX,1,62,-5.1807,-0.08356
2011_03_JAX_CAR,2011,3,REG,JAX,CAR,0,62,-12.6848,-0.204593
2011_03_KC_SD,2011,3,REG,KC,LAC,0,56,1.8018,0.032175
2011_03_KC_SD,2011,3,REG,LAC,KC,1,70,-0.2966,-0.004237
2011_03_MIA_CLE,2011,3,REG,CLE,MIA,1,61,4.019,0.065885
2011_03_MIA_CLE,2011,3,REG,MIA,CLE,0,75,5.0683,0.067577
2011_03_NE_BUF,2011,3,REG,BUF,NE,1,65,8.055,0.123923
2011_03_NE_BUF,2011,3,REG,NE,BUF,0,73,8.9113,0.122073
2011_03_NYG_PHI,2011,3,REG,NYG,PHI,0,50,13.6763,0.273526
2011_03_NYG_PHI,2011,3,REG,PHI,NYG,1,73,-0.3639,-0.004985
2011_03_NYJ_OAK,2011,3,REG,LV,NYJ,1,64,11.8856,0.185713
2011_03_NYJ_OAK,2011,3,REG,NYJ,LV,0,78,7.3845,0.094673
2011_03_PIT_IND,2011,3,REG,IND,PIT,1,63,-14.4192,-0.228877
2011_03_PIT_IND,2011,3,REG,PIT,IND,0,71,-8.9526,-0.126093
2011_03_SF_CIN,2011,3,REG,CIN,SF,1,54,-17.1922,-0.318374
2011_03_SF_CIN,2011,3,REG,SF,CIN,0,67,-8.9887,-0.13416
2011_03_WAS_DAL,2011,3,REG,DAL,WAS,1,66,-6.775,-0.102651
2011_03_WAS_DAL,2011,3,REG,WAS,DAL,0,61,-7.4659,-0.122392
2011_04_ATL_SEA,2011,4,REG,ATL,SEA,0,80,16.8477,0.210596
2011_04_ATL_SEA,2011,4,REG,SEA,ATL,1,54,12.1431,0.224872
2011_04_BUF_CIN,2011,4,REG,BUF,CIN,0,57,-2.1908,-0.038435
2011_04_BUF_CIN,2011,4,REG,CIN,BUF,1,70,-2.9831,-0.042616
2011_04_CAR_CHI,2011,4,REG,CAR,CHI,0,75,13.9961,0.186614
2011_04_CAR_CHI,2011,4,REG,CHI,CAR,1,51,3.749,0.07351
2011_04_DEN_GB,2011,4,REG,DEN,GB,0,58,-1.7948,-0.030945
2011_04_DEN_GB,2011,4,REG,GB,DEN,1,70,21.5391,0.307701
2011_04_DET_DAL,2011,4,REG,DAL,DET,1,75,-12.1522,-0.162029
2011_04_DET_DAL,2011,4,REG,DET,DAL,0,63,-3.1508,-0.050012
2011_04_IND_TB,2011,4,REG,IND,TB,0,54,2.7183,0.050339
2011_04_IND_TB,2011,4,REG,TB,IND,1,83,10.2152,0.123075
2011_04_MIA_SD,2011,4,REG,LAC,MIA,1,63,10.2678,0.162981
2011_04_MIA_SD,2011,4,REG,MIA,LAC,0,56,-1.0866,-0.019403
2011_04_MIN_KC,2011,4,REG,KC,MIN,1,61,3.6372,0.059626
2011_04_MIN_KC,2011,4,REG,MIN,KC,0,64,3.656,0.057126
2011_04_NE_OAK,2011,4,REG,LV,NE,1,70,8.38,0.119715
2011_04_NE_OAK,2011,4,REG,NE,LV,0,66,20.1932,0.305957
2011_04_NO_JAX,2011,4,REG,JAX,NO,1,65,-13.1894,-0.202913
2011_04_NO_JAX,2011,4,REG,NO,JAX,0,81,9.7439,0.120295
2011_04_NYG_ARI,2011,4,REG,ARI,NYG,1,74,1.2798,0.017294
2011_04_NYG_ARI,2011,4,REG,NYG,ARI,0,68,5.7652,0.084782
2011_04_NYJ_BAL,2011,4,REG,BAL,NYJ,1,73,-21.8516,-0.299337
2011_04_NYJ_BAL,2011,4,REG,NYJ,BAL,0,58,-46.389,-0.79981
2011_04_PIT_HOU,2011,4,REG,HOU,PIT,1,57,5.9477,0.104345
2011_04_PIT_HOU,2011,4,REG,PIT,HOU,0,59,1.2646,0.021434
2011_04_SF_PHI,2011,4,REG,PHI,SF,1,71,5.4532,0.076806
2011_04_SF_PHI,2011,4,REG,SF,PHI,0,62,13.0919,0.211159
2011_04_TEN_CLE,2011,4,REG,CLE,TEN,1,88,-17.4843,-0.198686
2011_04_TEN_CLE,2011,4,REG,TEN,CLE,0,50,6.6143,0.132285
2011_04_WAS_STL,2011,4,REG,LA,WAS,1,71,-22.2526,-0.313417
2011_04_WAS_STL,2011,4,REG,WAS,LA,0,68,-8.7239,-0.128293
2011_05_ARI_MIN,2011,5,REG,ARI,MIN,0,79,-28.4469,-0.360088
2011_05_ARI_MIN,2011,5,REG,MIN,ARI,1,61,1.0098,0.016554
2011_05_CHI_DET,2011,5,REG,CHI,DET,0,69,-0.6305,-0.009138
2011_05_CHI_DET,2011,5,REG,DET,CHI,1,48,8.848,0.184333
2011_05_CIN_JAX,2011,5,REG,CIN,JAX,0,68,-7.6654,-0.112726
2011_05_CIN_JAX,2011,5,REG,JAX,CIN,1,57,-15.5117,-0.272134
2011_05_GB_ATL,2011,5,REG,ATL,GB,1,57,-4.9095,-0.086132
2011_05_GB_ATL,2011,5,REG,GB,ATL,0,64,10.7177,0.167465
2011_05_KC_IND,2011,5,REG,IND,KC,1,56,6.246,0.111535
2011_05_KC_IND,2011,5,REG,KC,IND,0,70,14.4183,0.205976
2011_05_NO_CAR,2011,5,REG,CAR,NO,1,59,13.4892,0.228631
2011_05_NO_CAR,2011,5,REG,NO,CAR,0,76,21.1624,0.278452
2011_05_NYJ_NE,2011,5,REG,NE,NYJ,1,78,7.2851,0.093399
2011_05_NYJ_NE,2011,5,REG,NYJ,NE,0,52,4.6125,0.088703
2011_05_OAK_HOU,2011,5,REG,HOU,LV,1,82,-3.5423,-0.043199
2011_05_OAK_HOU,2011,5,REG,LV,HOU,0,66,-9.6387,-0.14604
2011_05_PHI_BUF,2011,5,REG,BUF,PHI,1,63,4.0828,0.064806
2011_05_PHI_BUF,2011,5,REG,PHI,BUF,0,62,0.3913,0.006312
2011_05_SD_DEN,2011,5,REG,DEN,LAC,1,47,-3.3908,-0.072144
2011_05_SD_DEN,2011,5,REG,LAC,DEN,0,77,2.5949,0.0337
2011_05_SEA_NYG,2011,5,REG,NYG,SEA,1,71,-12.816,-0.180507
2011_05_SEA_NYG,2011,5,REG,SEA,NYG,0,76,-1.5501,-0.020395
2011_05_TB_SF,2011,5,REG,SF,TB,1,59,21.0081,0.356069
2011_05_TB_SF,2011,5,REG,TB,SF,0,62,-17.2921,-0.278905
2011_05_TEN_PIT,2011,5,REG,PIT,TEN,1,66,22.6438,0.343088
2011_05_TEN_PIT,2011,5,REG,TEN,PIT,0,73,-3.0686,-0.042036
2011_06_BUF_NYG,2011,6,REG,BUF,NYG,0,56,7.7293,0.138022
2011_06_BUF_NYG,2011,6,REG,NYG,BUF,1,67,16.9154,0.252469
2011_06_CAR_ATL,2011,6,REG,ATL,CAR,1,62,17.4472,0.281406
2011_06_CAR_ATL,2011,6,REG,CAR,ATL,0,62,6.4883,0.104649
2011_06_CLE_OAK,2011,6,REG,CLE,LV,0,71,-3.9951,-0.05627
2011_06_CLE_OAK,2011,6,REG,LV,CLE,1,69,1.8871,0.027349
2011_06_DAL_NE,2011,6,REG,DAL,NE,0,72,-2.642,-0.036694
2011_06_DAL_NE,2011,6,REG,NE,DAL,1,72,0.6838,0.009498
2011_06_HOU_BAL,2011,6,REG,BAL,HOU,1,64,7.3012,0.114081
2011_06_HOU_BAL,2011,6,REG,HOU,BAL,0,68,-4.9367,-0.072598
2011_06_IND_CIN,2011,6,REG,CIN,IND,1,65,6.1958,0.095319
2011_06_IND_CIN,2011,6,REG,IND,CIN,0,59,-6.5037,-0.110232
2011_06_JAX_PIT,2011,6,REG,JAX,PIT,0,62,-7.9973,-0.128989
2011_06_JAX_PIT,2011,6,REG,PIT,JAX,1,59,5.9021,0.100036
2011_06_MIA_NYJ,2011,6,REG,MIA,NYJ,0,63,-20.4901,-0.32524
2011_06_MIA_NYJ,2011,6,REG,NYJ,MIA,1,58,-1.1397,-0.01965
2011_06_MIN_CHI,2011,6,REG,CHI,MIN,1,61,6.5833,0.107923
2011_06_MIN_CHI,2011,6,REG,MIN,CHI,0,66,-8.6253,-0.130686
2011_06_NO_TB,2011,6,REG,NO,TB,0,68,0.3372,0.004958
2011_06_NO_TB,2011,6,REG,TB,NO,1,68,5.3782,0.079091
2011_06_PHI_WAS,2011,6,REG,PHI,WAS,0,72,6.9855,0.097021
2011_06_PHI_WAS,2011,6,REG,WAS,PHI,1,58,-8.1163,-0.139937
2011_06_SF_DET,2011,6,REG,DET,SF,1,78,-15.2988,-0.196138
2011_06_SF_DET,2011,6,REG,SF,DET,0,64,-12.6432,-0.197549
2011_06_STL_GB,2011,6,REG,GB,LA,1,59,10.7087,0.181503
2011_06_STL_GB,2011,6,REG,LA,GB,0,75,-9.6431,-0.128574
2011_07_ATL_DET,2011,7,REG,ATL,DET,0,74,-2.1035,-0.028425
2011_07_ATL_DET,2011,7,REG,DET,ATL,1,58,-11.4258,-0.196996
2011_07_BAL_JAX,2011,7,REG,BAL,JAX,0,57,-18.0047,-0.315872
2011_07_BAL_JAX,2011,7,REG,JAX,BAL,1,65,-16.8713,-0.259558
2011_07_CHI_TB,2011,7,REG,CHI,TB,0,68,0.4479,0.006586
2011_07_CHI_TB,2011,7,REG,TB,CHI,1,68,-15.0335,-0.22108
2011_07_DEN_MIA,2011,7,REG,DEN,MIA,0,77,-6.5802,-0.085457
2011_07_DEN_MIA,2011,7,REG,MIA,DEN,1,68,-15.1973,-0.22349
2011_07_GB_MIN,2011,7,REG,GB,MIN,0,61,15.9245,0.261057
2011_07_GB_MIN,2011,7,REG,MIN,GB,1,66,3.9758,0.060239
2011_07_HOU_TEN,2011,7,REG,HOU,TEN,0,71,23.6687,0.333361
2011_07_HOU_TEN,2011,7,REG,TEN,HOU,1,50,-17.7571,-0.355142
2011_07_IND_NO,2011,7,REG,IND,NO,0,48,-21.1474,-0.44057
2011_07_IND_NO,2011,7,REG,NO,IND,1,76,34.9179,0.459447
2011_07_KC_OAK,2011,7,REG,KC,LV,0,68,5.5452,0.081547
2011_07_KC_OAK,2011,7,REG,LV,KC,1,68,-33.2648,-0.489188
2011_07_PIT_ARI,2011,7,REG,ARI,PIT,1,60,5.2271,0.087118
2011_07_PIT_ARI,2011,7,REG,PIT,ARI,0,71,20.2423,0.285103
2011_07_SD_NYJ,2011,7,REG,LAC,NYJ,0,58,-3.4949,-0.060257
2011_07_SD_NYJ,2011,7,REG,NYJ,LAC,1,74,-0.1175,-0.001588
2011_07_SEA_CLE,2011,7,REG,CLE,SEA,1,84,-10.1887,-0.121295
2011_07_SEA_CLE,2011,7,REG,SEA,CLE,0,52,-19.5119,-0.375229
2011_07_STL_DAL,2011,7,REG,DAL,LA,1,63,14.3982,0.228543
2011_07_STL_DAL,2011,7,REG,LA,DAL,0,56,-16.048,-0.286572
2011_07_WAS_CAR,2011,7,REG,CAR,WAS,1,65,14.9852,0.230541
2011_07_WAS_CAR,2011,7,REG,WAS,CAR,0,66,1.7946,0.02719
2011_08_ARI_BAL,2011,8,REG,ARI,BAL,0,62,-4.0578,-0.065448
2011_08_ARI_BAL,2011,8,REG,BAL,ARI,1,85,4.6417,0.054608
2011_08_CIN_SEA,2011,8,REG,CIN,SEA,0,64,-1.8722,-0.029253
2011_08_CIN_SEA,2011,8,REG,SEA,CIN,1,73,-16.3276,-0.223666
2011_08_CLE_SF,2011,8,REG,CLE,SF,0,62,-6.2125,-0.100202
2011_08_CLE_SF,2011,8,REG,SF,CLE,1,65,4.4849,0.068998
2011_08_DAL_PHI,2011,8,REG,DAL,PHI,0,51,-6.3252,-0.124024
2011_08_DAL_PHI,2011,8,REG,PHI,DAL,1,72,27.327,0.379542
2011_08_DET_DEN,2011,8,REG,DEN,DET,1,77,-29.5591,-0.383884
2011_08_DET_DEN,2011,8,REG,DET,DEN,0,62,12.3265,0.198814
2011_08_IND_TEN,2011,8,REG,IND,TEN,0,80,-8.1463,-0.101829
2011_08_IND_TEN,2011,8,REG,TEN,IND,1,66,-4.1033,-0.062171
2011_08_JAX_HOU,2011,8,REG,HOU,JAX,1,72,-8.9549,-0.124374
2011_08_JAX_HOU,2011,8,REG,JAX,HOU,0,61,-16.711,-0.273951
2011_08_MIA_NYG,2011,8,REG,MIA,NYG,0,55,3.6959,0.067199
2011_08_MIA_NYG,2011,8,REG,NYG,MIA,1,69,6.4576,0.093588
2011_08_MIN_CAR,2011,8,REG,CAR,MIN,1,67,4.3326,0.064666
2011_08_MIN_CAR,2011,8,REG,MIN,CAR,0,64,6.2141,0.097096
2011_08_NE_PIT,2011,8,REG,NE,PIT,0,53,4.1092,0.077533
2011_08_NE_PIT,2011,8,REG,PIT,NE,1,79,9.1857,0.116275
2011_08_NO_STL,2011,8,REG,LA,NO,1,73,-1.2626,-0.017296
2011_08_NO_STL,2011,8,REG,NO,LA,0,69,-7.3493,-0.106512
2011_08_SD_KC,2011,8,REG,KC,LAC,1,67,-8.8133,-0.131541
2011_08_SD_KC,2011,8,REG,LAC,KC,0,76,-5.4924,-0.072269
2011_08_WAS_BUF,2011,8,REG,BUF,WAS,1,64,0.2438,0.003809
2011_08_WAS_BUF,2011,8,REG,WAS,BUF,0,56,-24.1875,-0.43192
2011_09_ATL_IND,2011,9,REG,ATL,IND,0,69,10.2111,0.147988
2011_09_ATL_IND,2011,9,REG,IND,ATL,1,57,-19.5129,-0.342332
2011_09_BAL_PIT,2011,9,REG,BAL,PIT,0,79,12.4056,0.157033
2011_09_BAL_PIT,2011,9,REG,PIT,BAL,1,59,8.2725,0.140211
2011_09_CHI_PHI,2011,9,REG,CHI,PHI,0,71,6.2962,0.088679
2011_09_CHI_PHI,2011,9,REG,PHI,CHI,1,64,0.0553,0.000864
2011_09_CIN_TEN,2011,9,REG,CIN,TEN,0,75,8.2143,0.109523
2011_09_CIN_TEN,2011,9,REG,TEN,CIN,1,68,-3.6628,-0.053864
2011_09_CLE_HOU,2011,9,REG,CLE,HOU,0,49,-11.0832,-0.226188
2011_09_CLE_HOU,2011,9,REG,HOU,CLE,1,62,10.3577,0.167059
2011_09_DEN_OAK,2011,9,REG,DEN,LV,0,67,16.1251,0.240673
2011_09_DEN_OAK,2011,9,REG,LV,DEN,1,66,3.7916,0.057448
2011_09_GB_SD,2011,9,REG,GB,LAC,0,59,19.028,0.322508
2011_09_GB_SD,2011,9,REG,LAC,GB,1,74,3.8094,0.051479
2011_09_MIA_KC,2011,9,REG,KC,MIA,1,83,-13.9628,-0.168226
2011_09_MIA_KC,2011,9,REG,MIA,KC,0,45,17.1325,0.380723
2011_09_NYG_NE,2011,9,REG,NE,NYG,1,76,0.0732,0.000963
2011_09_NYG_NE,2011,9,REG,NYG,NE,0,71,1.7362,0.024454
2011_09_NYJ_BUF,2011,9,REG,BUF,NYJ,1,56,-8.2364,-0.147079
2011_09_NYJ_BUF,2011,9,REG,NYJ,BUF,0,68,10.1498,0.149262
2011_09_SEA_DAL,2011,9,REG,DAL,SEA,1,62,7.4133,0.11957
2011_09_SEA_DAL,2011,9,REG,SEA,DAL,0,63,-0.0514,-0.000815
2011_09_SF_WAS,2011,9,REG,SF,WAS,0,57,-2.8479,-0.049964
2011_09_SF_WAS,2011,9,REG,WAS,SF,1,68,-14.7287,-0.216599
2011_09_STL_ARI,2011,9,REG,ARI,LA,1,57,-4.499,-0.078931
2011_09_STL_ARI,2011,9,REG,LA,ARI,0,77,-5.9868,-0.07775
2011_09_TB_NO,2011,9,REG,NO,TB,1,65,12.8505,0.1977
2011_09_TB_NO,2011,9,REG,TB,NO,0,64,-0.1999,-0.003123
2011_10_ARI_PHI,2011,10,REG,ARI,PHI,0,73,-0.3025,-0.004144
2011_10_ARI_PHI,2011,10,REG,PHI,ARI,1,64,-12.3718,-0.19331
2011_10_BAL_SEA,2011,10,REG,BAL,SEA,0,73,5.6751,0.077741
2011_10_BAL_SEA,2011,10,REG,SEA,BAL,1,69,-4.0355,-0.058485
2011_10_BUF_DAL,2011,10,REG,BUF,DAL,0,54,-15.5357,-0.287698
2011_10_BUF_DAL,2011,10,REG,DAL,BUF,1,58,19.6907,0.339495
2011_10_DEN_KC,2011,10,REG,DEN,KC,0,63,4.6111,0.073192
2011_10_DEN_KC,2011,10,REG,KC,DEN,1,65,-9.4271,-0.145033
2011_10_DET_CHI,2011,10,REG,CHI,DET,1,58,-14.6991,-0.253433
2011_10_DET_CHI,2011,10,REG,DET,CHI,0,88,-28.4917,-0.323769
2011_10_HOU_TB,2011,10,REG,HOU,TB,0,62,16.1961,0.261228
2011_10_HOU_TB,2011,10,REG,TB,HOU,1,60,-27.7805,-0.463008
2011_10_JAX_IND,2011,10,REG,IND,JAX,1,57,-21.0783,-0.369796
2011_10_JAX_IND,2011,10,REG,JAX,IND,0,61,-3.3914,-0.055596
2011_10_MIN_GB,2011,10,REG,GB,MIN,1,65,23.7883,0.365974
2011_10_MIN_GB,2011,10,REG,MIN,GB,0,62,-9.4904,-0.153072
2011_10_NE_NYJ,2011,10,REG,NE,NYJ,0,69,9.8634,0.142947
2011_10_NE_NYJ,2011,10,REG,NYJ,NE,1,71,-12.9605,-0.182542
2011_10_NO_ATL,2011,10,REG,ATL,NO,1,88,1.6743,0.019026
2011_10_NO_ATL,2011,10,REG,NO,ATL,0,61,3.9659,0.065014
2011_10_NYG_SF,2011,10,REG,NYG,SF,0,70,7.8595,0.112279
2011_10_NYG_SF,2011,10,REG,SF,NYG,1,52,2.2341,0.042964
2011_10_OAK_SD,2011,10,REG,LAC,LV,1,70,-4.3773,-0.062533
2011_10_OAK_SD,2011,10,REG,LV,LAC,0,64,9.8348,0.153669
2011_10_PIT_CIN,2011,10,REG,CIN,PIT,1,58,-6.1875,-0.106681
2011_10_PIT_CIN,2011,10,REG,PIT,CIN,0,66,6.412,0.097152
2011_10_STL_CLE,2011,10,REG,CLE,LA,1,63,-3.429,-0.054429
2011_10_STL_CLE,2011,10,REG,LA,CLE,0,59,-7.5147,-0.127368
2011_10_TEN_CAR,2011,10,REG,CAR,TEN,1,67,-17.037,-0.254284
2011_10_TEN_CAR,2011,10,REG,TEN,CAR,0,70,7.2676,0.103822
2011_10_WAS_MIA,2011,10,REG,MIA,WAS,1,67,-3.5844,-0.053499
2011_10_WAS_MIA,2011,10,REG,WAS,MIA,0,55,-11.1813,-0.203297
2011_11_ARI_SF,2011,11,REG,ARI,SF,0,49,-18.4693,-0.376924
2011_11_ARI_SF,2011,11,REG,SF,ARI,1,87,2.3023,0.026463
2011_11_BUF_MIA,2011,11,REG,BUF,MIA,0,65,-18.8522,-0.290034
2011_11_BUF_MIA,2011,11,REG,MIA,BUF,1,58,1.1925,0.020561
2011_11_CAR_DET,2011,11,REG,CAR,DET,0,69,-0.5697,-0.008256
2011_11_CAR_DET,2011,11,REG,DET,CAR,1,67,20.1796,0.301189
2011_11_CIN_BAL,2011,11,REG,BAL,CIN,1,55,2.1629,0.039325
2011_11_CIN_BAL,2011,11,REG,CIN,BAL,0,81,1.7054,0.021054
2011_11_DAL_WAS,2011,11,REG,DAL,WAS,0,72,10.2286,0.142064
2011_11_DAL_WAS,2011,11,REG,WAS,DAL,1,71,-2.0874,-0.0294
2011_11_JAX_CLE,2011,11,REG,CLE,JAX,1,56,1.8171,0.032448
2011_11_JAX_CLE,2011,11,REG,JAX,CLE,0,76,0.6761,0.008896
2011_11_KC_NE,2011,11,REG,KC,NE,0,68,-14.9054,-0.219197
2011_11_KC_NE,2011,11,REG,NE,KC,1,66,7.9748,0.120831
2011_11_NYJ_DEN,2011,11,REG,DEN,NYJ,1,56,-16.1432,-0.288272
2011_11_NYJ_DEN,2011,11,REG,NYJ,DEN,0,72,-11.2857,-0.156745
2011_11_OAK_MIN,2011,11,REG,LV,MIN,0,71,-1.7233,-0.024271
2011_11_OAK_MIN,2011,11,REG,MIN,LV,1,64,-9.5236,-0.148807
2011_11_PHI_NYG,2011,11,REG,NYG,PHI,1,57,-15.8502,-0.278074
2011_11_PHI_NYG,2011,11,REG,PHI,NYG,0,70,3.4435,0.049193
2011_11_SD_CHI,2011,11,REG,CHI,LAC,1,62,7.4756,0.120575
2011_11_SD_CHI,2011,11,REG,LAC,CHI,0,50,2.8199,0.056398
2011_11_SEA_STL,2011,11,REG,LA,SEA,1,62,-27.3137,-0.440543
2011_11_SEA_STL,2011,11,REG,SEA,LA,0,71,-9.0753,-0.127821
2011_11_TB_GB,2011,11,REG,GB,TB,1,64,15.3891,0.240455
2011_11_TB_GB,2011,11,REG,TB,GB,0,62,9.7612,0.157438
2011_11_TEN_ATL,2011,11,REG,ATL,TEN,1,72,9.5199,0.132221
2011_11_TEN_ATL,2011,11,REG,TEN,ATL,0,59,-2.428,-0.041153
2011_12_ARI_STL,2011,12,REG,ARI,LA,0,65,-10.7034,-0.164668
2011_12_ARI_STL,2011,12,REG,LA,ARI,1,58,-15.8506,-0.273287
2011_12_BUF_NYJ,2011,12,REG,BUF,NYJ,0,75,4.6957,0.06261
2011_12_BUF_NYJ,2011,12,REG,NYJ,BUF,1,59,8.8337,0.149723
2011_12_CAR_IND,2011,12,REG,CAR,IND,0,66,7.8415,0.118811
2011_12_CAR_IND,2011,12,REG,IND,CAR,1,57,-2.9654,-0.052024
2011_12_CHI_OAK,2011,12,REG,CHI,LV,0,66,-7.7668,-0.117679
2011_12_CHI_OAK,2011,12,REG,LV,CHI,1,70,-8.3369,-0.119099
2011_12_CLE_CIN,2011,12,REG,CIN,CLE,1,66,1.8362,0.027821
2011_12_CLE_CIN,2011,12,REG,CLE,CIN,0,68,0.5068,0.007453
2011_12_DEN_SD,2011,12,REG,DEN,LAC,0,71,-0.5961,-0.008396
2011_12_DEN_SD,2011,12,REG,LAC,DEN,1,78,-3.7291,-0.047808
2011_12_GB_DET,2011,12,REG,DET,GB,1,71,-5.5758,-0.078533
2011_12_GB_DET,2011,12,REG,GB,DET,0,59,13.0129,0.220558
2011_12_HOU_JAX,2011,12,REG,HOU,JAX,0,57,-19.6387,-0.344538
2011_12_HOU_JAX,2011,12,REG,JAX,HOU,1,73,-16.7021,-0.228796
2011_12_MIA_DAL,2011,12,REG,DAL,MIA,1,58,-2.0837,-0.035926
2011_12_MIA_DAL,2011,12,REG,MIA,DAL,0,64,0.0266,0.000415
2011_12_MIN_ATL,2011,12,REG,ATL,MIN,1,64,8.6454,0.135085
2011_12_MIN_ATL,2011,12,REG,MIN,ATL,0,54,-8.9745,-0.166195
2011_12_NE_PHI,2011,12,REG,NE,PHI,0,73,26.6124,0.364554
2011_12_NE_PHI,2011,12,REG,PHI,NE,1,70,7.9065,0.11295
2011_12_NYG_NO,2011,12,REG,NO,NYG,1,71,29.2887,0.412518
2011_12_NYG_NO,2011,12,REG,NYG,NO,0,75,8.4073,0.112097
2011_12_PIT_KC,2011,12,REG,KC,PIT,1,63,-15.9008,-0.252393
2011_12_PIT_KC,2011,12,REG,PIT,KC,0,63,-6.9086,-0.109661
2011_12_SF_BAL,2011,12,REG,BAL,SF,1,55,4.4238,0.080433
2011_12_SF_BAL,2011,12,REG,SF,BAL,0,57,-10.6482,-0.186811
2011_12_TB_TEN,2011,12,REG,TB,TEN,0,61,-18.0509,-0.295916
2011_12_TB_TEN,2011,12,REG,TEN,TB,1,72,-17.9499,-0.249304
2011_12_WAS_SEA,2011,12,REG,SEA,WAS,1,66,-7.9272,-0.120108
2011_12_WAS_SEA,2011,12,REG,WAS,SEA,0,67,9.4303,0.140751
2011_13_ATL_HOU,2011,13,REG,ATL,HOU,0,67,-8.1951,-0.122315
2011_13_ATL_HOU,2011,13,REG,HOU,ATL,1,74,1.5379,0.020783
2011_13_BAL_CLE,2011,13,REG,BAL,CLE,0,77,10.1168,0.131387
2011_13_BAL_CLE,2011,13,REG,CLE,BAL,1,58,-12.1569,-0.209602
2011_13_CAR_TB,2011,13,REG,CAR,TB,0,65,25.2359,0.388244
2011_13_CAR_TB,2011,13,REG,TB,CAR,1,57,-5.6552,-0.099214
2011_13_CIN_PIT,2011,13,REG,CIN,PIT,0,59,-7.475,-0.126695
2011_13_CIN_PIT,2011,13,REG,PIT,CIN,1,59,10.4651,0.177375
2011_13_DAL_ARI,2011,13,REG,ARI,DAL,1,56,4.2245,0.075437
2011_13_DAL_ARI,2011,13,REG,DAL,ARI,0,66,1.3454,0.020385
2011_13_DEN_MIN,2011,13,REG,DEN,MIN,0,52,-1.3892,-0.026715
2011_13_DEN_MIN,2011,13,REG,MIN,DEN,1,85,-6.4672,-0.076085
2011_13_DET_NO,2011,13,REG,DET,NO,0,89,-9.9468,-0.111761
2011_13_DET_NO,2011,13,REG,NO,DET,1,69,13.723,0.198885
2011_13_GB_NYG,2011,13,REG,GB,NYG,0,79,18.0344,0.228284
2011_13_GB_NYG,2011,13,REG,NYG,GB,1,65,9.3195,0.143377
2011_13_IND_NE,2011,13,REG,IND,NE,0,70,16.3051,0.23293
2011_13_IND_NE,2011,13,REG,NE,IND,1,64,16.4243,0.256629
2011_13_KC_CHI,2011,13,REG,CHI,KC,1,56,-27.6006,-0.492868
2011_13_KC_CHI,2011,13,REG,KC,CHI,0,72,-9.4741,-0.131584
2011_13_NYJ_WAS,2011,13,REG,NYJ,WAS,0,62,6.9167,0.11156
2011_13_NYJ_WAS,2011,13,REG,WAS,NYJ,1,72,-16.0664,-0.223144
2011_13_OAK_MIA,2011,13,REG,LV,MIA,0,61,-5.2217,-0.085602
2011_13_OAK_MIA,2011,13,REG,MIA,LV,1,71,9.5943,0.135131
2011_13_PHI_SEA,2011,13,REG,PHI,SEA,0,56,-8.3926,-0.149868
2011_13_PHI_SEA,2011,13,REG,SEA,PHI,1,56,11.9074,0.212632
2011_13_SD_JAX,2011,13,REG,JAX,LAC,1,69,-6.7479,-0.097796
2011_13_SD_JAX,2011,13,REG,LAC,JAX,0,54,24.3578,0.45107
2011_13_STL_SF,2011,13,REG,LA,SF,0,51,-21.0255,-0.412266
2011_13_STL_SF,2011,13,REG,SF,LA,1,66,1.2214,0.018506
2011_13_TEN_BUF,2011,13,REG,BUF,TEN,1,68,0.6647,0.009775
2011_13_TEN_BUF,2011,13,REG,TEN,BUF,0,57,6.2864,0.110288
2011_14_ATL_CAR,2011,14,REG,ATL,CAR,0,69,12.2694,0.177818
2011_14_ATL_CAR,2011,14,REG,CAR,ATL,1,66,-2.0036,-0.030357
2011_14_BUF_SD,2011,14,REG,BUF,LAC,0,59,-14.7499,-0.249998
2011_14_BUF_SD,2011,14,REG,LAC,BUF,1,68,11.8646,0.174479
2011_14_CHI_DEN,2011,14,REG,CHI,DEN,0,62,-14.2802,-0.230325
2011_14_CHI_DEN,2011,14,REG,DEN,CHI,1,81,-10.9098,-0.134689
2011_14_CLE_PIT,2011,14,REG,CLE,PIT,0,72,-10.8677,-0.150941
2011_14_CLE_PIT,2011,14,REG,PIT,CLE,1,58,1.5357,0.026477
2011_14_HOU_CIN,2011,14,REG,CIN,HOU,1,59,-2.7066,-0.045874
2011_14_HOU_CIN,2011,14,REG,HOU,CIN,0,76,4.8695,0.064072
2011_14_IND_BAL,2011,14,REG,BAL,IND,1,72,3.251,0.045152
2011_14_IND_BAL,2011,14,REG,IND,BAL,0,56,-10.7771,-0.192448
2011_14_KC_NYJ,2011,14,REG,KC,NYJ,0,60,-15.3054,-0.25509
2011_14_KC_NYJ,2011,14,REG,NYJ,KC,1,73,7.6678,0.105038
2011_14_MIN_DET,2011,14,REG,DET,MIN,1,57,-1.1093,-0.019461
2011_14_MIN_DET,2011,14,REG,MIN,DET,0,82,-6.7211,-0.081964
2011_14_NE_WAS,2011,14,REG,NE,WAS,0,59,16.2868,0.276047
2011_14_NE_WAS,2011,14,REG,WAS,NE,1,74,10.1022,0.136516
2011_14_NO_TEN,2011,14,REG,NO,TEN,0,81,11.7792,0.145422
2011_14_NO_TEN,2011,14,REG,TEN,NO,1,56,2.1457,0.038316
2011_14_NYG_DAL,2011,14,REG,DAL,NYG,1,58,15.0575,0.259612
2011_14_NYG_DAL,2011,14,REG,NYG,DAL,0,82,17.6271,0.214964
2011_14_OAK_GB,2011,14,REG,GB,LV,1,38,-2.823,-0.074288
2011_14_OAK_GB,2011,14,REG,LV,GB,0,58,-0.3445,-0.005939
2011_14_PHI_MIA,2011,14,REG,MIA,PHI,1,67,-35.9531,-0.536613
2011_14_PHI_MIA,2011,14,REG,PHI,MIA,0,67,-10.08,-0.150448
2011_14_SF_ARI,2011,14,REG,ARI,SF,1,53,-7.4924,-0.141365
2011_14_SF_ARI,2011,14,REG,SF,ARI,0,64,-13.0761,-0.204314
2011_14_STL_SEA,2011,14,REG,LA,SEA,0,67,-4.7035,-0.070202
2011_14_STL_SEA,2011,14,REG,SEA,LA,1,68,4.5651,0.067133
2011_14_TB_JAX,2011,14,REG,JAX,TB,1,73,-3.1568,-0.043244
2011_14_TB_JAX,2011,14,REG,TB,JAX,0,61,-20.2236,-0.331534
2011_15_BAL_SD,2011,15,REG,BAL,LAC,0,56,3.1511,0.05627
2011_15_BAL_SD,2011,15,REG,LAC,BAL,1,62,21.7201,0.350323
2011_15_CAR_HOU,2011,15,REG,CAR,HOU,0,61,13.0776,0.214388
2011_15_CAR_HOU,2011,15,REG,HOU,CAR,1,61,-8.2071,-0.134542
2011_15_CIN_STL,2011,15,REG,CIN,LA,0,66,-0.7685,-0.011644
2011_15_CIN_STL,2011,15,REG,LA,CIN,1,66,-8.8036,-0.133388
2011_15_CLE_ARI,2011,15,REG,ARI,CLE,1,76,0.3748,0.004932
2011_15_CLE_ARI,2011,15,REG,CLE,ARI,0,62,2.0216,0.032606
2011_15_DAL_TB,2011,15,REG,DAL,TB,0,70,17.7318,0.253311
2011_15_DAL_TB,2011,15,REG,TB,DAL,1,44,-9.8427,-0.223698
2011_15_DET_OAK,2011,15,REG,DET,LV,0,79,8.1486,0.103147
2011_15_DET_OAK,2011,15,REG,LV,DET,1,69,8.2361,0.119364
2011_15_GB_KC,2011,15,REG,GB,KC,0,58,2.0071,0.034605
2011_15_GB_KC,2011,15,REG,KC,GB,1,67,8.8365,0.131888
2011_15_JAX_ATL,2011,15,REG,ATL,JAX,1,70,6.6023,0.094319
2011_15_JAX_ATL,2011,15,REG,JAX,ATL,0,48,-21.2824,-0.443384
2011_15_MIA_BUF,2011,15,REG,BUF,MIA,1,75,-6.8378,-0.091171
2011_15_MIA_BUF,2011,15,REG,MIA,BUF,0,63,-0.4819,-0.007649
2011_15_NE_DEN,2011,15,REG,DEN,NE,1,61,1.9615,0.032156
2011_15_NE_DEN,2011,15,REG,NE,DEN,0,75,22.2548,0.29673
2011_15_NO_MIN,2011,15,REG,MIN,NO,1,55,-9.7382,-0.177058
2011_15_NO_MIN,2011,15,REG,NO,MIN,0,86,20.8956,0.242972
2011_15_NYJ_PHI,2011,15,REG,NYJ,PHI,0,65,-25.1249,-0.386537
2011_15_NYJ_PHI,2011,15,REG,PHI,NYJ,1,56,11.2128,0.200228
2011_15_PIT_SF,2011,15,REG,PIT,SF,0,70,-9.7693,-0.139561
2011_15_PIT_SF,2011,15,REG,SF,PIT,1,61,-2.0476,-0.033567
2011_15_SEA_CHI,2011,15,REG,CHI,SEA,1,62,-32.8244,-0.529425
2011_15_SEA_CHI,2011,15,REG,SEA,CHI,0,67,-7.2078,-0.107579
2011_15_TEN_IND,2011,15,REG,IND,TEN,1,49,-6.8015,-0.138806
2011_15_TEN_IND,2011,15,REG,TEN,IND,0,78,-18.3405,-0.235134
2011_15_WAS_NYG,2011,15,REG,NYG,WAS,1,64,-8.9662,-0.140096
2011_15_WAS_NYG,2011,15,REG,WAS,NYG,0,64,8.8008,0.137513
2011_16_ARI_CIN,2011,16,REG,ARI,CIN,0,67,-14.1551,-0.21127
2011_16_ARI_CIN,2011,16,REG,CIN,ARI,1,71,-5.6309,-0.079308
2011_16_ATL_NO,2011,16,REG,ATL,NO,0,76,-5.2997,-0.069732
2011_16_ATL_NO,2011,16,REG,NO,ATL,1,64,18.3324,0.286444
2011_16_CHI_GB,2011,16,REG,CHI,GB,0,71,15.0582,0.212088
2011_16_CHI_GB,2011,16,REG,GB,CHI,1,51,20.6771,0.405434
2011_16_CLE_BAL,2011,16,REG,BAL,CLE,1,60,2.1581,0.035968
2011_16_CLE_BAL,2011,16,REG,CLE,BAL,0,63,-8.6122,-0.136702
2011_16_DEN_BUF,2011,16,REG,BUF,DEN,1,57,-0.058,-0.001018
2011_16_DEN_BUF,2011,16,REG,DEN,BUF,0,71,-18.984,-0.267381
2011_16_HOU_IND,2011,16,REG,HOU,IND,0,52,-5.7545,-0.110663
2011_16_HOU_IND,2011,16,REG,IND,HOU,1,80,-7.0803,-0.088503
2011_16_JAX_TEN,2011,16,REG,JAX,TEN,0,71,-6.0578,-0.085321
2011_16_JAX_TEN,2011,16,REG,TEN,JAX,1,63,-8.7417,-0.138757
2011_16_MIA_NE,2011,16,REG,MIA,NE,0,67,8.7886,0.131174
2011_16_MIA_NE,2011,16,REG,NE,MIA,1,80,5.4905,0.068631
2011_16_MIN_WAS,2011,16,REG,MIN,WAS,0,59,16.2114,0.27477
2011_16_MIN_WAS,2011,16,REG,WAS,MIN,1,68,0.1954,0.002874
2011_16_NYG_NYJ,2011,16,REG,NYG,NYJ,0,54,-2.0047,-0.037124
2011_16_NYG_NYJ,2011,16,REG,NYJ,NYG,1,94,-15.652,-0.166511
2011_16_OAK_KC,2011,16,REG,KC,LV,1,73,-3.5409,-0.048505
2011_16_OAK_KC,2011,16,REG,LV,KC,0,59,-5.2496,-0.088977
2011_16_PHI_DAL,2011,16,REG,DAL,PHI,1,67,-12.3848,-0.184847
2011_16_PHI_DAL,2011,16,REG,PHI,DAL,0,59,4.8381,0.082002
2011_16_SD_DET,2011,16,REG,DET,LAC,1,62,22.9953,0.370892
2011_16_SD_DET,2011,16,REG,LAC,DET,0,71,-10.5081,-0.148001
2011_16_SF_SEA,2011,16,REG,SEA,SF,1,60,-2.9206,-0.048677
2011_16_SF_SEA,2011,16,REG,SF,SEA,0,69,5.3038,0.076866
2011_16_STL_PIT,2011,16,REG,LA,PIT,0,65,-10.2549,-0.157768
2011_16_STL_PIT,2011,16,REG,PIT,LA,1,51,10.9595,0.214892
2011_16_TB_CAR,2011,16,REG,CAR,TB,1,49,22.7976,0.465257
2011_16_TB_CAR,2011,16,REG,TB,CAR,0,66,-3.8487,-0.058313
2011_17_BAL_CIN,2011,17,REG,BAL,CIN,0,55,11.814,0.2148
2011_17_BAL_CIN,2011,17,REG,CIN,BAL,1,71,-2.9533,-0.041596
2011_17_BUF_NE,2011,17,REG,BUF,NE,0,71,0.9758,0.013743
2011_17_BUF_NE,2011,17,REG,NE,BUF,1,70,20.7417,0.29631
2011_17_CAR_NO,2011,17,REG,CAR,NO,0,51,1.1529,0.022605
2011_17_CAR_NO,2011,17,REG,NO,CAR,1,71,31.1841,0.439213
2011_17_CHI_MIN,2011,17,REG,CHI,MIN,0,57,-21.5356,-0.377818
2011_17_CHI_MIN,2011,17,REG,MIN,CHI,1,72,-24.6739,-0.342693
2011_17_DAL_NYG,2011,17,REG,DAL,NYG,0,60,-7.9192,-0.131987
2011_17_DAL_NYG,2011,17,REG,NYG,DAL,1,65,13.949,0.2146
2011_17_DET_GB,2011,17,REG,DET,GB,0,80,17.9039,0.223799
2011_17_DET_GB,2011,17,REG,GB,DET,1,72,17.9072,0.248711
2011_17_IND_JAX,2011,17,REG,IND,JAX,0,65,-5.6907,-0.08755
2011_17_IND_JAX,2011,17,REG,JAX,IND,1,56,-6.7414,-0.120382
2011_17_KC_DEN,2011,17,REG,DEN,KC,1,73,-12.6652,-0.173496
2011_17_KC_DEN,2011,17,REG,KC,DEN,0,59,1.1665,0.019772
2011_17_NYJ_MIA,2011,17,REG,MIA,NYJ,1,57,-5.9776,-0.104869
2011_17_NYJ_MIA,2011,17,REG,NYJ,MIA,0,66,-2.0229,-0.03065
2011_17_PIT_CLE,2011,17,REG,CLE,PIT,1,56,-13.3434,-0.238276
2011_17_PIT_CLE,2011,17,REG,PIT,CLE,0,82,-4.9173,-0.059967
2011_17_SD_OAK,2011,17,REG,LAC,LV,0,59,30.7491,0.52117
2011_17_SD_OAK,2011,17,REG,LV,LAC,1,71,16.1413,0.227342
2011_17_SEA_ARI,2011,17,REG,ARI,SEA,1,72,-11.5157,-0.15994
2011_17_SEA_ARI,2011,17,REG,SEA,ARI,0,76,-3.7065,-0.04877
2011_17_SF_STL,2011,17,REG,LA,SF,1,64,-8.9838,-0.140372
2011_17_SF_STL,2011,17,REG,SF,LA,0,67,9.7451,0.145449
2011_17_TB_ATL,2011,17,REG,ATL,TB,1,56,8.1929,0.146302
2011_17_TB_ATL,2011,17,REG,TB,ATL,0,64,-14.6074,-0.228241
2011_17_TEN_HOU,2011,17,REG,HOU,TEN,1,69,0.6816,0.009878
2011_17_TEN_HOU,2011,17,REG,TEN,HOU,0,59,-0.0382,-0.000648
2011_17_WAS_PHI,2011,17,REG,PHI,WAS,1,63,5.6194,0.089198
2011_17_WAS_PHI,2011,17,REG,WAS,PHI,0,74,-8.6292,-0.11661
2011_18_ATL_NYG,2011,18,POST,ATL,NYG,0,64,-13.6117,-0.212683
2011_18_ATL_NYG,2011,18,POST,NYG,ATL,1,66,13.9691,0.211653
2011_18_CIN_HOU,2011,18,POST,CIN,HOU,0,66,-8.0922,-0.122609
2011_18_CIN_HOU,2011,18,POST,HOU,CIN,1,56,9.0534,0.161668
2011_18_DET_NO,2011,18,POST,DET,NO,0,54,16.0732,0.297652
2011_18_DET_NO,2011,18,POST,NO,DET,1,83,35.6817,0.4299
2011_18_PIT_DEN,2011,18,POST,DEN,PIT,1,58,12.6633,0.218334
2011_18_PIT_DEN,2011,18,POST,PIT,DEN,0,69,7.2742,0.105424
2011_19_DEN_NE,2011,19,POST,DEN,NE,0,70,-8.9646,-0.128066
2011_19_DEN_NE,2011,19,POST,NE,DEN,1,64,22.1939,0.34678
2011_19_HOU_BAL,2011,19,POST,BAL,HOU,1,62,-14.0001,-0.225808
2011_19_HOU_BAL,2011,19,POST,HOU,BAL,0,62,-5.9225,-0.095524
2011_19_NO_SF,2011,19,POST,NO,SF,0,82,11.8046,0.143959
2011_19_NO_SF,2011,19,POST,SF,NO,1,68,2.3665,0.034801
2011_19_NYG_GB,2011,19,POST,GB,NYG,1,76,-5.7203,-0.075267
2011_19_NYG_GB,2011,19,POST,NYG,GB,0,60,17.9243,0.298738
2011_20_BAL_NE,2011,20,POST,BAL,NE,0,70,4.6764,0.066806
2011_20_BAL_NE,2011,20,POST,NE,BAL,1,67,4.4215,0.065993
2011_20_NYG_SF,2011,20,POST,NYG,SF,0,88,-8.8137,-0.100156
2011_20_NYG_SF,2011,20,POST,SF,NYG,1,59,-1.9771,-0.03351
2011_21_NYG_NE,2011,21,POST,NE,NYG,1,63,11.1382,0.176796
2011_21_NYG_NE,2011,21,POST,NYG,NE,0,74,13.0728,0.176659
2012_01_ATL_KC,2012,1,REG,ATL,KC,0,55,20.668,0.375781
2012_01_ATL_KC,2012,1,REG,KC,ATL,1,68,6.8659,0.10097
2012_01_BUF_NYJ,2012,1,REG,BUF,NYJ,0,60,5.8178,0.096963
2012_01_BUF_NYJ,2012,1,REG,NYJ,BUF,1,64,17.0623,0.266599
2012_01_CAR_TB,2012,1,REG,CAR,TB,0,50,-5.2549,-0.105099
2012_01_CAR_TB,2012,1,REG,TB,CAR,1,61,-3.2173,-0.052742
2012_01_CIN_BAL,2012,1,REG,BAL,CIN,1,60,21.2752,0.354587
2012_01_CIN_BAL,2012,1,REG,CIN,BAL,0,70,-9.6969,-0.138527
2012_01_DAL_NYG,2012,1,REG,DAL,NYG,0,58,12.6445,0.218008
2012_01_DAL_NYG,2012,1,REG,NYG,DAL,1,55,1.3217,0.024031
2012_01_IND_CHI,2012,1,REG,CHI,IND,1,72,10.3002,0.143058
2012_01_IND_CHI,2012,1,REG,IND,CHI,0,66,-3.8888,-0.058922
2012_01_JAX_MIN,2012,1,REG,JAX,MIN,0,78,7.1957,0.092253
2012_01_JAX_MIN,2012,1,REG,MIN,JAX,1,59,1.6154,0.027379
2012_01_MIA_HOU,2012,1,REG,HOU,MIA,1,66,8.5059,0.128878
2012_01_MIA_HOU,2012,1,REG,MIA,HOU,0,61,-26.0005,-0.426238
2012_01_NE_TEN,2012,1,REG,NE,TEN,0,66,15.1005,0.228795
2012_01_NE_TEN,2012,1,REG,TEN,NE,1,65,-8.1781,-0.125818
2012_01_PHI_CLE,2012,1,REG,CLE,PHI,1,61,-23.5735,-0.386451
2012_01_PHI_CLE,2012,1,REG,PHI,CLE,0,91,-14.169,-0.155704
2012_01_PIT_DEN,2012,1,REG,DEN,PIT,1,55,13.1701,0.239456
2012_01_PIT_DEN,2012,1,REG,PIT,DEN,0,76,-1.4559,-0.019156
2012_01_SD_OAK,2012,1,REG,LAC,LV,0,55,2.2233,0.040424
2012_01_SD_OAK,2012,1,REG,LV,LAC,1,74,-4.1932,-0.056665
2012_01_SEA_ARI,2012,1,REG,ARI,SEA,1,61,-8.531,-0.139852
2012_01_SEA_ARI,2012,1,REG,SEA,ARI,0,76,-9.7086,-0.127745
2012_01_SF_GB,2012,1,REG,GB,SF,1,68,3.6868,0.054218
2012_01_SF_GB,2012,1,REG,SF,GB,0,64,17.2851,0.270079
2012_01_STL_DET,2012,1,REG,DET,LA,1,66,-5.5811,-0.084562
2012_01_STL_DET,2012,1,REG,LA,DET,0,56,-3.977,-0.071017
2012_01_WAS_NO,2012,1,REG,NO,WAS,1,71,-2.4396,-0.03436
2012_01_WAS_NO,2012,1,REG,WAS,NO,0,74,17.6888,0.239038
2012_02_ARI_NE,2012,2,REG,ARI,NE,0,62,-5.5076,-0.088832
2012_02_ARI_NE,2012,2,REG,NE,ARI,1,80,-6.4366,-0.080457
2012_02_BAL_PHI,2012,2,REG,BAL,PHI,0,70,-9.6942,-0.138489
2012_02_BAL_PHI,2012,2,REG,PHI,BAL,1,77,0.437,0.005675
2012_02_CHI_GB,2012,2,REG,CHI,GB,0,60,-17.5849,-0.293082
2012_02_CHI_GB,2012,2,REG,GB,CHI,1,66,-6.1856,-0.093721
2012_02_CLE_CIN,2012,2,REG,CIN,CLE,1,65,14.3928,0.221428
2012_02_CLE_CIN,2012,2,REG,CLE,CIN,0,65,13.265,0.204077
2012_02_DAL_SEA,2012,2,REG,DAL,SEA,0,56,-3.2978,-0.05889
2012_02_DAL_SEA,2012,2,REG,SEA,DAL,1,64,7.7271,0.120736
2012_02_DEN_ATL,2012,2,REG,ATL,DEN,1,65,0.8948,0.013767
2012_02_DEN_ATL,2012,2,REG,DEN,ATL,0,73,-6.3214,-0.086594
2012_02_DET_SF,2012,2,REG,DET,SF,0,63,3.6419,0.057808
2012_02_DET_SF,2012,2,REG,SF,DET,1,59,12.3356,0.209078
2012_02_HOU_JAX,2012,2,REG,HOU,JAX,0,83,16.5839,0.199806
2012_02_HOU_JAX,2012,2,REG,JAX,HOU,1,42,-17.6453,-0.420127
2012_02_KC_BUF,2012,2,REG,BUF,KC,1,55,12.7805,0.232374
2012_02_KC_BUF,2012,2,REG,KC,BUF,0,72,-2.4627,-0.034204
2012_02_MIN_IND,2012,2,REG,IND,MIN,1,65,-0.2051,-0.003155
2012_02_MIN_IND,2012,2,REG,MIN,IND,0,69,1.2682,0.01838
2012_02_NO_CAR,2012,2,REG,CAR,NO,1,62,17.8732,0.288278
2012_02_NO_CAR,2012,2,REG,NO,CAR,0,77,10.7654,0.139811
2012_02_NYJ_PIT,2012,2,REG,NYJ,PIT,0,57,-0.6405,-0.011236
2012_02_NYJ_PIT,2012,2,REG,PIT,NYJ,1,64,8.6297,0.134839
2012_02_OAK_MIA,2012,2,REG,LV,MIA,0,65,-2.195,-0.03377
2012_02_OAK_MIA,2012,2,REG,MIA,LV,1,74,13.9332,0.188286
2012_02_TB_NYG,2012,2,REG,NYG,TB,1,79,10.1013,0.127865
2012_02_TB_NYG,2012,2,REG,TB,NYG,0,52,2.6994,0.051912
2012_02_TEN_SD,2012,2,REG,LAC,TEN,1,81,20.4201,0.2521
2012_02_TEN_SD,2012,2,REG,TEN,LAC,0,40,-9.3761,-0.234403
2012_02_WAS_STL,2012,2,REG,LA,WAS,1,66,0.8406,0.012736
2012_02_WAS_STL,2012,2,REG,WAS,LA,0,60,7.1992,0.119987
2012_03_ATL_SD,2012,3,REG,ATL,LAC,0,73,14.8648,0.203627
2012_03_ATL_SD,2012,3,REG,LAC,ATL,1,56,-12.1547,-0.217049
2012_03_BUF_CLE,2012,3,REG,BUF,CLE,0,68,8.2243,0.120946
2012_03_BUF_CLE,2012,3,REG,CLE,BUF,1,63,-12.8134,-0.203388
2012_03_CIN_WAS,2012,3,REG,CIN,WAS,0,60,12.2697,0.204495
2012_03_CIN_WAS,2012,3,REG,WAS,CIN,1,75,4.2802,0.057069
2012_03_DET_TEN,2012,3,REG,DET,TEN,0,95,14.3291,0.150833
2012_03_DET_TEN,2012,3,REG,TEN,DET,1,63,9.1662,0.145495
2012_03_GB_SEA,2012,3,REG,GB,SEA,0,75,2.9835,0.03978
2012_03_GB_SEA,2012,3,REG,SEA,GB,1,56,0.98,0.0175
2012_03_HOU_DEN,2012,3,REG,DEN,HOU,1,80,0.1515,0.001894
2012_03_HOU_DEN,2012,3,REG,HOU,DEN,0,68,14.7856,0.217435
2012_03_JAX_IND,2012,3,REG,IND,JAX,1,78,3.3885,0.043442
2012_03_JAX_IND,2012,3,REG,JAX,IND,0,60,4.1278,0.068797
2012_03_KC_NO,2012,3,REG,KC,NO,0,93,-1.1349,-0.012203
2012_03_KC_NO,2012,3,REG,NO,KC,1,59,-5.5814,-0.0946
2012_03_NE_BAL,2012,3,REG,BAL,NE,1,71,19.8382,0.279412
2012_03_NE_BAL,2012,3,REG,NE,BAL,0,82,17.6898,0.215729
2012_03_NYG_CAR,2012,3,REG,CAR,NYG,1,58,-3.865,-0.066638
2012_03_NYG_CAR,2012,3,REG,NYG,CAR,0,69,16.8973,0.244889
2012_03_NYJ_MIA,2012,3,REG,MIA,NYJ,1,83,-0.6339,-0.007637
2012_03_NYJ_MIA,2012,3,REG,NYJ,MIA,0,83,-2.7154,-0.032715
2012_03_PHI_ARI,2012,3,REG,ARI,PHI,1,60,-1.6384,-0.027306
2012_03_PHI_ARI,2012,3,REG,PHI,ARI,0,64,-19.9444,-0.311632
2012_03_PIT_OAK,2012,3,REG,LV,PIT,1,57,7.9182,0.138916
2012_03_PIT_OAK,2012,3,REG,PIT,LV,0,71,16.9072,0.23813
2012_03_SF_MIN,2012,3,REG,MIN,SF,1,76,7.2247,0.095062
2012_03_SF_MIN,2012,3,REG,SF,MIN,0,58,-5.1993,-0.089643
2012_03_STL_CHI,2012,3,REG,CHI,LA,1,66,-6.0404,-0.091521
2012_03_STL_CHI,2012,3,REG,LA,CHI,0,57,-20.2036,-0.35445
2012_03_TB_DAL,2012,3,REG,DAL,TB,1,65,-15.4508,-0.237704
2012_03_TB_DAL,2012,3,REG,TB,DAL,0,60,-14.7817,-0.246362
2012_04_CAR_ATL,2012,4,REG,ATL,CAR,1,70,5.5162,0.078803
2012_04_CAR_ATL,2012,4,REG,CAR,ATL,0,64,10.2739,0.16053
2012_04_CHI_DAL,2012,4,REG,CHI,DAL,0,53,10.2613,0.193609
2012_04_CHI_DAL,2012,4,REG,DAL,CHI,1,70,-11.7886,-0.168408
2012_04_CIN_JAX,2012,4,REG,CIN,JAX,0,63,14.4195,0.22888
2012_04_CIN_JAX,2012,4,REG,JAX,CIN,1,60,-8.9589,-0.149315
2012_04_CLE_BAL,2012,4,REG,BAL,CLE,1,82,0.7042,0.008588
2012_04_CLE_BAL,2012,4,REG,CLE,BAL,0,70,-11.2949,-0.161356
2012_04_MIA_ARI,2012,4,REG,ARI,MIA,1,72,-13.733,-0.190736
2012_04_MIA_ARI,2012,4,REG,MIA,ARI,0,76,-3.509,-0.046171
2012_04_MIN_DET,2012,4,REG,DET,MIN,1,77,-2.1441,-0.027845
2012_04_MIN_DET,2012,4,REG,MIN,DET,0,58,-1.7209,-0.02967
2012_04_NE_BUF,2012,4,REG,BUF,NE,1,69,-7.826,-0.11342
2012_04_NE_BUF,2012,4,REG,NE,BUF,0,77,25.9117,0.336516
2012_04_NO_GB,2012,4,REG,GB,NO,1,68,17.4874,0.257168
2012_04_NO_GB,2012,4,REG,NO,GB,0,78,17.5843,0.22544
2012_04_NYG_PHI,2012,4,REG,NYG,PHI,0,68,6.0389,0.088808
2012_04_NYG_PHI,2012,4,REG,PHI,NYG,1,68,7.0911,0.104281
2012_04_OAK_DEN,2012,4,REG,DEN,LV,1,76,19.7433,0.25978
2012_04_OAK_DEN,2012,4,REG,LV,DEN,0,55,-8.1187,-0.147613
2012_04_SD_KC,2012,4,REG,KC,LAC,1,71,-18.8961,-0.266142
2012_04_SD_KC,2012,4,REG,LAC,KC,0,62,2.9038,0.046835
2012_04_SEA_STL,2012,4,REG,LA,SEA,1,59,-7.9271,-0.134358
2012_04_SEA_STL,2012,4,REG,SEA,LA,0,61,-6.566,-0.10764
2012_04_SF_NYJ,2012,4,REG,NYJ,SF,1,53,-34.0445,-0.642349
2012_04_SF_NYJ,2012,4,REG,SF,NYJ,0,70,13.2238,0.188912
2012_04_TEN_HOU,2012,4,REG,HOU,TEN,1,58,4.9243,0.084902
2012_04_TEN_HOU,2012,4,REG,TEN,HOU,0,61,-19.3794,-0.317696
2012_04_WAS_TB,2012,4,REG,TB,WAS,1,60,-0.4415,-0.007358
2012_04_WAS_TB,2012,4,REG,WAS,TB,0,72,18.0709,0.250984
2012_05_ARI_STL,2012,5,REG,ARI,LA,0,81,-17.7259,-0.218838
2012_05_ARI_STL,2012,5,REG,LA,ARI,1,52,-6.6995,-0.128837
2012_05_ATL_WAS,2012,5,REG,ATL,WAS,0,81,3.8334,0.047325
2012_05_ATL_WAS,2012,5,REG,WAS,ATL,1,49,-6.8003,-0.138783
2012_05_BAL_KC,2012,5,REG,BAL,KC,0,54,-3.7197,-0.068883
2012_05_BAL_KC,2012,5,REG,KC,BAL,1,70,-14.8412,-0.212017
2012_05_BUF_SF,2012,5,REG,BUF,SF,0,45,-13.0656,-0.290347
2012_05_BUF_SF,2012,5,REG,SF,BUF,1,67,33.1005,0.494037
2012_05_CHI_JAX,2012,5,REG,CHI,JAX,0,75,23.4174,0.312232
2012_05_CHI_JAX,2012,5,REG,JAX,CHI,1,57,-27.3177,-0.479257
2012_05_CLE_NYG,2012,5,REG,CLE,NYG,0,58,6.1563,0.106142
2012_05_CLE_NYG,2012,5,REG,NYG,CLE,1,73,20.2994,0.278073
2012_05_DEN_NE,2012,5,REG,DEN,NE,0,66,5.021,0.076076
2012_05_DEN_NE,2012,5,REG,NE,DEN,1,92,12.326,0.133978
2012_05_GB_IND,2012,5,REG,GB,IND,0,66,5.2583,0.079671
2012_05_GB_IND,2012,5,REG,IND,GB,1,95,6.9683,0.073351
2012_05_HOU_NYJ,2012,5,REG,HOU,NYJ,0,65,5.488,0.084431
2012_05_HOU_NYJ,2012,5,REG,NYJ,HOU,1,58,-9.1644,-0.158008
2012_05_MIA_CIN,2012,5,REG,CIN,MIA,1,68,-12.9972,-0.191136
2012_05_MIA_CIN,2012,5,REG,MIA,CIN,0,62,-3.7697,-0.060802
2012_05_PHI_PIT,2012,5,REG,PHI,PIT,0,57,3.115,0.054649
2012_05_PHI_PIT,2012,5,REG,PIT,PHI,1,72,0.7264,0.010088
2012_05_SD_NO,2012,5,REG,LAC,NO,0,69,7.7833,0.112801
2012_05_SD_NO,2012,5,REG,NO,LAC,1,69,10.5411,0.15277
2012_05_SEA_CAR,2012,5,REG,CAR,SEA,1,55,-19.0633,-0.346605
2012_05_SEA_CAR,2012,5,REG,SEA,CAR,0,64,-6.5281,-0.102001
2012_05_TEN_MIN,2012,5,REG,MIN,TEN,1,68,8.2805,0.121772
2012_05_TEN_MIN,2012,5,REG,TEN,MIN,0,70,-11.4518,-0.163598
2012_06_BUF_ARI,2012,6,REG,ARI,BUF,1,74,-16.0049,-0.216283
2012_06_BUF_ARI,2012,6,REG,BUF,ARI,0,68,-7.187,-0.105691
2012_06_CIN_CLE,2012,6,REG,CIN,CLE,0,70,-10.7609,-0.153727
2012_06_CIN_CLE,2012,6,REG,CLE,CIN,1,64,-3.3381,-0.052157
2012_06_DAL_BAL,2012,6,REG,BAL,DAL,1,50,15.6016,0.312032
2012_06_DAL_BAL,2012,6,REG,DAL,BAL,0,90,20.9559,0.232843
2012_06_DEN_SD,2012,6,REG,DEN,LAC,0,54,5.0969,0.094387
2012_06_DEN_SD,2012,6,REG,LAC,DEN,1,75,-23.2553,-0.310071
2012_06_DET_PHI,2012,6,REG,DET,PHI,0,78,7.1217,0.091304
2012_06_DET_PHI,2012,6,REG,PHI,DET,1,81,-5.2769,-0.065147
2012_06_GB_HOU,2012,6,REG,GB,HOU,0,73,16.8659,0.23104
2012_06_GB_HOU,2012,6,REG,HOU,GB,1,71,-4.0274,-0.056724
2012_06_IND_NYJ,2012,6,REG,IND,NYJ,0,70,-6.9636,-0.09948
2012_06_IND_NYJ,2012,6,REG,NYJ,IND,1,64,17.8825,0.279414
2012_06_KC_TB,2012,6,REG,KC,TB,0,69,-23.6229,-0.342361
2012_06_KC_TB,2012,6,REG,TB,KC,1,52,16.7771,0.322637
2012_06_MIN_WAS,2012,6,REG,MIN,WAS,0,85,2.7989,0.032929
2012_06_MIN_WAS,2012,6,REG,WAS,MIN,1,56,13.6549,0.243838
2012_06_NE_SEA,2012,6,REG,NE,SEA,0,86,5.0147,0.05831
2012_06_NE_SEA,2012,6,REG,SEA,NE,1,56,4.4737,0.079888
2012_06_NYG_SF,2012,6,REG,NYG,SF,0,63,3.7183,0.05902
2012_06_NYG_SF,2012,6,REG,SF,NYG,1,61,-15.9392,-0.261299
2012_06_OAK_ATL,2012,6,REG,ATL,LV,1,55,-12.3055,-0.223736
2012_06_OAK_ATL,2012,6,REG,LV,ATL,0,73,-11.6891,-0.160125
2012_06_PIT_TEN,2012,6,REG,PIT,TEN,0,64,10.2034,0.159428
2012_06_PIT_TEN,2012,6,REG,TEN,PIT,1,71,1.3138,0.018504
2012_06_STL_MIA,2012,6,REG,LA,MIA,0,73,13.7786,0.188748
2012_06_STL_MIA,2012,6,REG,MIA,LA,1,54,-1.1886,-0.022011
2012_07_ARI_MIN,2012,7,REG,ARI,MIN,0,71,-12.5518,-0.176786
2012_07_ARI_MIN,2012,7,REG,MIN,ARI,1,52,-11.5418,-0.221957
2012_07_BAL_HOU,2012,7,REG,BAL,HOU,0,61,-19.355,-0.317294
2012_07_BAL_HOU,2012,7,REG,HOU,BAL,1,79,14.0497,0.177845
2012_07_CLE_IND,2012,7,REG,CLE,IND,0,59,5.4424,0.092244
2012_07_CLE_IND,2012,7,REG,IND,CLE,1,72,2.5715,0.035715
2012_07_DAL_CAR,2012,7,REG,CAR,DAL,1,61,-2.1555,-0.035337
2012_07_DAL_CAR,2012,7,REG,DAL,CAR,0,67,2.7796,0.041486
2012_07_DET_CHI,2012,7,REG,CHI,DET,1,71,-6.03,-0.08493
2012_07_DET_CHI,2012,7,REG,DET,CHI,0,68,-10.406,-0.15303
2012_07_GB_STL,2012,7,REG,GB,LA,0,66,15.1265,0.22919
2012_07_GB_STL,2012,7,REG,LA,GB,1,59,3.1636,0.05362
2012_07_JAX_OAK,2012,7,REG,JAX,LV,0,63,-18.7239,-0.297205
2012_07_JAX_OAK,2012,7,REG,LV,JAX,1,76,-3.9196,-0.051573
2012_07_NO_TB,2012,7,REG,NO,TB,0,63,20.084,0.318794
2012_07_NO_TB,2012,7,REG,TB,NO,1,72,18.9588,0.263317
2012_07_NYJ_NE,2012,7,REG,NE,NYJ,1,79,4.9473,0.062624
2012_07_NYJ_NE,2012,7,REG,NYJ,NE,0,82,10.738,0.130952
2012_07_PIT_CIN,2012,7,REG,CIN,PIT,1,49,-7.7391,-0.157941
2012_07_PIT_CIN,2012,7,REG,PIT,CIN,0,71,8.9744,0.1264
2012_07_SEA_SF,2012,7,REG,SEA,SF,0,55,-6.5712,-0.119477
2012_07_SEA_SF,2012,7,REG,SF,SEA,1,56,1.8641,0.033287
2012_07_TEN_BUF,2012,7,REG,BUF,TEN,1,61,8.8133,0.14448
2012_07_TEN_BUF,2012,7,REG,TEN,BUF,0,63,22.0191,0.349509
2012_07_WAS_NYG,2012,7,REG,NYG,WAS,1,62,10.1568,0.163819
2012_07_WAS_NYG,2012,7,REG,WAS,NYG,0,70,5.7825,0.082608
2012_08_ATL_PHI,2012,8,REG,ATL,PHI,0,75,20.3635,0.271513
2012_08_ATL_PHI,2012,8,REG,PHI,ATL,1,63,1.4551,0.023097
2012_08_CAR_CHI,2012,8,REG,CAR,CHI,0,82,1.8345,0.022372
2012_08_CAR_CHI,2012,8,REG,CHI,CAR,1,55,-7.087,-0.128855
2012_08_IND_TEN,2012,8,REG,IND,TEN,0,75,16.0525,0.214034
2012_08_IND_TEN,2012,8,REG,TEN,IND,1,59,5.1744,0.087701
2012_08_JAX_GB,2012,8,REG,GB,JAX,1,67,-4.9361,-0.073673
2012_08_JAX_GB,2012,8,REG,JAX,GB,0,77,-8.146,-0.105792
2012_08_MIA_NYJ,2012,8,REG,MIA,NYJ,0,57,-4.9562,-0.086952
2012_08_MIA_NYJ,2012,8,REG,NYJ,MIA,1,82,-12.5898,-0.153534
2012_08_NE_STL,2012,8,REG,LA,NE,1,60,-7.4971,-0.124952
2012_08_NE_STL,2012,8,REG,NE,LA,0,71,34.6373,0.48785
2012_08_NO_DEN,2012,8,REG,DEN,NO,1,73,17.6458,0.241724
2012_08_NO_DEN,2012,8,REG,NO,DEN,0,60,-2.9158,-0.048597
2012_08_NYG_DAL,2012,8,REG,DAL,NYG,1,84,-14.2973,-0.170206
2012_08_NYG_DAL,2012,8,REG,NYG,DAL,0,61,-10.6472,-0.174544
2012_08_OAK_KC,2012,8,REG,KC,LV,1,61,-15.7953,-0.25894
2012_08_OAK_KC,2012,8,REG,LV,KC,0,62,0.8287,0.013367
2012_08_SD_CLE,2012,8,REG,CLE,LAC,1,61,-8.0913,-0.132645
2012_08_SD_CLE,2012,8,REG,LAC,CLE,0,68,-12.7189,-0.187043
2012_08_SEA_DET,2012,8,REG,DET,SEA,1,73,17.0904,0.234115
2012_08_SEA_DET,2012,8,REG,SEA,DET,0,56,12.2294,0.218382
2012_08_SF_ARI,2012,8,REG,ARI,SF,1,68,-12.6252,-0.185665
2012_08_SF_ARI,2012,8,REG,SF,ARI,0,54,9.2132,0.170615
2012_08_TB_MIN,2012,8,REG,MIN,TB,1,60,-13.4931,-0.224884
2012_08_TB_MIN,2012,8,REG,TB,MIN,0,77,12.795,0.166169
2012_08_WAS_PIT,2012,8,REG,PIT,WAS,1,61,11.8395,0.19409
2012_08_WAS_PIT,2012,8,REG,WAS,PIT,0,57,3.016,0.052912
2012_09_ARI_GB,2012,9,REG,ARI,GB,0,66,-4.9204,-0.074551
2012_09_ARI_GB,2012,9,REG,GB,ARI,1,67,6.6272,0.098913
2012_09_BAL_CLE,2012,9,REG,BAL,CLE,0,65,3.5986,0.055363
2012_09_BAL_CLE,2012,9,REG,CLE,BAL,1,70,-12.1933,-0.17419
2012_09_BUF_HOU,2012,9,REG,BUF,HOU,0,57,-6.3846,-0.112011
2012_09_BUF_HOU,2012,9,REG,HOU,BUF,1,63,8.6483,0.137275
2012_09_CAR_WAS,2012,9,REG,CAR,WAS,0,54,12.7041,0.235261
2012_09_CAR_WAS,2012,9,REG,WAS,CAR,1,81,-0.5265,-0.0065
2012_09_CHI_TEN,2012,9,REG,CHI,TEN,0,66,4.2861,0.06494
2012_09_CHI_TEN,2012,9,REG,TEN,CHI,1,57,-27.9032,-0.489529
2012_09_DAL_ATL,2012,9,REG,ATL,DAL,1,67,11.2173,0.167422
2012_09_DAL_ATL,2012,9,REG,DAL,ATL,0,57,3.9646,0.069554
2012_09_DEN_CIN,2012,9,REG,CIN,DEN,1,75,3.1585,0.042114
2012_09_DEN_CIN,2012,9,REG,DEN,CIN,0,61,12.2983,0.201611
2012_09_DET_JAX,2012,9,REG,DET,JAX,0,69,24.8454,0.360078
2012_09_DET_JAX,2012,9,REG,JAX,DET,1,62,1.2628,0.020368
2012_09_KC_SD,2012,9,REG,KC,LAC,0,62,-6.2519,-0.100837
2012_09_KC_SD,2012,9,REG,LAC,KC,1,48,6.4936,0.135282
2012_09_MIA_IND,2012,9,REG,IND,MIA,1,80,16.0996,0.201244
2012_09_MIA_IND,2012,9,REG,MIA,IND,0,62,10.2133,0.164731
2012_09_MIN_SEA,2012,9,REG,MIN,SEA,0,54,3.4787,0.06442
2012_09_MIN_SEA,2012,9,REG,SEA,MIN,1,74,18.9379,0.255918
2012_09_PHI_NO,2012,9,REG,NO,PHI,1,55,12.5544,0.228262
2012_09_PHI_NO,2012,9,REG,PHI,NO,0,78,-6.6691,-0.085501
2012_09_PIT_NYG,2012,9,REG,NYG,PIT,1,51,-3.3831,-0.066335
2012_09_PIT_NYG,2012,9,REG,PIT,NYG,0,67,-3.4235,-0.051097
2012_09_TB_OAK,2012,9,REG,LV,TB,1,81,-0.3742,-0.004619
2012_09_TB_OAK,2012,9,REG,TB,LV,0,64,25.9025,0.404726
2012_10_ATL_NO,2012,10,REG,ATL,NO,0,73,13.6946,0.187598
2012_10_ATL_NO,2012,10,REG,NO,ATL,1,61,12.1372,0.198971
2012_10_BUF_NE,2012,10,REG,BUF,NE,0,77,20.5088,0.266347
2012_10_BUF_NE,2012,10,REG,NE,BUF,1,72,19.0577,0.26469
2012_10_DAL_PHI,2012,10,REG,DAL,PHI,0,53,5.6511,0.106625
2012_10_DAL_PHI,2012,10,REG,PHI,DAL,1,77,-7.4978,-0.097375
2012_10_DEN_CAR,2012,10,REG,CAR,DEN,1,70,-19.3492,-0.276417
2012_10_DEN_CAR,2012,10,REG,DEN,CAR,0,62,-3.3541,-0.054098
2012_10_DET_MIN,2012,10,REG,DET,MIN,0,63,1.9307,0.030646
2012_10_DET_MIN,2012,10,REG,MIN,DET,1,67,4.6601,0.069554
2012_10_HOU_CHI,2012,10,REG,CHI,HOU,1,59,-27.4761,-0.465697
2012_10_HOU_CHI,2012,10,REG,HOU,CHI,0,61,-13.3996,-0.219666
2012_10_IND_JAX,2012,10,REG,IND,JAX,0,63,8.0394,0.12761
2012_10_IND_JAX,2012,10,REG,JAX,IND,1,70,-12.9308,-0.184725
2012_10_KC_PIT,2012,10,REG,KC,PIT,0,63,-8.2358,-0.130727
2012_10_KC_PIT,2012,10,REG,PIT,KC,1,65,-9.2969,-0.14303
2012_10_NYG_CIN,2012,10,REG,CIN,NYG,1,57,3.5947,0.063064
2012_10_NYG_CIN,2012,10,REG,NYG,CIN,0,73,-14.7655,-0.202267
2012_10_NYJ_SEA,2012,10,REG,NYJ,SEA,0,52,-15.9937,-0.307571
2012_10_NYJ_SEA,2012,10,REG,SEA,NYJ,1,70,1.3533,0.019333
2012_10_OAK_BAL,2012,10,REG,BAL,LV,1,64,16.0285,0.250445
2012_10_OAK_BAL,2012,10,REG,LV,BAL,0,75,-1.6984,-0.022645
2012_10_SD_TB,2012,10,REG,LAC,TB,0,66,7.1536,0.108388
2012_10_SD_TB,2012,10,REG,TB,LAC,1,43,8.6033,0.200077
2012_10_STL_SF,2012,10,REG,LA,SF,0,84,19.312,0.229904
2012_10_STL_SF,2012,10,REG,SF,LA,1,66,6.8176,0.103297
2012_10_TEN_MIA,2012,10,REG,MIA,TEN,1,59,-25.9479,-0.439795
2012_10_TEN_MIA,2012,10,REG,TEN,MIA,0,58,9.3364,0.160972
2012_11_ARI_ATL,2012,11,REG,ARI,ATL,0,58,-28.0131,-0.482985
2012_11_ARI_ATL,2012,11,REG,ATL,ARI,1,70,-27.0155,-0.385936
2012_11_BAL_PIT,2012,11,REG,BAL,PIT,0,59,-9.5275,-0.161482
2012_11_BAL_PIT,2012,11,REG,PIT,BAL,1,72,-9.6364,-0.133839
2012_11_CHI_SF,2012,11,REG,CHI,SF,0,59,-15.8937,-0.269384
2012_11_CHI_SF,2012,11,REG,SF,CHI,1,54,10.7279,0.198665
2012_11_CIN_KC,2012,11,REG,CIN,KC,0,72,18.0785,0.251091
2012_11_CIN_KC,2012,11,REG,KC,CIN,1,60,-13.6727,-0.227878
2012_11_CLE_DAL,2012,11,REG,CLE,DAL,0,70,-2.2472,-0.032103
2012_11_CLE_DAL,2012,11,REG,DAL,CLE,1,90,-0.6434,-0.007149
2012_11_GB_DET,2012,11,REG,DET,GB,1,72,-14.1733,-0.196852
2012_11_GB_DET,2012,11,REG,GB,DET,0,64,-1.1615,-0.018148
2012_11_IND_NE,2012,11,REG,IND,NE,0,78,-1.8744,-0.024031
2012_11_IND_NE,2012,11,REG,NE,IND,1,61,24.566,0.402721
2012_11_JAX_HOU,2012,11,REG,HOU,JAX,1,94,17.3169,0.184223
2012_11_JAX_HOU,2012,11,REG,JAX,HOU,0,66,13.9368,0.211163
2012_11_MIA_BUF,2012,11,REG,BUF,MIA,1,66,-4.4132,-0.066866
2012_11_MIA_BUF,2012,11,REG,MIA,BUF,0,58,-12.6584,-0.218249
2012_11_NO_OAK,2012,11,REG,LV,NO,1,73,-7.8971,-0.10818
2012_11_NO_OAK,2012,11,REG,NO,LV,0,55,19.6288,0.356888
2012_11_NYJ_STL,2012,11,REG,LA,NYJ,1,67,-18.4854,-0.275901
2012_11_NYJ_STL,2012,11,REG,NYJ,LA,0,64,1.2445,0.019445
2012_11_PHI_WAS,2012,11,REG,PHI,WAS,0,75,-16.8636,-0.224847
2012_11_PHI_WAS,2012,11,REG,WAS,PHI,1,52,10.3236,0.198531
2012_11_SD_DEN,2012,11,REG,DEN,LAC,1,69,-7.9283,-0.114903
2012_11_SD_DEN,2012,11,REG,LAC,DEN,0,69,-16.9796,-0.246082
2012_11_TB_CAR,2012,11,REG,CAR,TB,1,66,-2.7793,-0.04211
2012_11_TB_CAR,2012,11,REG,TB,CAR,0,79,-4.832,-0.061164
2012_12_ATL_TB,2012,12,REG,ATL,TB,0,60,12.8772,0.214619
2012_12_ATL_TB,2012,12,REG,TB,ATL,1,57,7.5773,0.132934
2012_12_BAL_SD,2012,12,REG,BAL,LAC,0,93,1.4044,0.015101
2012_12_BAL_SD,2012,12,REG,LAC,BAL,1,68,-4.5537,-0.066967
2012_12_BUF_IND,2012,12,REG,BUF,IND,0,60,0.4834,0.008057
2012_12_BUF_IND,2012,12,REG,IND,BUF,1,69,-0.7752,-0.011235
2012_12_CAR_PHI,2012,12,REG,CAR,PHI,0,66,17.2352,0.261139
2012_12_CAR_PHI,2012,12,REG,PHI,CAR,1,50,-0.9001,-0.018003
2012_12_DEN_KC,2012,12,REG,DEN,KC,0,64,8.8625,0.138477
2012_12_DEN_KC,2012,12,REG,KC,DEN,1,60,-7.5758,-0.126264
2012_12_GB_NYG,2012,12,REG,GB,NYG,0,61,-7.8127,-0.128078
2012_12_GB_NYG,2012,12,REG,NYG,GB,1,64,17.5909,0.274857
2012_12_HOU_DET,2012,12,REG,DET,HOU,1,89,3.2348,0.036346
2012_12_HOU_DET,2012,12,REG,HOU,DET,0,78,13.8972,0.17817
2012_12_MIN_CHI,2012,12,REG,CHI,MIN,1,73,-3.565,-0.048836
2012_12_MIN_CHI,2012,12,REG,MIN,CHI,0,66,-16.1735,-0.245053
2012_12_NE_NYJ,2012,12,REG,NE,NYJ,0,66,24.081,0.364864
2012_12_NE_NYJ,2012,12,REG,NYJ,NE,1,69,-11.7209,-0.169868
2012_12_OAK_CIN,2012,12,REG,CIN,LV,1,65,14.9331,0.22974
2012_12_OAK_CIN,2012,12,REG,LV,CIN,0,61,-17.3279,-0.284064
2012_12_PIT_CLE,2012,12,REG,CLE,PIT,1,67,-22.1112,-0.330019
2012_12_PIT_CLE,2012,12,REG,PIT,CLE,0,63,-25.9446,-0.411819
2012_12_SEA_MIA,2012,12,REG,MIA,SEA,1,57,13.9019,0.243893
2012_12_SEA_MIA,2012,12,REG,SEA,MIA,0,57,7.1611,0.125634
2012_12_SF_NO,2012,12,REG,NO,SF,1,68,-22.4438,-0.330056
2012_12_SF_NO,2012,12,REG,SF,NO,0,60,6.7264,0.112107
2012_12_STL_ARI,2012,12,REG,ARI,LA,1,79,-24.6477,-0.311997
2012_12_STL_ARI,2012,12,REG,LA,ARI,0,57,0.8676,0.015221
2012_12_TEN_JAX,2012,12,REG,JAX,TEN,1,63,0.1397,0.002218
2012_12_TEN_JAX,2012,12,REG,TEN,JAX,0,71,4.7075,0.066303
2012_12_WAS_DAL,2012,12,REG,DAL,WAS,1,75,5.5068,0.073424
2012_12_WAS_DAL,2012,12,REG,WAS,DAL,0,62,15.5331,0.250534
2012_13_ARI_NYJ,2012,13,REG,ARI,NYJ,0,55,-28.3974,-0.516316
2012_13_ARI_NYJ,2012,13,REG,NYJ,ARI,1,77,-20.152,-0.261714
2012_13_CAR_KC,2012,13,REG,CAR,KC,0,51,16.3499,0.320585
2012_13_CAR_KC,2012,13,REG,KC,CAR,1,68,13.9206,0.204715
2012_13_CIN_SD,2012,13,REG,CIN,LAC,0,76,-4.289,-0.056434
2012_13_CIN_SD,2012,13,REG,LAC,CIN,1,66,-11.067,-0.167681
2012_13_CLE_OAK,2012,13,REG,CLE,LV,0,67,14.7079,0.219521
2012_13_CLE_OAK,2012,13,REG,LV,CLE,1,70,9.5481,0.136401
2012_13_HOU_TEN,2012,13,REG,HOU,TEN,0,70,-3.1239,-0.044628
2012_13_HOU_TEN,2012,13,REG,TEN,HOU,1,75,-22.4169,-0.298892
2012_13_IND_DET,2012,13,REG,DET,IND,1,77,-1.5121,-0.019638
2012_13_IND_DET,2012,13,REG,IND,DET,0,75,3.546,0.047279
2012_13_JAX_BUF,2012,13,REG,BUF,JAX,1,64,4.8071,0.075111
2012_13_JAX_BUF,2012,13,REG,JAX,BUF,0,71,-15.3451,-0.216128
2012_13_MIN_GB,2012,13,REG,GB,MIN,1,81,9.8732,0.121891
2012_13_MIN_GB,2012,13,REG,MIN,GB,0,55,3.6004,0.065462
2012_13_NE_MIA,2012,13,REG,MIA,NE,1,62,-10.4367,-0.168334
2012_13_NE_MIA,2012,13,REG,NE,MIA,0,79,3.463,0.043836
2012_13_NO_ATL,2012,13,REG,ATL,NO,1,55,-8.9636,-0.162975
2012_13_NO_ATL,2012,13,REG,NO,ATL,0,77,-13.3269,-0.173077
2012_13_NYG_WAS,2012,13,REG,NYG,WAS,0,66,15.2609,0.231226
2012_13_NYG_WAS,2012,13,REG,WAS,NYG,1,53,9.4811,0.178888
2012_13_PHI_DAL,2012,13,REG,DAL,PHI,1,64,20.4418,0.319404
2012_13_PHI_DAL,2012,13,REG,PHI,DAL,0,63,9.0947,0.144361
2012_13_PIT_BAL,2012,13,REG,BAL,PIT,1,60,-4.1702,-0.069503
2012_13_PIT_BAL,2012,13,REG,PIT,BAL,0,66,1.0612,0.016079
2012_13_SEA_CHI,2012,13,REG,CHI,SEA,1,62,8.3425,0.134557
2012_13_SEA_CHI,2012,13,REG,SEA,CHI,0,72,15.6753,0.217713
2012_13_SF_STL,2012,13,REG,LA,SF,1,72,-11.3017,-0.156968
2012_13_SF_STL,2012,13,REG,SF,LA,0,77,-10.1796,-0.132202
2012_13_TB_DEN,2012,13,REG,DEN,TB,1,72,1.1592,0.0161
2012_13_TB_DEN,2012,13,REG,TB,DEN,0,67,-6.1474,-0.091752
2012_14_ARI_SEA,2012,14,REG,ARI,SEA,0,59,-38.0497,-0.644911
2012_14_ARI_SEA,2012,14,REG,SEA,ARI,1,68,16.9242,0.248885
2012_14_ATL_CAR,2012,14,REG,ATL,CAR,0,65,13.3284,0.205052
2012_14_ATL_CAR,2012,14,REG,CAR,ATL,1,68,22.339,0.328515
2012_14_BAL_WAS,2012,14,REG,BAL,WAS,0,59,6.9008,0.116963
2012_14_BAL_WAS,2012,14,REG,WAS,BAL,1,72,4.8769,0.067735
2012_14_CHI_MIN,2012,14,REG,CHI,MIN,0,78,-7.0721,-0.090668
2012_14_CHI_MIN,2012,14,REG,MIN,CHI,1,54,-1.8887,-0.034977
2012_14_DAL_CIN,2012,14,REG,CIN,DAL,1,60,-1.5516,-0.025859
2012_14_DAL_CIN,2012,14,REG,DAL,CIN,0,72,6.9156,0.096049
2012_14_DEN_OAK,2012,14,REG,DEN,LV,0,81,16.4927,0.203614
2012_14_DEN_OAK,2012,14,REG,LV,DEN,1,50,-2.5962,-0.051924
2012_14_DET_GB,2012,14,REG,DET,GB,0,82,0.821,0.010012
2012_14_DET_GB,2012,14,REG,GB,DET,1,52,2.3374,0.04495
2012_14_HOU_NE,2012,14,REG,HOU,NE,0,68,-5.5348,-0.081394
2012_14_HOU_NE,2012,14,REG,NE,HOU,1,76,20.757,0.273118
2012_14_KC_CLE,2012,14,REG,CLE,KC,1,68,6.195,0.091103
2012_14_KC_CLE,2012,14,REG,KC,CLE,0,54,-4.0788,-0.075534
2012_14_MIA_SF,2012,14,REG,MIA,SF,0,61,-2.1423,-0.035119
2012_14_MIA_SF,2012,14,REG,SF,MIA,1,54,11.6344,0.215451
2012_14_NO_NYG,2012,14,REG,NO,NYG,0,71,-7.4681,-0.105184
2012_14_NO_NYG,2012,14,REG,NYG,NO,1,67,3.93,0.058657
2012_14_NYJ_JAX,2012,14,REG,JAX,NYJ,1,71,-8.9077,-0.12546
2012_14_NYJ_JAX,2012,14,REG,NYJ,JAX,0,63,-2.7998,-0.044442
2012_14_PHI_TB,2012,14,REG,PHI,TB,0,74,5.357,0.072392
2012_14_PHI_TB,2012,14,REG,TB,PHI,1,72,-1.8055,-0.025077
2012_14_SD_PIT,2012,14,REG,LAC,PIT,0,78,3.1909,0.040909
2012_14_SD_PIT,2012,14,REG,PIT,LAC,1,64,-7.7166,-0.120572
2012_14_STL_BUF,2012,14,REG,BUF,LA,1,59,-9.3809,-0.158999
2012_14_STL_BUF,2012,14,REG,LA,BUF,0,69,-2.0774,-0.030107
2012_14_TEN_IND,2012,14,REG,IND,TEN,1,67,-7.2573,-0.108318
2012_14_TEN_IND,2012,14,REG,TEN,IND,0,65,-0.994,-0.015292
2012_15_CAR_SD,2012,15,REG,CAR,LAC,0,76,12.3347,0.162299
2012_15_CAR_SD,2012,15,REG,LAC,CAR,1,47,-14.2953,-0.304155
2012_15_CIN_PHI,2012,15,REG,CIN,PHI,0,74,-14.9081,-0.20146
2012_15_CIN_PHI,2012,15,REG,PHI,CIN,1,56,-31.3607,-0.560013
2012_15_DEN_BAL,2012,15,REG,BAL,DEN,1,64,-25.2047,-0.393823
2012_15_DEN_BAL,2012,15,REG,DEN,BAL,0,75,4.8715,0.064953
2012_15_DET_ARI,2012,15,REG,ARI,DET,1,54,-11.8133,-0.218764
2012_15_DET_ARI,2012,15,REG,DET,ARI,0,77,-31.6891,-0.411547
2012_15_GB_CHI,2012,15,REG,CHI,GB,1,55,-8.1956,-0.149011
2012_15_GB_CHI,2012,15,REG,GB,CHI,0,74,10.1704,0.137438
2012_15_IND_HOU,2012,15,REG,HOU,IND,1,68,7.9034,0.116227
2012_15_IND_HOU,2012,15,REG,IND,HOU,0,60,-3.4021,-0.056702
2012_15_JAX_MIA,2012,15,REG,JAX,MIA,0,63,-10.0118,-0.158918
2012_15_JAX_MIA,2012,15,REG,MIA,JAX,1,69,11.7652,0.17051
2012_15_KC_OAK,2012,15,REG,KC,LV,0,49,-25.6624,-0.523723
2012_15_KC_OAK,2012,15,REG,LV,KC,1,77,-7.1713,-0.093134
2012_15_MIN_STL,2012,15,REG,LA,MIN,1,81,-5.1257,-0.063281
2012_15_MIN_STL,2012,15,REG,MIN,LA,0,57,2.7413,0.048093
2012_15_NYG_ATL,2012,15,REG,ATL,NYG,1,65,17.2349,0.265152
2012_15_NYG_ATL,2012,15,REG,NYG,ATL,0,48,-19.1522,-0.399004
2012_15_NYJ_TEN,2012,15,REG,NYJ,TEN,0,68,-15.1089,-0.22219
2012_15_NYJ_TEN,2012,15,REG,TEN,NYJ,1,58,-5.6432,-0.097297
2012_15_PIT_DAL,2012,15,REG,DAL,PIT,1,65,7.4778,0.115043
2012_15_PIT_DAL,2012,15,REG,PIT,DAL,0,60,5.6588,0.094314
2012_15_SEA_BUF,2012,15,REG,BUF,SEA,1,66,-18.0706,-0.273797
2012_15_SEA_BUF,2012,15,REG,SEA,BUF,0,59,26.1386,0.443027
2012_15_SF_NE,2012,15,REG,NE,SF,1,92,-6.8388,-0.074334
2012_15_SF_NE,2012,15,REG,SF,NE,0,69,0.196,0.002841
2012_15_TB_NO,2012,15,REG,NO,TB,1,69,17.8469,0.258651
2012_15_TB_NO,2012,15,REG,TB,NO,0,74,-23.616,-0.319135
2012_15_WAS_CLE,2012,15,REG,CLE,WAS,1,53,-11.1742,-0.210834
2012_15_WAS_CLE,2012,15,REG,WAS,CLE,0,74,15.7462,0.212786
2012_16_ATL_DET,2012,16,REG,ATL,DET,0,56,12.6095,0.22517
2012_16_ATL_DET,2012,16,REG,DET,ATL,1,78,-5.1701,-0.066283
2012_16_BUF_MIA,2012,16,REG,BUF,MIA,0,68,-5.1607,-0.075893
2012_16_BUF_MIA,2012,16,REG,MIA,BUF,1,62,6.8289,0.110144
2012_16_CHI_ARI,2012,16,REG,ARI,CHI,1,75,-38.8782,-0.518376
2012_16_CHI_ARI,2012,16,REG,CHI,ARI,0,59,-2.734,-0.04634
2012_16_CIN_PIT,2012,16,REG,CIN,PIT,0,65,-13.1582,-0.202434
2012_16_CIN_PIT,2012,16,REG,PIT,CIN,1,63,-15.9823,-0.253687
2012_16_CLE_DEN,2012,16,REG,CLE,DEN,0,63,-2.1047,-0.033408
2012_16_CLE_DEN,2012,16,REG,DEN,CLE,1,81,17.116,0.211308
2012_16_IND_KC,2012,16,REG,IND,KC,0,64,-0.346,-0.005406
2012_16_IND_KC,2012,16,REG,KC,IND,1,71,-2.7445,-0.038656
2012_16_MIN_HOU,2012,16,REG,HOU,MIN,1,55,-15.4539,-0.280979
2012_16_MIN_HOU,2012,16,REG,MIN,HOU,0,71,5.0419,0.071012
2012_16_NE_JAX,2012,16,REG,JAX,NE,1,77,-2.9355,-0.038123
2012_16_NE_JAX,2012,16,REG,NE,JAX,0,73,3.9483,0.054087
2012_16_NO_DAL,2012,16,REG,DAL,NO,1,56,10.7834,0.19256
2012_16_NO_DAL,2012,16,REG,NO,DAL,0,94,25.9946,0.276538
2012_16_NYG_BAL,2012,16,REG,BAL,NYG,1,81,20.9177,0.258243
2012_16_NYG_BAL,2012,16,REG,NYG,BAL,0,48,-0.8918,-0.018578
2012_16_OAK_CAR,2012,16,REG,CAR,LV,1,60,2.6037,0.043395
2012_16_OAK_CAR,2012,16,REG,LV,CAR,0,62,-17.5263,-0.282682
2012_16_SD_NYJ,2012,16,REG,LAC,NYJ,0,57,0.1607,0.002819
2012_16_SD_NYJ,2012,16,REG,NYJ,LAC,1,61,-14.3665,-0.235517
2012_16_SF_SEA,2012,16,REG,SEA,SF,1,61,19.7729,0.324146
2012_16_SF_SEA,2012,16,REG,SF,SEA,0,57,-0.0136,-0.000239
2012_16_STL_TB,2012,16,REG,LA,TB,0,53,3.3585,0.063367
2012_16_STL_TB,2012,16,REG,TB,LA,1,81,-19.4038,-0.239553
2012_16_TEN_GB,2012,16,REG,GB,TEN,1,75,21.2382,0.283175
2012_16_TEN_GB,2012,16,REG,TEN,GB,0,59,-25.115,-0.425678
2012_16_WAS_PHI,2012,16,REG,PHI,WAS,1,76,-2.1417,-0.02818
2012_16_WAS_PHI,2012,16,REG,WAS,PHI,0,52,8.66,0.166539
2012_17_ARI_SF,2012,17,REG,ARI,SF,0,55,-8.6639,-0.157526
2012_17_ARI_SF,2012,17,REG,SF,ARI,1,65,12.5766,0.193487
2012_17_BAL_CIN,2012,17,REG,BAL,CIN,0,86,-6.2985,-0.073238
2012_17_BAL_CIN,2012,17,REG,CIN,BAL,1,49,-7.7603,-0.158374
2012_17_CAR_NO,2012,17,REG,CAR,NO,0,75,21.8862,0.291816
2012_17_CAR_NO,2012,17,REG,NO,CAR,1,64,9.9669,0.155733
2012_17_CHI_DET,2012,17,REG,CHI,DET,0,66,3.1633,0.047929
2012_17_CHI_DET,2012,17,REG,DET,CHI,1,63,-6.2554,-0.099293
2012_17_CLE_PIT,2012,17,REG,CLE,PIT,0,64,-7.0844,-0.110693
2012_17_CLE_PIT,2012,17,REG,PIT,CLE,1,55,2.1038,0.038252
2012_17_DAL_WAS,2012,17,REG,DAL,WAS,0,62,-2.49,-0.040161
2012_17_DAL_WAS,2012,17,REG,WAS,DAL,1,62,13.34,0.215161
2012_17_GB_MIN,2012,17,REG,GB,MIN,0,63,17.7045,0.281024
2012_17_GB_MIN,2012,17,REG,MIN,GB,1,69,16.9978,0.246345
2012_17_HOU_IND,2012,17,REG,HOU,IND,0,61,5.7346,0.09401
2012_17_HOU_IND,2012,17,REG,IND,HOU,1,65,7.6274,0.117344
2012_17_JAX_TEN,2012,17,REG,JAX,TEN,0,74,-17.148,-0.23173
2012_17_JAX_TEN,2012,17,REG,TEN,JAX,1,54,-12.5996,-0.233326
2012_17_KC_DEN,2012,17,REG,DEN,KC,1,74,21.6183,0.292139
2012_17_KC_DEN,2012,17,REG,KC,DEN,0,49,-13.4549,-0.27459
2012_17_MIA_NE,2012,17,REG,MIA,NE,0,59,-12.9515,-0.219517
2012_17_MIA_NE,2012,17,REG,NE,MIA,1,77,16.8436,0.218749
2012_17_NYJ_BUF,2012,17,REG,BUF,NYJ,1,58,2.5343,0.043695
2012_17_NYJ_BUF,2012,17,REG,NYJ,BUF,0,74,-16.7766,-0.226711
2012_17_OAK_SD,2012,17,REG,LAC,LV,1,52,0.5726,0.011011
2012_17_OAK_SD,2012,17,REG,LV,LAC,0,64,1.566,0.024469
2012_17_PHI_NYG,2012,17,REG,NYG,PHI,1,60,31.4825,0.524709
2012_17_PHI_NYG,2012,17,REG,PHI,NYG,0,66,-5.8505,-0.088644
2012_17_STL_SEA,2012,17,REG,LA,SEA,0,64,4.8431,0.075673
2012_17_STL_SEA,2012,17,REG,SEA,LA,1,57,7.5558,0.132558
2012_17_TB_ATL,2012,17,REG,ATL,TB,1,63,-5.9112,-0.093829
2012_17_TB_ATL,2012,17,REG,TB,ATL,0,68,-2.407,-0.035397
2012_18_CIN_HOU,2012,18,POST,CIN,HOU,0,49,-12.2819,-0.250652
2012_18_CIN_HOU,2012,18,POST,HOU,CIN,1,76,-1.6205,-0.021323
2012_18_IND_BAL,2012,18,POST,BAL,IND,1,55,8.344,0.151709
2012_18_IND_BAL,2012,18,POST,IND,BAL,0,90,-3.9639,-0.044043
2012_18_MIN_GB,2012,18,POST,GB,MIN,1,68,1.8579,0.027322
2012_18_MIN_GB,2012,18,POST,MIN,GB,0,61,-6.6229,-0.108572
2012_18_SEA_WAS,2012,18,POST,SEA,WAS,0,70,6.8738,0.098197
2012_18_SEA_WAS,2012,18,POST,WAS,SEA,1,55,-8.9311,-0.162383
2012_19_BAL_DEN,2012,19,POST,BAL,DEN,0,80,11.9225,0.149032
2012_19_BAL_DEN,2012,19,POST,DEN,BAL,1,93,-2.7158,-0.029202
2012_19_GB_SF,2012,19,POST,GB,SF,0,58,15.152,0.261241
2012_19_GB_SF,2012,19,POST,SF,GB,1,76,22.0861,0.290606
2012_19_HOU_NE,2012,19,POST,HOU,NE,0,78,5.6765,0.072776
2012_19_HOU_NE,2012,19,POST,NE,HOU,1,66,18.6044,0.281885
2012_19_SEA_ATL,2012,19,POST,ATL,SEA,1,62,13.1265,0.211717
2012_19_SEA_ATL,2012,19,POST,SEA,ATL,0,66,14.1654,0.214627
2012_20_BAL_NE,2012,20,POST,BAL,NE,0,73,15.386,0.210767
2012_20_BAL_NE,2012,20,POST,NE,BAL,1,81,-4.8082,-0.059361
2012_20_SF_ATL,2012,20,POST,ATL,SF,1,67,8.2244,0.122753
2012_20_SF_ATL,2012,20,POST,SF,ATL,0,53,18.4289,0.347714
2012_21_BAL_SF,2012,21,POST,BAL,SF,0,73,5.0952,0.069798
2012_21_BAL_SF,2012,21,POST,SF,BAL,1,62,6.8446,0.110397
2013_01_ARI_STL,2013,1,REG,ARI,LA,0,71,2.7625,0.038908
2013_01_ARI_STL,2013,1,REG,LA,ARI,1,67,-0.8449,-0.012611
2013_01_ATL_NO,2013,1,REG,ATL,NO,0,56,-2.7114,-0.048418
2013_01_ATL_NO,2013,1,REG,NO,ATL,1,67,0.4174,0.00623
2013_01_BAL_DEN,2013,1,REG,BAL,DEN,0,89,-1.1941,-0.013417
2013_01_BAL_DEN,2013,1,REG,DEN,BAL,1,69,22.4596,0.325502
2013_01_CIN_CHI,2013,1,REG,CHI,CIN,1,61,4.41,0.072296
2013_01_CIN_CHI,2013,1,REG,CIN,CHI,0,57,5.5014,0.096516
2013_01_GB_SF,2013,1,REG,GB,SF,0,61,6.8253,0.11189
2013_01_GB_SF,2013,1,REG,SF,GB,1,77,16.7378,0.217373
2013_01_HOU_SD,2013,1,REG,HOU,LAC,0,77,8.1323,0.105615
2013_01_HOU_SD,2013,1,REG,LAC,HOU,1,53,1.9934,0.037611
2013_01_KC_JAX,2013,1,REG,JAX,KC,1,71,-35.6738,-0.502448
2013_01_KC_JAX,2013,1,REG,KC,JAX,0,61,-0.8283,-0.013579
2013_01_MIA_CLE,2013,1,REG,CLE,MIA,1,78,-15.4965,-0.198674
2013_01_MIA_CLE,2013,1,REG,MIA,CLE,0,65,-2.0702,-0.03185
2013_01_MIN_DET,2013,1,REG,DET,MIN,1,79,5.7438,0.072707
2013_01_MIN_DET,2013,1,REG,MIN,DET,0,54,-5.331,-0.098723
2013_01_NE_BUF,2013,1,REG,BUF,NE,1,63,-8.8076,-0.139803
2013_01_NE_BUF,2013,1,REG,NE,BUF,0,89,-9.3505,-0.105062
2013_01_NYG_DAL,2013,1,REG,DAL,NYG,1,76,-11.0741,-0.145712
2013_01_NYG_DAL,2013,1,REG,NYG,DAL,0,59,-6.5918,-0.111725
2013_01_OAK_IND,2013,1,REG,IND,LV,1,53,9.0767,0.171259
2013_01_OAK_IND,2013,1,REG,LV,IND,0,63,13.6524,0.216704
2013_01_PHI_WAS,2013,1,REG,PHI,WAS,0,78,-1.8956,-0.024303
2013_01_PHI_WAS,2013,1,REG,WAS,PHI,1,75,-5.0513,-0.067351
2013_01_SEA_CAR,2013,1,REG,CAR,SEA,1,52,1.6441,0.031616
2013_01_SEA_CAR,2013,1,REG,SEA,CAR,0,62,3.9447,0.063624
2013_01_TB_NYJ,2013,1,REG,NYJ,TB,1,74,-8.1012,-0.109476
2013_01_TB_NYJ,2013,1,REG,TB,NYJ,0,62,-5.225,-0.084274
2013_01_TEN_PIT,2013,1,REG,PIT,TEN,1,53,-11.4858,-0.216713
2013_01_TEN_PIT,2013,1,REG,TEN,PIT,0,65,-3.2324,-0.049729
2013_02_CAR_BUF,2013,2,REG,BUF,CAR,1,74,4.8235,0.065182
2013_02_CAR_BUF,2013,2,REG,CAR,BUF,0,79,-0.0405,-0.000512
2013_02_CLE_BAL,2013,2,REG,BAL,CLE,1,69,-1.6062,-0.023278
2013_02_CLE_BAL,2013,2,REG,CLE,BAL,0,63,-10.3797,-0.164757
2013_02_DAL_KC,2013,2,REG,DAL,KC,0,63,-3.3437,-0.053075
2013_02_DAL_KC,2013,2,REG,KC,DAL,1,65,1.3082,0.020126
2013_02_DEN_NYG,2013,2,REG,DEN,NYG,0,71,11.0969,0.156294
2013_02_DEN_NYG,2013,2,REG,NYG,DEN,1,79,-2.4379,-0.030859
2013_02_DET_ARI,2013,2,REG,ARI,DET,1,69,-4.6925,-0.068008
2013_02_DET_ARI,2013,2,REG,DET,ARI,0,59,-2.9386,-0.049807
2013_02_JAX_OAK,2013,2,REG,JAX,LV,0,68,-8.8518,-0.130173
2013_02_JAX_OAK,2013,2,REG,LV,JAX,1,62,-3.4711,-0.055986
2013_02_MIA_IND,2013,2,REG,IND,MIA,1,73,3.9984,0.054773
2013_02_MIA_IND,2013,2,REG,MIA,IND,0,64,3.9064,0.061037
2013_02_MIN_CHI,2013,2,REG,CHI,MIN,1,65,-4.5004,-0.069237
2013_02_MIN_CHI,2013,2,REG,MIN,CHI,0,64,-3.7304,-0.058288
2013_02_NO_TB,2013,2,REG,NO,TB,0,72,-6.5313,-0.090712
2013_02_NO_TB,2013,2,REG,TB,NO,1,59,-8.0909,-0.137134
2013_02_NYJ_NE,2013,2,REG,NE,NYJ,1,64,-14.1109,-0.220483
2013_02_NYJ_NE,2013,2,REG,NYJ,NE,0,71,-16.0691,-0.226325
2013_02_PIT_CIN,2013,2,REG,CIN,PIT,1,82,4.4015,0.053676
2013_02_PIT_CIN,2013,2,REG,PIT,CIN,0,56,-11.2892,-0.201593
2013_02_SD_PHI,2013,2,REG,LAC,PHI,0,82,23.4852,0.286405
2013_02_SD_PHI,2013,2,REG,PHI,LAC,1,59,19.8753,0.336869
2013_02_SF_SEA,2013,2,REG,SEA,SF,1,74,-1.987,-0.026852
2013_02_SF_SEA,2013,2,REG,SF,SEA,0,53,-25.6608,-0.484165
2013_02_STL_ATL,2013,2,REG,ATL,LA,1,64,5.3995,0.084367
2013_02_STL_ATL,2013,2,REG,LA,ATL,0,76,4.4461,0.058501
2013_02_TEN_HOU,2013,2,REG,HOU,TEN,1,82,-2.0239,-0.024681
2013_02_TEN_HOU,2013,2,REG,TEN,HOU,0,70,-6.7526,-0.096466
2013_02_WAS_GB,2013,2,REG,GB,WAS,1,69,23.7167,0.343721
2013_02_WAS_GB,2013,2,REG,WAS,GB,0,60,10.6174,0.176956
2013_03_ARI_NO,2013,3,REG,ARI,NO,0,58,-12.6234,-0.217644
2013_03_ARI_NO,2013,3,REG,NO,ARI,1,72,14.3841,0.199779
2013_03_ATL_MIA,2013,3,REG,ATL,MIA,0,71,11.9627,0.168489
2013_03_ATL_MIA,2013,3,REG,MIA,ATL,1,55,-1.2685,-0.023064
2013_03_BUF_NYJ,2013,3,REG,BUF,NYJ,0,85,-8.1397,-0.095761
2013_03_BUF_NYJ,2013,3,REG,NYJ,BUF,1,78,1.3029,0.016704
2013_03_CHI_PIT,2013,3,REG,CHI,PIT,0,59,7.9551,0.134831
2013_03_CHI_PIT,2013,3,REG,PIT,CHI,1,66,-20.9635,-0.317629
2013_03_CLE_MIN,2013,3,REG,CLE,MIN,0,75,-3.3926,-0.045234
2013_03_CLE_MIN,2013,3,REG,MIN,CLE,1,79,-11.5032,-0.145611
2013_03_DET_WAS,2013,3,REG,DET,WAS,0,67,10.5515,0.157485
2013_03_DET_WAS,2013,3,REG,WAS,DET,1,77,-0.6275,-0.008149
2013_03_GB_CIN,2013,3,REG,CIN,GB,1,54,-7.6541,-0.141743
2013_03_GB_CIN,2013,3,REG,GB,CIN,0,81,-7.1736,-0.088563
2013_03_HOU_BAL,2013,3,REG,BAL,HOU,1,63,1.5083,0.023941
2013_03_HOU_BAL,2013,3,REG,HOU,BAL,0,65,-14.7021,-0.226186
2013_03_IND_SF,2013,3,REG,IND,SF,0,71,13.915,0.195986
2013_03_IND_SF,2013,3,REG,SF,IND,1,52,-9.0352,-0.173754
2013_03_JAX_SEA,2013,3,REG,JAX,SEA,0,66,-15.5704,-0.235915
2013_03_JAX_SEA,2013,3,REG,SEA,JAX,1,66,14.8513,0.22502
2013_03_KC_PHI,2013,3,REG,KC,PHI,0,79,-2.4399,-0.030885
2013_03_KC_PHI,2013,3,REG,PHI,KC,1,66,-10.9063,-0.165247
2013_03_NYG_CAR,2013,3,REG,CAR,NYG,1,74,10.3632,0.140044
2013_03_NYG_CAR,2013,3,REG,NYG,CAR,0,53,-25.528,-0.48166
2013_03_OAK_DEN,2013,3,REG,DEN,LV,1,74,18.3052,0.247368
2013_03_OAK_DEN,2013,3,REG,LV,DEN,0,54,5.0397,0.093328
2013_03_SD_TEN,2013,3,REG,LAC,TEN,0,59,7.4821,0.126816
2013_03_SD_TEN,2013,3,REG,TEN,LAC,1,69,9.1302,0.132322
2013_03_STL_DAL,2013,3,REG,DAL,LA,1,62,13.5329,0.218272
2013_03_STL_DAL,2013,3,REG,LA,DAL,0,71,-20.6673,-0.291088
2013_03_TB_NE,2013,3,REG,NE,TB,1,72,3.7183,0.051642
2013_03_TB_NE,2013,3,REG,TB,NE,0,69,-10.0005,-0.144935
2013_04_ARI_TB,2013,4,REG,ARI,TB,0,60,-11.7942,-0.19657
2013_04_ARI_TB,2013,4,REG,TB,ARI,1,76,-16.256,-0.213894
2013_04_BAL_BUF,2013,4,REG,BAL,BUF,0,65,-18.6046,-0.286225
2013_04_BAL_BUF,2013,4,REG,BUF,BAL,1,79,-15.8763,-0.200966
2013_04_CHI_DET,2013,4,REG,CHI,DET,0,72,-4.2796,-0.059439
2013_04_CHI_DET,2013,4,REG,DET,CHI,1,63,-3.4654,-0.055006
2013_04_CIN_CLE,2013,4,REG,CIN,CLE,0,68,-12.0014,-0.176491
2013_04_CIN_CLE,2013,4,REG,CLE,CIN,1,69,4.0022,0.058004
2013_04_DAL_SD,2013,4,REG,DAL,LAC,0,59,2.6193,0.044394
2013_04_DAL_SD,2013,4,REG,LAC,DAL,1,72,10.4547,0.145205
2013_04_IND_JAX,2013,4,REG,IND,JAX,0,76,14.3865,0.189296
2013_04_IND_JAX,2013,4,REG,JAX,IND,1,56,-26.4169,-0.471731
2013_04_MIA_NO,2013,4,REG,MIA,NO,0,59,-6.6823,-0.11326
2013_04_MIA_NO,2013,4,REG,NO,MIA,1,64,14.8309,0.231733
2013_04_NE_ATL,2013,4,REG,ATL,NE,1,76,3.0109,0.039618
2013_04_NE_ATL,2013,4,REG,NE,ATL,0,63,17.4857,0.277551
2013_04_NYG_KC,2013,4,REG,KC,NYG,1,72,-2.3795,-0.033049
2013_04_NYG_KC,2013,4,REG,NYG,KC,0,63,-15.9197,-0.252693
2013_04_NYJ_TEN,2013,4,REG,NYJ,TEN,0,66,-18.7335,-0.283841
2013_04_NYJ_TEN,2013,4,REG,TEN,NYJ,1,65,5.3494,0.082298
2013_04_PHI_DEN,2013,4,REG,DEN,PHI,1,72,25.8591,0.359154
2013_04_PHI_DEN,2013,4,REG,PHI,DEN,0,70,12.5487,0.179267
2013_04_PIT_MIN,2013,4,REG,MIN,PIT,1,51,20.0308,0.392761
2013_04_PIT_MIN,2013,4,REG,PIT,MIN,0,76,15.2115,0.200151
2013_04_SEA_HOU,2013,4,REG,HOU,SEA,1,91,-9.6742,-0.10631
2013_04_SEA_HOU,2013,4,REG,SEA,HOU,0,60,-8.3306,-0.138844
2013_04_SF_STL,2013,4,REG,LA,SF,1,64,-23.8146,-0.372104
2013_04_SF_STL,2013,4,REG,SF,LA,0,69,2.2808,0.033055
2013_04_WAS_OAK,2013,4,REG,LV,WAS,1,67,-23.0935,-0.344679
2013_04_WAS_OAK,2013,4,REG,WAS,LV,0,66,-4.4458,-0.06736
2013_05_BAL_MIA,2013,5,REG,BAL,MIA,0,76,1.5685,0.020638
2013_05_BAL_MIA,2013,5,REG,MIA,BAL,1,57,-7.2363,-0.126952
2013_05_BUF_CLE,2013,5,REG,BUF,CLE,0,77,-2.2701,-0.029481
2013_05_BUF_CLE,2013,5,REG,CLE,BUF,1,66,-3.445,-0.052197
2013_05_CAR_ARI,2013,5,REG,ARI,CAR,1,59,-8.2624,-0.140041
2013_05_CAR_ARI,2013,5,REG,CAR,ARI,0,68,-22.5581,-0.331737
2013_05_DEN_DAL,2013,5,REG,DAL,DEN,1,57,25.9024,0.454428
2013_05_DEN_DAL,2013,5,REG,DEN,DAL,0,77,29.6346,0.384865
2013_05_DET_GB,2013,5,REG,DET,GB,0,66,-2.9712,-0.045019
2013_05_DET_GB,2013,5,REG,GB,DET,1,66,12.6654,0.1919
2013_05_HOU_SF,2013,5,REG,HOU,SF,0,75,-20.9316,-0.279088
2013_05_HOU_SF,2013,5,REG,SF,HOU,1,50,7.6477,0.152955
2013_05_JAX_STL,2013,5,REG,JAX,LA,0,60,-17.5198,-0.291996
2013_05_JAX_STL,2013,5,REG,LA,JAX,1,70,3.0199,0.043141
2013_05_KC_TEN,2013,5,REG,KC,TEN,0,70,-6.1822,-0.088318
2013_05_KC_TEN,2013,5,REG,TEN,KC,1,68,-8.1691,-0.120134
2013_05_NE_CIN,2013,5,REG,CIN,NE,1,68,-1.5978,-0.023497
2013_05_NE_CIN,2013,5,REG,NE,CIN,0,62,-11.7038,-0.188771
2013_05_NO_CHI,2013,5,REG,CHI,NO,1,56,2.3223,0.04147
2013_05_NO_CHI,2013,5,REG,NO,CHI,0,66,8.1265,0.123129
2013_05_NYJ_ATL,2013,5,REG,ATL,NYJ,1,77,5.3,0.068831
2013_05_NYJ_ATL,2013,5,REG,NYJ,ATL,0,46,9.6115,0.208946
2013_05_PHI_NYG,2013,5,REG,NYG,PHI,1,73,-6.8349,-0.093629
2013_05_PHI_NYG,2013,5,REG,PHI,NYG,0,80,12.9296,0.16162
2013_05_SD_OAK,2013,5,REG,LAC,LV,0,72,1.2257,0.017023
2013_05_SD_OAK,2013,5,REG,LV,LAC,1,56,2.4694,0.044096
2013_05_SEA_IND,2013,5,REG,IND,SEA,1,63,8.8753,0.140878
2013_05_SEA_IND,2013,5,REG,SEA,IND,0,69,12.3446,0.178907
2013_06_ARI_SF,2013,6,REG,ARI,SF,0,66,-6.0107,-0.091071
2013_06_ARI_SF,2013,6,REG,SF,ARI,1,69,-2.0637,-0.029909
2013_06_CAR_MIN,2013,6,REG,CAR,MIN,0,67,22.5808,0.337026
2013_06_CAR_MIN,2013,6,REG,MIN,CAR,1,62,-9.5673,-0.154312
2013_06_CIN_BUF,2013,6,REG,BUF,CIN,1,68,3.5112,0.051635
2013_06_CIN_BUF,2013,6,REG,CIN,BUF,0,84,16.3382,0.194502
2013_06_DET_CLE,2013,6,REG,CLE,DET,1,67,-1.0338,-0.01543
2013_06_DET_CLE,2013,6,REG,DET,CLE,0,74,15.3768,0.207795
2013_06_GB_BAL,2013,6,REG,BAL,GB,1,66,-7.1694,-0.108627
2013_06_GB_BAL,2013,6,REG,GB,BAL,0,66,2.8204,0.042733
2013_06_IND_SD,2013,6,REG,IND,LAC,0,48,-2.2252,-0.046359
2013_06_IND_SD,2013,6,REG,LAC,IND,1,75,6.8466,0.091288
2013_06_JAX_DEN,2013,6,REG,DEN,JAX,1,73,8.7707,0.120146
2013_06_JAX_DEN,2013,6,REG,JAX,DEN,0,74,-8.0148,-0.108308
2013_06_NO_NE,2013,6,REG,NE,NO,1,86,3.2348,0.037615
2013_06_NO_NE,2013,6,REG,NO,NE,0,65,7.2828,0.112043
2013_06_NYG_CHI,2013,6,REG,CHI,NYG,1,68,7.0488,0.103659
2013_06_NYG_CHI,2013,6,REG,NYG,CHI,0,54,3.8573,0.071432
2013_06_OAK_KC,2013,6,REG,KC,LV,1,63,-9.2148,-0.146267
2013_06_OAK_KC,2013,6,REG,LV,KC,0,74,-20.0825,-0.271385
2013_06_PHI_TB,2013,6,REG,PHI,TB,0,67,15.0624,0.224813
2013_06_PHI_TB,2013,6,REG,TB,PHI,1,72,-3.3163,-0.046059
2013_06_PIT_NYJ,2013,6,REG,NYJ,PIT,1,58,-14.7457,-0.254236
2013_06_PIT_NYJ,2013,6,REG,PIT,NYJ,0,65,4.2722,0.065727
2013_06_STL_HOU,2013,6,REG,HOU,LA,1,76,-8.2024,-0.107926
2013_06_STL_HOU,2013,6,REG,LA,HOU,0,42,12.9604,0.308581
2013_06_TEN_SEA,2013,6,REG,SEA,TEN,1,65,-2.3552,-0.036233
2013_06_TEN_SEA,2013,6,REG,TEN,SEA,0,53,-9.0082,-0.169967
2013_06_WAS_DAL,2013,6,REG,DAL,WAS,1,54,-2.7235,-0.050436
2013_06_WAS_DAL,2013,6,REG,WAS,DAL,0,78,-0.0113,-0.000144
2013_07_BAL_PIT,2013,7,REG,BAL,PIT,0,63,7.762,0.123206
2013_07_BAL_PIT,2013,7,REG,PIT,BAL,1,56,5.5213,0.098595
2013_07_BUF_MIA,2013,7,REG,BUF,MIA,0,66,-4.1863,-0.063429
2013_07_BUF_MIA,2013,7,REG,MIA,BUF,1,66,-8.6313,-0.130777
2013_07_CHI_WAS,2013,7,REG,CHI,WAS,0,54,10.9063,0.201969
2013_07_CHI_WAS,2013,7,REG,WAS,CHI,1,75,18.1025,0.241367
2013_07_CIN_DET,2013,7,REG,CIN,DET,0,57,17.6068,0.308891
2013_07_CIN_DET,2013,7,REG,DET,CIN,1,78,13.6117,0.174509
2013_07_CLE_GB,2013,7,REG,CLE,GB,0,71,-9.975,-0.140492
2013_07_CLE_GB,2013,7,REG,GB,CLE,1,70,15.4038,0.220055
2013_07_DAL_PHI,2013,7,REG,DAL,PHI,0,75,0.2708,0.003611
2013_07_DAL_PHI,2013,7,REG,PHI,DAL,1,80,-22.2547,-0.278184
2013_07_DEN_IND,2013,7,REG,DEN,IND,0,77,4.2896,0.055709
2013_07_DEN_IND,2013,7,REG,IND,DEN,1,73,-5.0912,-0.069742
2013_07_HOU_KC,2013,7,REG,HOU,KC,0,56,-3.2146,-0.057404
2013_07_HOU_KC,2013,7,REG,KC,HOU,1,65,1.6289,0.025059
2013_07_MIN_NYG,2013,7,REG,MIN,NYG,0,71,-20.8122,-0.29313
2013_07_MIN_NYG,2013,7,REG,NYG,MIN,1,73,-7.1149,-0.097464
2013_07_NE_NYJ,2013,7,REG,NE,NYJ,0,75,-8.8142,-0.117523
2013_07_NE_NYJ,2013,7,REG,NYJ,NE,1,90,-6.1905,-0.068784
2013_07_SD_JAX,2013,7,REG,JAX,LAC,1,61,-6.2861,-0.103051
2013_07_SD_JAX,2013,7,REG,LAC,JAX,0,68,18.6614,0.274433
2013_07_SEA_ARI,2013,7,REG,ARI,SEA,1,75,-19.1933,-0.25591
2013_07_SEA_ARI,2013,7,REG,SEA,ARI,0,66,2.851,0.043197
2013_07_SF_TEN,2013,7,REG,SF,TEN,0,62,15.4637,0.249414
2013_07_SF_TEN,2013,7,REG,TEN,SF,1,60,2.7246,0.04541
2013_07_STL_CAR,2013,7,REG,CAR,LA,1,55,4.6551,0.084639
2013_07_STL_CAR,2013,7,REG,LA,CAR,0,61,-11.5773,-0.189791
2013_07_TB_ATL,2013,7,REG,ATL,TB,1,43,9.5388,0.221833
2013_07_TB_ATL,2013,7,REG,TB,ATL,0,83,0.1273,0.001534
2013_08_ATL_ARI,2013,8,REG,ARI,ATL,1,54,5.0209,0.09298
2013_08_ATL_ARI,2013,8,REG,ATL,ARI,0,82,-9.3726,-0.1143
2013_08_BUF_NO,2013,8,REG,BUF,NO,0,71,-8.7074,-0.12264
2013_08_BUF_NO,2013,8,REG,NO,BUF,1,67,12.629,0.188493
2013_08_CAR_TB,2013,8,REG,CAR,TB,0,61,13.3931,0.219558
2013_08_CAR_TB,2013,8,REG,TB,CAR,1,70,-10.5597,-0.150853
2013_08_CLE_KC,2013,8,REG,CLE,KC,0,54,5.3083,0.098302
2013_08_CLE_KC,2013,8,REG,KC,CLE,1,72,5.4004,0.075005
2013_08_DAL_DET,2013,8,REG,DAL,DET,0,56,-3.6567,-0.065299
2013_08_DAL_DET,2013,8,REG,DET,DAL,1,79,-0.1121,-0.001419
2013_08_GB_MIN,2013,8,REG,GB,MIN,0,74,28.6331,0.386934
2013_08_GB_MIN,2013,8,REG,MIN,GB,1,47,12.0144,0.255625
2013_08_MIA_NE,2013,8,REG,MIA,NE,0,80,-0.6092,-0.007614
2013_08_MIA_NE,2013,8,REG,NE,MIA,1,63,-0.9927,-0.015757
2013_08_NYG_PHI,2013,8,REG,NYG,PHI,0,74,-9.5253,-0.128721
2013_08_NYG_PHI,2013,8,REG,PHI,NYG,1,61,-18.9248,-0.310242
2013_08_NYJ_CIN,2013,8,REG,CIN,NYJ,1,57,17.2634,0.302867
2013_08_NYJ_CIN,2013,8,REG,NYJ,CIN,0,67,-24.2835,-0.362441
2013_08_PIT_OAK,2013,8,REG,LV,PIT,1,58,-9.6893,-0.167056
2013_08_PIT_OAK,2013,8,REG,PIT,LV,0,70,-5.8291,-0.083272
2013_08_SEA_STL,2013,8,REG,LA,SEA,1,76,-12.9058,-0.169813
2013_08_SEA_STL,2013,8,REG,SEA,LA,0,44,-10.1553,-0.230802
2013_08_SF_JAX,2013,8,REG,JAX,SF,1,73,-7.0014,-0.095909
2013_08_SF_JAX,2013,8,REG,SF,JAX,0,57,26.4238,0.463576
2013_08_WAS_DEN,2013,8,REG,DEN,WAS,1,77,2.5311,0.032872
2013_08_WAS_DEN,2013,8,REG,WAS,DEN,0,71,-25.6637,-0.36146
2013_09_ATL_CAR,2013,9,REG,ATL,CAR,0,49,-11.3536,-0.231707
2013_09_ATL_CAR,2013,9,REG,CAR,ATL,1,74,9.5666,0.129278
2013_09_BAL_CLE,2013,9,REG,BAL,CLE,0,71,-2.3635,-0.033289
2013_09_BAL_CLE,2013,9,REG,CLE,BAL,1,70,0.8854,0.012649
2013_09_CHI_GB,2013,9,REG,CHI,GB,0,77,13.6185,0.176864
2013_09_CHI_GB,2013,9,REG,GB,CHI,1,55,-2.8834,-0.052426
2013_09_CIN_MIA,2013,9,REG,CIN,MIA,0,91,-2.7773,-0.03052
2013_09_CIN_MIA,2013,9,REG,MIA,CIN,1,63,-2.1321,-0.033843
2013_09_IND_HOU,2013,9,REG,HOU,IND,1,67,12.1764,0.181737
2013_09_IND_HOU,2013,9,REG,IND,HOU,0,63,11.1928,0.177663
2013_09_KC_BUF,2013,9,REG,BUF,KC,1,80,-11.7612,-0.147015
2013_09_KC_BUF,2013,9,REG,KC,BUF,0,55,-5.3805,-0.097827
2013_09_MIN_DAL,2013,9,REG,DAL,MIN,1,65,2.004,0.030831
2013_09_MIN_DAL,2013,9,REG,MIN,DAL,0,70,2.2356,0.031937
2013_09_NO_NYJ,2013,9,REG,NO,NYJ,0,72,4.3634,0.060603
2013_09_NO_NYJ,2013,9,REG,NYJ,NO,1,60,1.8745,0.031242
2013_09_PHI_OAK,2013,9,REG,LV,PHI,1,95,-1.2867,-0.013545
2013_09_PHI_OAK,2013,9,REG,PHI,LV,0,57,33.9264,0.595201
2013_09_PIT_NE,2013,9,REG,NE,PIT,1,75,30.8708,0.41161
2013_09_PIT_NE,2013,9,REG,PIT,NE,0,74,5.6157,0.075888
2013_09_SD_WAS,2013,9,REG,LAC,WAS,0,64,9.1861,0.143533
2013_09_SD_WAS,2013,9,REG,WAS,LAC,1,74,17.9819,0.242998
2013_09_TB_SEA,2013,9,REG,SEA,TB,1,62,16.0645,0.259104
2013_09_TB_SEA,2013,9,REG,TB,SEA,0,69,13.2883,0.192584
2013_09_TEN_STL,2013,9,REG,LA,TEN,1,69,1.0521,0.015247
2013_09_TEN_STL,2013,9,REG,TEN,LA,0,61,8.5695,0.140483
2013_10_BUF_PIT,2013,10,REG,BUF,PIT,0,67,-12.8877,-0.192354
2013_10_BUF_PIT,2013,10,REG,PIT,BUF,1,68,-8.6985,-0.127919
2013_10_CAR_SF,2013,10,REG,CAR,SF,0,65,-9.7917,-0.150642
2013_10_CAR_SF,2013,10,REG,SF,CAR,1,53,-19.4546,-0.367068
2013_10_CIN_BAL,2013,10,REG,BAL,CIN,1,74,-15.8155,-0.213723
2013_10_CIN_BAL,2013,10,REG,CIN,BAL,0,87,-13.3371,-0.1533
2013_10_DAL_NO,2013,10,REG,DAL,NO,0,45,-3.1883,-0.07085
2013_10_DAL_NO,2013,10,REG,NO,DAL,1,81,42.3652,0.523027
2013_10_DEN_SD,2013,10,REG,DEN,LAC,0,60,12.681,0.21135
2013_10_DEN_SD,2013,10,REG,LAC,DEN,1,73,5.8385,0.07998
2013_10_DET_CHI,2013,10,REG,CHI,DET,1,75,-2.7674,-0.036899
2013_10_DET_CHI,2013,10,REG,DET,CHI,0,61,6.3345,0.103844
2013_10_HOU_ARI,2013,10,REG,ARI,HOU,1,64,-5.6736,-0.088651
2013_10_HOU_ARI,2013,10,REG,HOU,ARI,0,68,-10.3643,-0.152416
2013_10_JAX_TEN,2013,10,REG,JAX,TEN,0,60,-11.229,-0.18715
2013_10_JAX_TEN,2013,10,REG,TEN,JAX,1,73,-11.2787,-0.154503
2013_10_MIA_TB,2013,10,REG,MIA,TB,0,59,-3.1227,-0.052928
2013_10_MIA_TB,2013,10,REG,TB,MIA,1,64,-3.5265,-0.055102
2013_10_OAK_NYG,2013,10,REG,LV,NYG,0,57,-19.2225,-0.337237
2013_10_OAK_NYG,2013,10,REG,NYG,LV,1,62,-11.2922,-0.182132
2013_10_PHI_GB,2013,10,REG,GB,PHI,1,79,-3.4781,-0.044026
2013_10_PHI_GB,2013,10,REG,PHI,GB,0,59,14.2114,0.240871
2013_10_SEA_ATL,2013,10,REG,ATL,SEA,1,57,-3.4587,-0.060679
2013_10_SEA_ATL,2013,10,REG,SEA,ATL,0,69,24.187,0.350536
2013_10_STL_IND,2013,10,REG,IND,LA,1,73,-23.5317,-0.322351
2013_10_STL_IND,2013,10,REG,LA,IND,0,54,4.9624,0.091897
2013_10_WAS_MIN,2013,10,REG,MIN,WAS,1,50,13.0673,0.261346
2013_10_WAS_MIN,2013,10,REG,WAS,MIN,0,78,15.7865,0.202391
2013_11_ARI_JAX,2013,11,REG,ARI,JAX,0,66,11.162,0.169121
2013_11_ARI_JAX,2013,11,REG,JAX,ARI,1,61,-12.1111,-0.198542
2013_11_ATL_TB,2013,11,REG,ATL,TB,0,72,5.5131,0.076571
2013_11_ATL_TB,2013,11,REG,TB,ATL,1,69,9.985,0.14471
2013_11_BAL_CHI,2013,11,REG,BAL,CHI,0,78,-3.5813,-0.045914
2013_11_BAL_CHI,2013,11,REG,CHI,BAL,1,61,3.1375,0.051435
2013_11_CLE_CIN,2013,11,REG,CIN,CLE,1,59,-22.3785,-0.379297
2013_11_CLE_CIN,2013,11,REG,CLE,CIN,0,80,-27.4178,-0.342722
2013_11_DET_PIT,2013,11,REG,DET,PIT,0,73,-1.1751,-0.016097
2013_11_DET_PIT,2013,11,REG,PIT,DET,1,73,12.846,0.175973
2013_11_GB_NYG,2013,11,REG,GB,NYG,0,53,-8.3324,-0.157215
2013_11_GB_NYG,2013,11,REG,NYG,GB,1,66,1.3828,0.020951
2013_11_IND_TEN,2013,11,REG,IND,TEN,0,68,16.2113,0.238401
2013_11_IND_TEN,2013,11,REG,TEN,IND,1,56,15.7804,0.281792
2013_11_KC_DEN,2013,11,REG,DEN,KC,1,80,4.3832,0.05479
2013_11_KC_DEN,2013,11,REG,KC,DEN,0,78,-7.1351,-0.091476
2013_11_MIN_SEA,2013,11,REG,MIN,SEA,0,73,-10.2296,-0.140132
2013_11_MIN_SEA,2013,11,REG,SEA,MIN,1,50,6.2047,0.124093
2013_11_NE_CAR,2013,11,REG,CAR,NE,1,57,16.6051,0.291317
2013_11_NE_CAR,2013,11,REG,NE,CAR,0,72,13.3054,0.184797
2013_11_NYJ_BUF,2013,11,REG,BUF,NYJ,1,65,-0.2765,-0.004254
2013_11_NYJ_BUF,2013,11,REG,NYJ,BUF,0,58,-19.52,-0.336551
2013_11_OAK_HOU,2013,11,REG,HOU,LV,1,72,-17.8912,-0.248489
2013_11_OAK_HOU,2013,11,REG,LV,HOU,0,65,-1.4534,-0.02236
2013_11_SD_MIA,2013,11,REG,LAC,MIA,0,64,4.0103,0.06266
2013_11_SD_MIA,2013,11,REG,MIA,LAC,1,63,8.0873,0.12837
2013_11_SF_NO,2013,11,REG,NO,SF,1,68,0.4052,0.005958
2013_11_SF_NO,2013,11,REG,SF,NO,0,57,-6.3306,-0.111063
2013_11_WAS_PHI,2013,11,REG,PHI,WAS,1,65,7.8295,0.120453
2013_11_WAS_PHI,2013,11,REG,WAS,PHI,0,81,3.9359,0.048591
2013_12_CAR_MIA,2013,12,REG,CAR,MIA,0,70,-1.4613,-0.020876
2013_12_CAR_MIA,2013,12,REG,MIA,CAR,1,62,-8.2083,-0.132391
2013_12_CHI_STL,2013,12,REG,CHI,LA,0,79,1.4606,0.018489
2013_12_CHI_STL,2013,12,REG,LA,CHI,1,53,19.5673,0.369194
2013_12_DAL_NYG,2013,12,REG,DAL,NYG,0,63,4.7657,0.075647
2013_12_DAL_NYG,2013,12,REG,NYG,DAL,1,67,-5.3401,-0.079703
2013_12_DEN_NE,2013,12,REG,DEN,NE,0,90,-0.7003,-0.007782
2013_12_DEN_NE,2013,12,REG,NE,DEN,1,87,-8.7137,-0.100158
2013_12_IND_ARI,2013,12,REG,ARI,IND,1,75,15.9791,0.213055
2013_12_IND_ARI,2013,12,REG,IND,ARI,0,60,-15.2117,-0.253529
2013_12_JAX_HOU,2013,12,REG,HOU,JAX,1,56,-15.0993,-0.269631
2013_12_JAX_HOU,2013,12,REG,JAX,HOU,0,67,0.133,0.001986
2013_12_MIN_GB,2013,12,REG,GB,MIN,1,93,9.8504,0.105918
2013_12_MIN_GB,2013,12,REG,MIN,GB,0,80,8.0551,0.100688
2013_12_NO_ATL,2013,12,REG,ATL,NO,1,68,4.0989,0.060279
2013_12_NO_ATL,2013,12,REG,NO,ATL,0,58,10.3135,0.177819
2013_12_NYJ_BAL,2013,12,REG,BAL,NYJ,1,64,-10.6052,-0.165706
2013_12_NYJ_BAL,2013,12,REG,NYJ,BAL,0,57,-20.2277,-0.354871
2013_12_PIT_CLE,2013,12,REG,CLE,PIT,1,73,-22.1201,-0.303015
2013_12_PIT_CLE,2013,12,REG,PIT,CLE,0,66,-0.4173,-0.006323
2013_12_SD_KC,2013,12,REG,KC,LAC,1,63,16.6635,0.2645
2013_12_SD_KC,2013,12,REG,LAC,KC,0,70,25.6231,0.366045
2013_12_SF_WAS,2013,12,REG,SF,WAS,0,56,1.9955,0.035635
2013_12_SF_WAS,2013,12,REG,WAS,SF,1,60,-23.5709,-0.392848
2013_12_TB_DET,2013,12,REG,DET,TB,1,76,-10.7582,-0.141555
2013_12_TB_DET,2013,12,REG,TB,DET,0,48,0.3301,0.006876
2013_12_TEN_OAK,2013,12,REG,LV,TEN,1,57,0.302,0.005297
2013_12_TEN_OAK,2013,12,REG,TEN,LV,0,79,11.7742,0.149041
2013_13_ARI_PHI,2013,13,REG,ARI,PHI,0,70,-1.8406,-0.026294
2013_13_ARI_PHI,2013,13,REG,PHI,ARI,1,74,2.1143,0.028572
2013_13_ATL_BUF,2013,13,REG,ATL,BUF,0,88,6.5127,0.074008
2013_13_ATL_BUF,2013,13,REG,BUF,ATL,1,64,5.8579,0.09153
2013_13_CHI_MIN,2013,13,REG,CHI,MIN,0,68,2.9142,0.042855
2013_13_CHI_MIN,2013,13,REG,MIN,CHI,1,87,0.1849,0.002126
2013_13_CIN_SD,2013,13,REG,CIN,LAC,0,62,1.2813,0.020667
2013_13_CIN_SD,2013,13,REG,LAC,CIN,1,65,-3.6547,-0.056226
2013_13_DEN_KC,2013,13,REG,DEN,KC,0,67,27.5849,0.411715
2013_13_DEN_KC,2013,13,REG,KC,DEN,1,72,8.8827,0.123371
2013_13_GB_DET,2013,13,REG,DET,GB,1,77,9.8065,0.127357
2013_13_GB_DET,2013,13,REG,GB,DET,0,43,-22.7814,-0.529799
2013_13_JAX_CLE,2013,13,REG,CLE,JAX,1,75,4.7026,0.062702
2013_13_JAX_CLE,2013,13,REG,JAX,CLE,0,75,3.4855,0.046474
2013_13_MIA_NYJ,2013,13,REG,MIA,NYJ,0,81,5.831,0.071987
2013_13_MIA_NYJ,2013,13,REG,NYJ,MIA,1,55,-24.2188,-0.440343
2013_13_NE_HOU,2013,13,REG,HOU,NE,1,59,9.039,0.153203
2013_13_NE_HOU,2013,13,REG,NE,HOU,0,70,16.4992,0.235703
2013_13_NO_SEA,2013,13,REG,NO,SEA,0,59,-16.3371,-0.276901
2013_13_NO_SEA,2013,13,REG,SEA,NO,1,70,11.0736,0.158194
2013_13_NYG_WAS,2013,13,REG,NYG,WAS,0,52,1.9457,0.037417
2013_13_NYG_WAS,2013,13,REG,WAS,NYG,1,71,-7.5044,-0.105696
2013_13_OAK_DAL,2013,13,REG,DAL,LV,1,67,11.2485,0.167887
2013_13_OAK_DAL,2013,13,REG,LV,DAL,0,55,-2.0911,-0.038021
2013_13_PIT_BAL,2013,13,REG,BAL,PIT,1,60,6.8202,0.11367
2013_13_PIT_BAL,2013,13,REG,PIT,BAL,0,67,12.0456,0.179785
2013_13_STL_SF,2013,13,REG,LA,SF,0,70,-7.8822,-0.112603
2013_13_STL_SF,2013,13,REG,SF,LA,1,66,2.6037,0.039451
2013_13_TB_CAR,2013,13,REG,CAR,TB,1,64,3.6079,0.056374
2013_13_TB_CAR,2013,13,REG,TB,CAR,0,48,-13.2152,-0.275317
2013_13_TEN_IND,2013,13,REG,IND,TEN,1,63,-5.7208,-0.090807
2013_13_TEN_IND,2013,13,REG,TEN,IND,0,75,-8.2426,-0.109901
2013_14_ATL_GB,2013,14,REG,ATL,GB,0,59,0.1378,0.002336
2013_14_ATL_GB,2013,14,REG,GB,ATL,1,70,-6.238,-0.089114
2013_14_BUF_TB,2013,14,REG,BUF,TB,0,66,-30.4318,-0.461088
2013_14_BUF_TB,2013,14,REG,TB,BUF,1,66,-13.2811,-0.201229
2013_14_CAR_NO,2013,14,REG,CAR,NO,0,63,-1.9432,-0.030844
2013_14_CAR_NO,2013,14,REG,NO,CAR,1,63,14.0299,0.222698
2013_14_CLE_NE,2013,14,REG,CLE,NE,0,72,17.5663,0.243977
2013_14_CLE_NE,2013,14,REG,NE,CLE,1,81,10.1096,0.12481
2013_14_DAL_CHI,2013,14,REG,CHI,DAL,1,71,34.7193,0.489004
2013_14_DAL_CHI,2013,14,REG,DAL,CHI,0,54,15.8963,0.294377
2013_14_DET_PHI,2013,14,REG,DET,PHI,0,61,-18.0741,-0.296296
2013_14_DET_PHI,2013,14,REG,PHI,DET,1,73,8.3701,0.114659
2013_14_HOU_JAX,2013,14,REG,HOU,JAX,0,83,0.635,0.00765
2013_14_HOU_JAX,2013,14,REG,JAX,HOU,1,64,7.2163,0.112754
2013_14_IND_CIN,2013,14,REG,CIN,IND,1,74,23.8263,0.321977
2013_14_IND_CIN,2013,14,REG,IND,CIN,0,60,14.7351,0.245585
2013_14_KC_WAS,2013,14,REG,KC,WAS,0,60,9.0422,0.150703
2013_14_KC_WAS,2013,14,REG,WAS,KC,1,66,-25.5549,-0.387195
2013_14_MIA_PIT,2013,14,REG,MIA,PIT,0,62,6.9996,0.112896
2013_14_MIA_PIT,2013,14,REG,PIT,MIA,1,66,-1.8391,-0.027865
2013_14_MIN_BAL,2013,14,REG,BAL,MIN,1,83,-9.1873,-0.11069
2013_14_MIN_BAL,2013,14,REG,MIN,BAL,0,66,-0.0993,-0.001504
2013_14_NYG_SD,2013,14,REG,LAC,NYG,1,72,15.5752,0.216322
2013_14_NYG_SD,2013,14,REG,NYG,LAC,0,55,-5.5197,-0.100358
2013_14_OAK_NYJ,2013,14,REG,LV,NYJ,0,69,14.886,0.21574
2013_14_OAK_NYJ,2013,14,REG,NYJ,LV,1,58,7.8041,0.134553
2013_14_SEA_SF,2013,14,REG,SEA,SF,0,54,1.524,0.028222
2013_14_SEA_SF,2013,14,REG,SF,SEA,1,67,-2.978,-0.044448
2013_14_STL_ARI,2013,14,REG,ARI,LA,1,67,9.5746,0.142904
2013_14_STL_ARI,2013,14,REG,LA,ARI,0,54,-14.2231,-0.263391
2013_14_TEN_DEN,2013,14,REG,DEN,TEN,1,91,33.6327,0.36959
2013_14_TEN_DEN,2013,14,REG,TEN,DEN,0,50,0.9365,0.018729
2013_15_ARI_TEN,2013,15,REG,ARI,TEN,0,67,12.5341,0.187077
2013_15_ARI_TEN,2013,15,REG,TEN,ARI,1,83,11.4173,0.137557
2013_15_BAL_DET,2013,15,REG,BAL,DET,0,62,-4.7934,-0.077312
2013_15_BAL_DET,2013,15,REG,DET,BAL,1,65,-4.8358,-0.074397
2013_15_BUF_JAX,2013,15,REG,BUF,JAX,0,74,4.7863,0.06468
2013_15_BUF_JAX,2013,15,REG,JAX,BUF,1,75,-12.4631,-0.166175
2013_15_CHI_CLE,2013,15,REG,CHI,CLE,0,65,6.8947,0.106072
2013_15_CHI_CLE,2013,15,REG,CLE,CHI,1,58,-1.8969,-0.032705
2013_15_CIN_PIT,2013,15,REG,CIN,PIT,0,70,-3.1497,-0.044996
2013_15_CIN_PIT,2013,15,REG,PIT,CIN,1,62,2.7993,0.04515
2013_15_GB_DAL,2013,15,REG,DAL,GB,1,73,5.3294,0.073006
2013_15_GB_DAL,2013,15,REG,GB,DAL,0,70,14.9597,0.21371
2013_15_HOU_IND,2013,15,REG,HOU,IND,0,65,-25.5623,-0.393265
2013_15_HOU_IND,2013,15,REG,IND,HOU,1,70,-9.0602,-0.129431
2013_15_KC_OAK,2013,15,REG,KC,LV,0,53,21.0678,0.397506
2013_15_KC_OAK,2013,15,REG,LV,KC,1,80,-3.8497,-0.048121
2013_15_NE_MIA,2013,15,REG,MIA,NE,1,64,10.5354,0.164615
2013_15_NE_MIA,2013,15,REG,NE,MIA,0,79,14.4695,0.183159
2013_15_NO_STL,2013,15,REG,LA,NO,1,52,8.7093,0.167486
2013_15_NO_STL,2013,15,REG,NO,LA,0,86,4.9955,0.058088
2013_15_NYJ_CAR,2013,15,REG,CAR,NYJ,1,62,9.9405,0.16033
2013_15_NYJ_CAR,2013,15,REG,NYJ,CAR,0,62,1.0961,0.017679
2013_15_PHI_MIN,2013,15,REG,MIN,PHI,1,75,18.5361,0.247147
2013_15_PHI_MIN,2013,15,REG,PHI,MIN,0,69,4.5536,0.065994
2013_15_SD_DEN,2013,15,REG,DEN,LAC,1,54,5.6765,0.10512
2013_15_SD_DEN,2013,15,REG,LAC,DEN,0,71,14.7535,0.207796
2013_15_SEA_NYG,2013,15,REG,NYG,SEA,1,55,-27.8739,-0.506798
2013_15_SEA_NYG,2013,15,REG,SEA,NYG,0,69,2.0349,0.029491
2013_15_SF_TB,2013,15,REG,SF,TB,0,71,10.0467,0.141503
2013_15_SF_TB,2013,15,REG,TB,SF,1,51,-11.8817,-0.232975
2013_15_WAS_ATL,2013,15,REG,ATL,WAS,1,67,-15.5983,-0.23281
2013_15_WAS_ATL,2013,15,REG,WAS,ATL,0,67,-7.7637,-0.115877
2013_16_ARI_SEA,2013,16,REG,ARI,SEA,0,71,-10.7944,-0.152034
2013_16_ARI_SEA,2013,16,REG,SEA,ARI,1,52,-15.5118,-0.298303
2013_16_ATL_SF,2013,16,REG,ATL,SF,0,72,4.263,0.059208
2013_16_ATL_SF,2013,16,REG,SF,ATL,1,57,16.4499,0.288594
2013_16_CHI_PHI,2013,16,REG,CHI,PHI,0,63,-9.4323,-0.14972
2013_16_CHI_PHI,2013,16,REG,PHI,CHI,1,62,26.6488,0.429819
2013_16_CLE_NYJ,2013,16,REG,CLE,NYJ,0,66,-6.9483,-0.105277
2013_16_CLE_NYJ,2013,16,REG,NYJ,CLE,1,74,12.8784,0.174032
2013_16_DAL_WAS,2013,16,REG,DAL,WAS,0,52,7.5003,0.144237
2013_16_DAL_WAS,2013,16,REG,WAS,DAL,1,66,0.4001,0.006062
2013_16_DEN_HOU,2013,16,REG,DEN,HOU,0,76,14.8287,0.195115
2013_16_DEN_HOU,2013,16,REG,HOU,DEN,1,67,-16.9516,-0.253008
2013_16_IND_KC,2013,16,REG,IND,KC,0,72,11.8983,0.165255
2013_16_IND_KC,2013,16,REG,KC,IND,1,56,-14.893,-0.265946
2013_16_MIA_BUF,2013,16,REG,BUF,MIA,1,75,-2.5429,-0.033905
2013_16_MIA_BUF,2013,16,REG,MIA,BUF,0,54,-27.0526,-0.500975
2013_16_MIN_CIN,2013,16,REG,CIN,MIN,1,76,10.1621,0.133712
2013_16_MIN_CIN,2013,16,REG,MIN,CIN,0,49,-25.4577,-0.519546
2013_16_NE_BAL,2013,16,REG,BAL,NE,1,75,-28.373,-0.378306
2013_16_NE_BAL,2013,16,REG,NE,BAL,0,67,7.8032,0.116466
2013_16_NO_CAR,2013,16,REG,CAR,NO,1,42,-4.8801,-0.116194
2013_16_NO_CAR,2013,16,REG,NO,CAR,0,82,-8.2596,-0.100727
2013_16_NYG_DET,2013,16,REG,DET,NYG,1,84,-14.4055,-0.171494
2013_16_NYG_DET,2013,16,REG,NYG,DET,0,66,-7.6351,-0.115683
2013_16_OAK_SD,2013,16,REG,LAC,LV,1,72,6.7322,0.093503
2013_16_OAK_SD,2013,16,REG,LV,LAC,0,58,-4.8129,-0.082981
2013_16_PIT_GB,2013,16,REG,GB,PIT,1,78,-7.7392,-0.09922
2013_16_PIT_GB,2013,16,REG,PIT,GB,0,59,4.1843,0.07092
2013_16_TB_STL,2013,16,REG,LA,TB,1,61,-7.9512,-0.130347
2013_16_TB_STL,2013,16,REG,TB,LA,0,59,-12.0384,-0.204041
2013_16_TEN_JAX,2013,16,REG,JAX,TEN,1,58,-4.1589,-0.071706
2013_16_TEN_JAX,2013,16,REG,TEN,JAX,0,71,6.1552,0.086693
2013_17_BAL_CIN,2013,17,REG,BAL,CIN,0,69,-19.5403,-0.283192
2013_17_BAL_CIN,2013,17,REG,CIN,BAL,1,66,-0.4344,-0.006581
2013_17_BUF_NE,2013,17,REG,BUF,NE,0,69,2.2149,0.0321
2013_17_BUF_NE,2013,17,REG,NE,BUF,1,71,9.5029,0.133844
2013_17_CAR_ATL,2013,17,REG,ATL,CAR,1,70,-4.814,-0.068771
2013_17_CAR_ATL,2013,17,REG,CAR,ATL,0,58,-1.1771,-0.020295
2013_17_CLE_PIT,2013,17,REG,CLE,PIT,0,66,-12.5926,-0.190797
2013_17_CLE_PIT,2013,17,REG,PIT,CLE,1,60,-3.3529,-0.055882
2013_17_DEN_OAK,2013,17,REG,DEN,LV,0,75,20.469,0.27292
2013_17_DEN_OAK,2013,17,REG,LV,DEN,1,60,-5.745,-0.095749
2013_17_DET_MIN,2013,17,REG,DET,MIN,0,60,-8.0523,-0.134205
2013_17_DET_MIN,2013,17,REG,MIN,DET,1,55,-6.0214,-0.10948
2013_17_GB_CHI,2013,17,REG,CHI,GB,1,50,9.872,0.19744
2013_17_GB_CHI,2013,17,REG,GB,CHI,0,78,19.5864,0.251108
2013_17_HOU_TEN,2013,17,REG,HOU,TEN,0,59,-6.699,-0.113542
2013_17_HOU_TEN,2013,17,REG,TEN,HOU,1,65,-3.5659,-0.05486
2013_17_JAX_IND,2013,17,REG,IND,JAX,1,69,8.3412,0.120887
2013_17_JAX_IND,2013,17,REG,JAX,IND,0,70,-12.3422,-0.176317
2013_17_KC_SD,2013,17,REG,KC,LAC,0,72,8.373,0.116292
2013_17_KC_SD,2013,17,REG,LAC,KC,1,74,8.2,0.110811
2013_17_NYJ_MIA,2013,17,REG,MIA,NYJ,1,62,-9.8898,-0.159513
2013_17_NYJ_MIA,2013,17,REG,NYJ,MIA,0,69,8.3592,0.121147
2013_17_PHI_DAL,2013,17,REG,DAL,PHI,1,66,-6.0251,-0.091289
2013_17_PHI_DAL,2013,17,REG,PHI,DAL,0,64,2.0831,0.032549
2013_17_SF_ARI,2013,17,REG,ARI,SF,1,71,0.9008,0.012687
2013_17_SF_ARI,2013,17,REG,SF,ARI,0,59,-0.9405,-0.015941
2013_17_STL_SEA,2013,17,REG,LA,SEA,0,52,-16.1319,-0.31023
2013_17_STL_SEA,2013,17,REG,SEA,LA,1,62,0.9064,0.014619
2013_17_TB_NO,2013,17,REG,NO,TB,1,61,22.3007,0.365585
2013_17_TB_NO,2013,17,REG,TB,NO,0,66,-7.7852,-0.117957
2013_17_WAS_NYG,2013,17,REG,NYG,WAS,1,68,-18.9941,-0.279326
2013_17_WAS_NYG,2013,17,REG,WAS,NYG,0,75,-32.9568,-0.439424
2013_18_KC_IND,2013,18,POST,IND,KC,1,63,14.3869,0.228364
2013_18_KC_IND,2013,18,POST,KC,IND,0,83,17.707,0.213337
2013_18_NO_PHI,2013,18,POST,NO,PHI,0,72,7.2476,0.100661
2013_18_NO_PHI,2013,18,POST,PHI,NO,1,58,4.9774,0.085817
2013_18_SD_CIN,2013,18,POST,CIN,LAC,1,79,-15.2035,-0.19245
2013_18_SD_CIN,2013,18,POST,LAC,CIN,0,57,10.0766,0.176783
2013_18_SF_GB,2013,18,POST,GB,SF,1,63,1.5039,0.023872
2013_18_SF_GB,2013,18,POST,SF,GB,0,64,9.6999,0.15156
2013_19_IND_NE,2013,19,POST,IND,NE,0,65,-5.9671,-0.091801
2013_19_IND_NE,2013,19,POST,NE,IND,1,74,17.6809,0.238931
2013_19_NO_SEA,2013,19,POST,NO,SEA,0,74,-0.3969,-0.005363
2013_19_NO_SEA,2013,19,POST,SEA,NO,1,60,-1.5602,-0.026003
2013_19_SD_DEN,2013,19,POST,DEN,LAC,1,71,9.46,0.133239
2013_19_SD_DEN,2013,19,POST,LAC,DEN,0,50,7.0528,0.141056
2013_19_SF_CAR,2013,19,POST,CAR,SF,1,56,-2.7425,-0.048974
2013_19_SF_CAR,2013,19,POST,SF,CAR,0,67,13.7048,0.204549
2013_20_NE_DEN,2013,20,POST,DEN,NE,1,75,19.1699,0.255599
2013_20_NE_DEN,2013,20,POST,NE,DEN,0,59,6.2496,0.105926
2013_20_SF_SEA,2013,20,POST,SEA,SF,1,59,-3.7591,-0.063713
2013_20_SF_SEA,2013,20,POST,SF,SEA,0,54,-0.9403,-0.017413
2013_21_SEA_DEN,2013,21,POST,DEN,SEA,1,69,-19.0405,-0.275949
2013_21_SEA_DEN,2013,21,POST,SEA,DEN,0,60,9.7786,0.162976
2014_01_BUF_CHI,2014,1,REG,BUF,CHI,0,55,3.7344,0.067897
2014_01_BUF_CHI,2014,1,REG,CHI,BUF,1,74,-3.5421,-0.047867
2014_01_CAR_TB,2014,1,REG,CAR,TB,0,67,2.1756,0.032471
2014_01_CAR_TB,2014,1,REG,TB,CAR,1,56,-7.3859,-0.131891
2014_01_CIN_BAL,2014,1,REG,BAL,CIN,1,88,-3.9496,-0.044882
2014_01_CIN_BAL,2014,1,REG,CIN,BAL,0,65,4.685,0.072077
2014_01_CLE_PIT,2014,1,REG,CLE,PIT,0,67,12.8751,0.192166
2014_01_CLE_PIT,2014,1,REG,PIT,CLE,1,69,8.6461,0.125306
2014_01_GB_SEA,2014,1,REG,GB,SEA,0,62,-2.5727,-0.041496
2014_01_GB_SEA,2014,1,REG,SEA,GB,1,67,14.0397,0.209548
2014_01_IND_DEN,2014,1,REG,DEN,IND,1,71,12.2933,0.173145
2014_01_IND_DEN,2014,1,REG,IND,DEN,0,74,3.8415,0.051912
2014_01_JAX_PHI,2014,1,REG,JAX,PHI,0,73,-17.0731,-0.233878
2014_01_JAX_PHI,2014,1,REG,PHI,JAX,1,86,-10.6422,-0.123746
2014_01_MIN_STL,2014,1,REG,LA,MIN,1,66,-23.7596,-0.359994
2014_01_MIN_STL,2014,1,REG,MIN,LA,0,56,5.0674,0.09049
2014_01_NE_MIA,2014,1,REG,MIA,NE,1,72,-1.2153,-0.01688
2014_01_NE_MIA,2014,1,REG,NE,MIA,0,86,-12.8431,-0.149338
2014_01_NO_ATL,2014,1,REG,ATL,NO,1,71,19.4969,0.274604
2014_01_NO_ATL,2014,1,REG,NO,ATL,0,75,17.6398,0.235197
2014_01_NYG_DET,2014,1,REG,DET,NYG,1,64,15.6031,0.243798
2014_01_NYG_DET,2014,1,REG,NYG,DET,0,60,-14.2509,-0.237516
2014_01_OAK_NYJ,2014,1,REG,LV,NYJ,0,51,-7.5849,-0.148724
2014_01_OAK_NYJ,2014,1,REG,NYJ,LV,1,68,-3.3345,-0.049037
2014_01_SD_ARI,2014,1,REG,ARI,LAC,1,69,1.6106,0.023342
2014_01_SD_ARI,2014,1,REG,LAC,ARI,0,61,-6.4778,-0.106193
2014_01_SF_DAL,2014,1,REG,DAL,SF,1,69,-7.7833,-0.112802
2014_01_SF_DAL,2014,1,REG,SF,DAL,0,56,8.2365,0.14708
2014_01_TEN_KC,2014,1,REG,KC,TEN,1,58,-10.0153,-0.172677
2014_01_TEN_KC,2014,1,REG,TEN,KC,0,77,6.7828,0.088089
2014_01_WAS_HOU,2014,1,REG,HOU,WAS,1,58,0.5825,0.010042
2014_01_WAS_HOU,2014,1,REG,WAS,HOU,0,65,-6.8044,-0.104684
2014_02_ARI_NYG,2014,2,REG,ARI,NYG,0,66,-0.5158,-0.007816
2014_02_ARI_NYG,2014,2,REG,NYG,ARI,1,72,-3.6097,-0.050134
2014_02_ATL_CIN,2014,2,REG,ATL,CIN,0,68,-9.8757,-0.145231
2014_02_ATL_CIN,2014,2,REG,CIN,ATL,1,70,12.83,0.183286
2014_02_CHI_SF,2014,2,REG,CHI,SF,0,57,5.9472,0.104336
2014_02_CHI_SF,2014,2,REG,SF,CHI,1,67,-8.2944,-0.123798
2014_02_DAL_TEN,2014,2,REG,DAL,TEN,0,81,5.7871,0.071445
2014_02_DAL_TEN,2014,2,REG,TEN,DAL,1,49,-7.4868,-0.152792
2014_02_DET_CAR,2014,2,REG,CAR,DET,1,66,-0.6163,-0.009338
2014_02_DET_CAR,2014,2,REG,DET,CAR,0,72,-6.6847,-0.092843
2014_02_HOU_OAK,2014,2,REG,HOU,LV,0,72,11.7914,0.16377
2014_02_HOU_OAK,2014,2,REG,LV,HOU,1,62,-10.6796,-0.172251
2014_02_JAX_WAS,2014,2,REG,JAX,WAS,0,50,-19.5439,-0.390878
2014_02_JAX_WAS,2014,2,REG,WAS,JAX,1,84,17.6388,0.209985
2014_02_KC_DEN,2014,2,REG,DEN,KC,1,48,12.7584,0.2658
2014_02_KC_DEN,2014,2,REG,KC,DEN,0,85,11.8457,0.139361
2014_02_MIA_BUF,2014,2,REG,BUF,MIA,1,58,-3.6084,-0.062213
2014_02_MIA_BUF,2014,2,REG,MIA,BUF,0,79,-11.21,-0.141899
2014_02_NE_MIN,2014,2,REG,MIN,NE,1,65,-18.0064,-0.277022
2014_02_NE_MIN,2014,2,REG,NE,MIN,0,65,-1.2995,-0.019993
2014_02_NO_CLE,2014,2,REG,CLE,NO,1,76,2.2376,0.029442
2014_02_NO_CLE,2014,2,REG,NO,CLE,0,68,6.0831,0.089457
2014_02_NYJ_GB,2014,2,REG,GB,NYJ,1,69,5.3608,0.077692
2014_02_NYJ_GB,2014,2,REG,NYJ,GB,0,70,2.1465,0.030664
2014_02_PHI_IND,2014,2,REG,IND,PHI,1,71,-2.2412,-0.031567
2014_02_PHI_IND,2014,2,REG,PHI,IND,0,68,16.104,0.236824
2014_02_PIT_BAL,2014,2,REG,BAL,PIT,1,67,9.2978,0.138774
2014_02_PIT_BAL,2014,2,REG,PIT,BAL,0,59,-11.1453,-0.188903
2014_02_SEA_SD,2014,2,REG,LAC,SEA,1,82,9.1307,0.11135
2014_02_SEA_SD,2014,2,REG,SEA,LAC,0,40,8.0691,0.201728
2014_02_STL_TB,2014,2,REG,LA,TB,0,61,6.5981,0.108165
2014_02_STL_TB,2014,2,REG,TB,LA,1,56,6.644,0.118642
2014_03_BAL_CLE,2014,3,REG,BAL,CLE,0,64,7.543,0.11786
2014_03_BAL_CLE,2014,3,REG,CLE,BAL,1,60,11.6044,0.193406
2014_03_CHI_NYJ,2014,3,REG,CHI,NYJ,0,63,0.059,0.000936
2014_03_CHI_NYJ,2014,3,REG,NYJ,CHI,1,74,-7.7801,-0.105136
2014_03_DAL_STL,2014,3,REG,DAL,LA,0,54,8.3869,0.155312
2014_03_DAL_STL,2014,3,REG,LA,DAL,1,74,3.201,0.043257
2014_03_DEN_SEA,2014,3,REG,DEN,SEA,0,70,-8.4259,-0.120371
2014_03_DEN_SEA,2014,3,REG,SEA,DEN,1,77,-0.2822,-0.003665
2014_03_GB_DET,2014,3,REG,DET,GB,1,72,-1.7222,-0.023919
2014_03_GB_DET,2014,3,REG,GB,DET,0,53,-12.9055,-0.2435
2014_03_HOU_NYG,2014,3,REG,HOU,NYG,0,65,-7.6875,-0.118269
2014_03_HOU_NYG,2014,3,REG,NYG,HOU,1,71,-0.3561,-0.005015
2014_03_IND_JAX,2014,3,REG,IND,JAX,0,74,24.7559,0.334539
2014_03_IND_JAX,2014,3,REG,JAX,IND,1,60,-5.7552,-0.095921
2014_03_KC_MIA,2014,3,REG,KC,MIA,0,72,5.5188,0.07665
2014_03_KC_MIA,2014,3,REG,MIA,KC,1,70,-17.2922,-0.247032
2014_03_MIN_NO,2014,3,REG,MIN,NO,0,54,-0.4193,-0.007765
2014_03_MIN_NO,2014,3,REG,NO,MIN,1,69,13.059,0.189261
2014_03_OAK_NE,2014,3,REG,LV,NE,0,59,-3.2932,-0.055817
2014_03_OAK_NE,2014,3,REG,NE,LV,1,72,1.6917,0.023495
2014_03_PIT_CAR,2014,3,REG,CAR,PIT,1,62,3.1002,0.050003
2014_03_PIT_CAR,2014,3,REG,PIT,CAR,0,67,20.2533,0.302288
2014_03_SD_BUF,2014,3,REG,BUF,LAC,1,70,-8.7852,-0.125503
2014_03_SD_BUF,2014,3,REG,LAC,BUF,0,66,10.7904,0.163491
2014_03_SF_ARI,2014,3,REG,ARI,SF,1,64,13.2041,0.206314
2014_03_SF_ARI,2014,3,REG,SF,ARI,0,64,7.9511,0.124236
2014_03_TB_ATL,2014,3,REG,ATL,TB,1,67,8.1416,0.121516
2014_03_TB_ATL,2014,3,REG,TB,ATL,0,60,-32.2554,-0.53759
2014_03_TEN_CIN,2014,3,REG,CIN,TEN,1,60,2.5317,0.042195
2014_03_TEN_CIN,2014,3,REG,TEN,CIN,0,67,-6.7753,-0.101123
2014_03_WAS_PHI,2014,3,REG,PHI,WAS,1,71,9.2639,0.130477
2014_03_WAS_PHI,2014,3,REG,WAS,PHI,0,77,17.3655,0.225526
2014_04_ATL_MIN,2014,4,REG,ATL,MIN,0,66,10.1876,0.154357
2014_04_ATL_MIN,2014,4,REG,MIN,ATL,1,76,23.0791,0.303673
2014_04_BUF_HOU,2014,4,REG,BUF,HOU,0,69,-15.9889,-0.231723
2014_04_BUF_HOU,2014,4,REG,HOU,BUF,1,66,-17.9965,-0.272675
2014_04_CAR_BAL,2014,4,REG,BAL,CAR,1,62,27.201,0.438727
2014_04_CAR_BAL,2014,4,REG,CAR,BAL,0,66,1.3038,0.019755
2014_04_DET_NYJ,2014,4,REG,DET,NYJ,0,62,7.6024,0.12262
2014_04_DET_NYJ,2014,4,REG,NYJ,DET,1,64,-3.9275,-0.061367
2014_04_GB_CHI,2014,4,REG,CHI,GB,1,78,0.4795,0.006148
2014_04_GB_CHI,2014,4,REG,GB,CHI,0,52,21.8789,0.420749
2014_04_JAX_SD,2014,4,REG,JAX,LAC,0,66,-9.7057,-0.147056
2014_04_JAX_SD,2014,4,REG,LAC,JAX,1,63,13.1763,0.209147
2014_04_MIA_OAK,2014,4,REG,LV,MIA,1,65,-25.7282,-0.395818
2014_04_MIA_OAK,2014,4,REG,MIA,LV,0,69,5.0716,0.073502
2014_04_NE_KC,2014,4,REG,KC,NE,1,65,13.5364,0.208253
2014_04_NE_KC,2014,4,REG,NE,KC,0,50,-10.9569,-0.219139
2014_04_NO_DAL,2014,4,REG,DAL,NO,1,63,18.9368,0.300583
2014_04_NO_DAL,2014,4,REG,NO,DAL,0,62,2.8575,0.046088
2014_04_NYG_WAS,2014,4,REG,NYG,WAS,0,81,17.8425,0.220278
2014_04_NYG_WAS,2014,4,REG,WAS,NYG,1,55,-21.6743,-0.394079
2014_04_PHI_SF,2014,4,REG,PHI,SF,0,60,-20.3795,-0.339658
2014_04_PHI_SF,2014,4,REG,SF,PHI,1,81,-4.5401,-0.056051
2014_04_TB_PIT,2014,4,REG,PIT,TB,1,75,10.2859,0.137146
2014_04_TB_PIT,2014,4,REG,TB,PIT,0,64,7.6561,0.119626
2014_04_TEN_IND,2014,4,REG,IND,TEN,1,82,19.3937,0.236508
2014_04_TEN_IND,2014,4,REG,TEN,IND,0,48,-6.8796,-0.143325
2014_05_ARI_DEN,2014,5,REG,ARI,DEN,0,57,-10.464,-0.183579
2014_05_ARI_DEN,2014,5,REG,DEN,ARI,1,79,10.9607,0.138743
2014_05_ATL_NYG,2014,5,REG,ATL,NYG,0,71,-2.1737,-0.030615
2014_05_ATL_NYG,2014,5,REG,NYG,ATL,1,66,10.6216,0.160934
2014_05_BAL_IND,2014,5,REG,BAL,IND,0,59,-15.7402,-0.266782
2014_05_BAL_IND,2014,5,REG,IND,BAL,1,81,-8.1963,-0.101188
2014_05_BUF_DET,2014,5,REG,BUF,DET,0,71,-10.6796,-0.150418
2014_05_BUF_DET,2014,5,REG,DET,BUF,1,61,-12.9962,-0.213053
2014_05_CHI_CAR,2014,5,REG,CAR,CHI,1,64,-7.6532,-0.119581
2014_05_CHI_CAR,2014,5,REG,CHI,CAR,0,63,-5.3248,-0.084521
2014_05_CIN_NE,2014,5,REG,CIN,NE,0,52,-2.708,-0.052077
2014_05_CIN_NE,2014,5,REG,NE,CIN,1,83,13.594,0.163784
2014_05_CLE_TEN,2014,5,REG,CLE,TEN,0,77,12.4286,0.16141
2014_05_CLE_TEN,2014,5,REG,TEN,CLE,1,67,13.3799,0.199701
2014_05_HOU_DAL,2014,5,REG,DAL,HOU,1,76,5.1069,0.067196
2014_05_HOU_DAL,2014,5,REG,HOU,DAL,0,58,-1.9483,-0.033592
2014_05_KC_SF,2014,5,REG,KC,SF,0,50,7.6349,0.152697
2014_05_KC_SF,2014,5,REG,SF,KC,1,68,4.3822,0.064445
2014_05_MIN_GB,2014,5,REG,GB,MIN,1,53,6.6416,0.125313
2014_05_MIN_GB,2014,5,REG,MIN,GB,0,79,-21.8317,-0.276351
2014_05_NYJ_SD,2014,5,REG,LAC,NYJ,1,74,9.7893,0.132288
2014_05_NYJ_SD,2014,5,REG,NYJ,LAC,0,57,-23.538,-0.412947
2014_05_PIT_JAX,2014,5,REG,JAX,PIT,1,55,-14.1512,-0.257295
2014_05_PIT_JAX,2014,5,REG,PIT,JAX,0,66,2.8316,0.042903
2014_05_SEA_WAS,2014,5,REG,SEA,WAS,0,69,8.2838,0.120054
2014_05_SEA_WAS,2014,5,REG,WAS,SEA,1,55,-1.485,-0.027
2014_05_STL_PHI,2014,5,REG,LA,PHI,0,78,0.2479,0.003178
2014_05_STL_PHI,2014,5,REG,PHI,LA,1,72,-3.4698,-0.048192
2014_05_TB_NO,2014,5,REG,NO,TB,1,90,5.2219,0.058021
2014_05_TB_NO,2014,5,REG,TB,NO,0,63,3.9152,0.062145
2014_06_BAL_TB,2014,6,REG,BAL,TB,0,63,24.0408,0.3816
2014_06_BAL_TB,2014,6,REG,TB,BAL,1,70,-6.4935,-0.092765
2014_06_CAR_CIN,2014,6,REG,CAR,CIN,0,83,19.2141,0.231495
2014_06_CAR_CIN,2014,6,REG,CIN,CAR,1,81,13.7423,0.169658
2014_06_CHI_ATL,2014,6,REG,ATL,CHI,1,55,-9.2736,-0.16861
2014_06_CHI_ATL,2014,6,REG,CHI,ATL,0,70,17.0922,0.244175
2014_06_DAL_SEA,2014,6,REG,DAL,SEA,0,74,11.3909,0.153932
2014_06_DAL_SEA,2014,6,REG,SEA,DAL,1,49,-7.002,-0.142899
2014_06_DEN_NYJ,2014,6,REG,DEN,NYJ,0,70,6.1002,0.087146
2014_06_DEN_NYJ,2014,6,REG,NYJ,DEN,1,63,-12.8663,-0.204227
2014_06_DET_MIN,2014,6,REG,DET,MIN,0,70,-5.7678,-0.082397
2014_06_DET_MIN,2014,6,REG,MIN,DET,1,67,-28.1868,-0.420698
2014_06_GB_MIA,2014,6,REG,GB,MIA,0,79,11.1883,0.141624
2014_06_GB_MIA,2014,6,REG,MIA,GB,1,58,3.3927,0.058496
2014_06_IND_HOU,2014,6,REG,HOU,IND,1,54,-2.8647,-0.05305
2014_06_IND_HOU,2014,6,REG,IND,HOU,0,84,4.4878,0.053427
2014_06_JAX_TEN,2014,6,REG,JAX,TEN,0,76,-1.0476,-0.013784
2014_06_JAX_TEN,2014,6,REG,TEN,JAX,1,57,-2.1328,-0.037417
2014_06_NE_BUF,2014,6,REG,BUF,NE,1,69,-1.7712,-0.02567
2014_06_NE_BUF,2014,6,REG,NE,BUF,0,70,24.4393,0.349133
2014_06_NYG_PHI,2014,6,REG,NYG,PHI,0,64,-22.4504,-0.350788
2014_06_NYG_PHI,2014,6,REG,PHI,NYG,1,72,0.5743,0.007976
2014_06_PIT_CLE,2014,6,REG,CLE,PIT,1,59,5.7892,0.098123
2014_06_PIT_CLE,2014,6,REG,PIT,CLE,0,79,-9.7583,-0.123522
2014_06_SD_OAK,2014,6,REG,LAC,LV,0,70,17.6914,0.252734
2014_06_SD_OAK,2014,6,REG,LV,LAC,1,59,11.1135,0.188364
2014_06_SF_STL,2014,6,REG,LA,SF,1,71,-12.5997,-0.17746
2014_06_SF_STL,2014,6,REG,SF,LA,0,67,0.5087,0.007592
2014_06_WAS_ARI,2014,6,REG,ARI,WAS,1,70,1.7775,0.025393
2014_06_WAS_ARI,2014,6,REG,WAS,ARI,0,60,-8.7079,-0.145132
2014_07_ARI_OAK,2014,7,REG,ARI,LV,0,75,8.0722,0.107629
2014_07_ARI_OAK,2014,7,REG,LV,ARI,1,50,-5.1398,-0.102797
2014_07_ATL_BAL,2014,7,REG,ATL,BAL,0,66,-16.4128,-0.248679
2014_07_ATL_BAL,2014,7,REG,BAL,ATL,1,67,4.5376,0.067725
2014_07_CAR_GB,2014,7,REG,CAR,GB,0,70,-5.4671,-0.078101
2014_07_CAR_GB,2014,7,REG,GB,CAR,1,55,16.4002,0.298186
2014_07_CIN_IND,2014,7,REG,CIN,IND,0,56,-26.6237,-0.475424
2014_07_CIN_IND,2014,7,REG,IND,CIN,1,79,4.6512,0.058876
2014_07_CLE_JAX,2014,7,REG,CLE,JAX,0,74,-32.7384,-0.442411
2014_07_CLE_JAX,2014,7,REG,JAX,CLE,1,72,-16.1555,-0.224382
2014_07_HOU_PIT,2014,7,REG,HOU,PIT,0,63,0.1955,0.003103
2014_07_HOU_PIT,2014,7,REG,PIT,HOU,1,61,3.7844,0.062039
2014_07_KC_SD,2014,7,REG,KC,LAC,0,74,11.8453,0.160072
2014_07_KC_SD,2014,7,REG,LAC,KC,1,52,2.8916,0.055608
2014_07_MIA_CHI,2014,7,REG,CHI,MIA,1,53,-12.1419,-0.229092
2014_07_MIA_CHI,2014,7,REG,MIA,CHI,0,68,14.4046,0.211832
2014_07_MIN_BUF,2014,7,REG,BUF,MIN,1,68,-7.0617,-0.103849
2014_07_MIN_BUF,2014,7,REG,MIN,BUF,0,63,-10.6625,-0.169245
2014_07_NO_DET,2014,7,REG,DET,NO,1,70,-0.3088,-0.004411
2014_07_NO_DET,2014,7,REG,NO,DET,0,72,-4.1144,-0.057145
2014_07_NYG_DAL,2014,7,REG,DAL,NYG,1,61,15.0882,0.247348
2014_07_NYG_DAL,2014,7,REG,NYG,DAL,0,63,3.911,0.06208
2014_07_NYJ_NE,2014,7,REG,NE,NYJ,1,57,8.6488,0.151734
2014_07_NYJ_NE,2014,7,REG,NYJ,NE,0,86,11.8134,0.137365
2014_07_SEA_STL,2014,7,REG,LA,SEA,1,48,9.2244,0.192176
2014_07_SEA_STL,2014,7,REG,SEA,LA,0,71,16.7678,0.236167
2014_07_SF_DEN,2014,7,REG,DEN,SF,1,57,23.6672,0.415213
2014_07_SF_DEN,2014,7,REG,SF,DEN,0,74,-2.5031,-0.033825
2014_07_TEN_WAS,2014,7,REG,TEN,WAS,0,56,-2.6777,-0.047816
2014_07_TEN_WAS,2014,7,REG,WAS,TEN,1,62,-2.2661,-0.03655
2014_08_BAL_CIN,2014,8,REG,BAL,CIN,0,64,-2.1426,-0.033478
2014_08_BAL_CIN,2014,8,REG,CIN,BAL,1,68,-0.2411,-0.003546
2014_08_BUF_NYJ,2014,8,REG,BUF,NYJ,0,54,2.63,0.048703
2014_08_BUF_NYJ,2014,8,REG,NYJ,BUF,1,82,-22.6434,-0.276139
2014_08_CHI_NE,2014,8,REG,CHI,NE,0,69,3.9956,0.057907
2014_08_CHI_NE,2014,8,REG,NE,CHI,1,73,26.1555,0.358295
2014_08_DET_ATL,2014,8,REG,ATL,DET,1,60,5.7616,0.096026
2014_08_DET_ATL,2014,8,REG,DET,ATL,0,72,5.5202,0.07667
2014_08_GB_NO,2014,8,REG,GB,NO,0,68,4.9392,0.072635
2014_08_GB_NO,2014,8,REG,NO,GB,1,68,18.8967,0.277892
2014_08_HOU_TEN,2014,8,REG,HOU,TEN,0,80,10.941,0.136762
2014_08_HOU_TEN,2014,8,REG,TEN,HOU,1,60,-12.0458,-0.200763
2014_08_IND_PIT,2014,8,REG,IND,PIT,0,65,11.3784,0.175053
2014_08_IND_PIT,2014,8,REG,PIT,IND,1,83,28.4698,0.34301
2014_08_MIA_JAX,2014,8,REG,JAX,MIA,1,71,-15.3684,-0.216456
2014_08_MIA_JAX,2014,8,REG,MIA,JAX,0,58,-0.9805,-0.016906
2014_08_MIN_TB,2014,8,REG,MIN,TB,0,69,-1.7324,-0.025108
2014_08_MIN_TB,2014,8,REG,TB,MIN,1,60,-15.628,-0.260466
2014_08_OAK_CLE,2014,8,REG,CLE,LV,1,55,-2.4281,-0.044147
2014_08_OAK_CLE,2014,8,REG,LV,CLE,0,80,-11.8301,-0.147876
2014_08_PHI_ARI,2014,8,REG,ARI,PHI,1,70,2.1795,0.031136
2014_08_PHI_ARI,2014,8,REG,PHI,ARI,0,92,-6.5138,-0.070802
2014_08_SD_DEN,2014,8,REG,DEN,LAC,1,68,23.2585,0.342036
2014_08_SD_DEN,2014,8,REG,LAC,DEN,0,62,5.9685,0.096267
2014_08_SEA_CAR,2014,8,REG,CAR,SEA,1,58,-12.3003,-0.212074
2014_08_SEA_CAR,2014,8,REG,SEA,CAR,0,60,-1.2698,-0.021163
2014_08_STL_KC,2014,8,REG,KC,LA,1,66,8.483,0.128531
2014_08_STL_KC,2014,8,REG,LA,KC,0,52,-12.7114,-0.244451
2014_08_WAS_DAL,2014,8,REG,DAL,WAS,1,65,-2.0226,-0.031117
2014_08_WAS_DAL,2014,8,REG,WAS,DAL,0,66,5.8754,0.089021
2014_09_ARI_DAL,2014,9,REG,ARI,DAL,0,65,3.6852,0.056696
2014_09_ARI_DAL,2014,9,REG,DAL,ARI,1,64,-11.854,-0.185218
2014_09_BAL_PIT,2014,9,REG,BAL,PIT,0,70,-13.6408,-0.194869
2014_09_BAL_PIT,2014,9,REG,PIT,BAL,1,70,16.4063,0.234376
2014_09_DEN_NE,2014,9,REG,DEN,NE,0,80,-11.3724,-0.142155
2014_09_DEN_NE,2014,9,REG,NE,DEN,1,84,3.9767,0.047342
2014_09_IND_NYG,2014,9,REG,IND,NYG,0,75,13.2416,0.176554
2014_09_IND_NYG,2014,9,REG,NYG,IND,1,76,-1.3396,-0.017627
2014_09_JAX_CIN,2014,9,REG,CIN,JAX,1,68,6.7103,0.098681
2014_09_JAX_CIN,2014,9,REG,JAX,CIN,0,63,0.3715,0.005897
2014_09_NO_CAR,2014,9,REG,CAR,NO,1,57,-12.1086,-0.212431
2014_09_NO_CAR,2014,9,REG,NO,CAR,0,73,9.1527,0.125379
2014_09_NYJ_KC,2014,9,REG,KC,NYJ,1,58,12.0733,0.208161
2014_09_NYJ_KC,2014,9,REG,NYJ,KC,0,69,-5.1088,-0.07404
2014_09_OAK_SEA,2014,9,REG,LV,SEA,0,60,-12.11,-0.201833
2014_09_OAK_SEA,2014,9,REG,SEA,LV,1,78,0.0935,0.001199
2014_09_PHI_HOU,2014,9,REG,HOU,PHI,1,60,-0.5517,-0.009195
2014_09_PHI_HOU,2014,9,REG,PHI,HOU,0,81,8.3211,0.10273
2014_09_SD_MIA,2014,9,REG,LAC,MIA,0,51,-25.0188,-0.490566
2014_09_SD_MIA,2014,9,REG,MIA,LAC,1,76,11.8676,0.156153
2014_09_STL_SF,2014,9,REG,LA,SF,0,54,-14.1343,-0.261746
2014_09_STL_SF,2014,9,REG,SF,LA,1,67,-10.4296,-0.155666
2014_09_TB_CLE,2014,9,REG,CLE,TB,1,67,-13.3103,-0.198662
2014_09_TB_CLE,2014,9,REG,TB,CLE,0,66,-5.4914,-0.083203
2014_09_WAS_MIN,2014,9,REG,MIN,WAS,1,73,9.0781,0.124357
2014_09_WAS_MIN,2014,9,REG,WAS,MIN,0,66,7.4527,0.112919
2014_10_ATL_TB,2014,10,REG,ATL,TB,0,64,13.6562,0.213378
2014_10_ATL_TB,2014,10,REG,TB,ATL,1,70,1.4196,0.02028
2014_10_CAR_PHI,2014,10,REG,CAR,PHI,0,82,-23.1344,-0.282127
2014_10_CAR_PHI,2014,10,REG,PHI,CAR,1,58,1.7212,0.029676
2014_10_CHI_GB,2014,10,REG,CHI,GB,0,71,-27.0938,-0.381603
2014_10_CHI_GB,2014,10,REG,GB,CHI,1,67,17.3159,0.258446
2014_10_CLE_CIN,2014,10,REG,CIN,CLE,1,68,-32.2348,-0.474041
2014_10_CLE_CIN,2014,10,REG,CLE,CIN,0,76,7.816,0.102842
2014_10_DAL_JAX,2014,10,REG,DAL,JAX,0,60,7.1111,0.118519
2014_10_DAL_JAX,2014,10,REG,JAX,DAL,1,71,-5.4655,-0.076979
2014_10_DEN_OAK,2014,10,REG,DEN,LV,0,78,10.1308,0.129882
2014_10_DEN_OAK,2014,10,REG,LV,DEN,1,63,-20.2288,-0.321092
2014_10_KC_BUF,2014,10,REG,BUF,KC,1,73,-7.7945,-0.106773
2014_10_KC_BUF,2014,10,REG,KC,BUF,0,60,-4.0075,-0.066791
2014_10_MIA_DET,2014,10,REG,DET,MIA,1,68,-2.8373,-0.041726
2014_10_MIA_DET,2014,10,REG,MIA,DET,0,60,-15.191,-0.253183
2014_10_NYG_SEA,2014,10,REG,NYG,SEA,0,67,-6.5923,-0.098392
2014_10_NYG_SEA,2014,10,REG,SEA,NYG,1,62,20.3174,0.3277
2014_10_PIT_NYJ,2014,10,REG,NYJ,PIT,1,56,-0.126,-0.00225
2014_10_PIT_NYJ,2014,10,REG,PIT,NYJ,0,62,-7.3591,-0.118695
2014_10_SF_NO,2014,10,REG,NO,SF,1,80,-3.6769,-0.045962
2014_10_SF_NO,2014,10,REG,SF,NO,0,68,-1.1131,-0.016369
2014_10_STL_ARI,2014,10,REG,ARI,LA,1,65,-6.8877,-0.105964
2014_10_STL_ARI,2014,10,REG,LA,ARI,0,61,-26.4016,-0.432812
2014_10_TEN_BAL,2014,10,REG,BAL,TEN,1,60,6.8283,0.113806
2014_10_TEN_BAL,2014,10,REG,TEN,BAL,0,55,-13.9256,-0.253192
2014_11_ATL_CAR,2014,11,REG,ATL,CAR,0,73,-4.4307,-0.060695
2014_11_ATL_CAR,2014,11,REG,CAR,ATL,1,66,-3.564,-0.054001
2014_11_BUF_MIA,2014,11,REG,BUF,MIA,0,61,-9.2742,-0.152036
2014_11_BUF_MIA,2014,11,REG,MIA,BUF,1,66,8.6333,0.130808
2014_11_CIN_NO,2014,11,REG,CIN,NO,0,58,19.2309,0.331568
2014_11_CIN_NO,2014,11,REG,NO,CIN,1,71,1.116,0.015719
2014_11_DEN_STL,2014,11,REG,DEN,LA,0,68,-13.0525,-0.191949
2014_11_DEN_STL,2014,11,REG,LA,DEN,1,65,-7.0733,-0.10882
2014_11_DET_ARI,2014,11,REG,ARI,DET,1,58,-0.919,-0.015844
2014_11_DET_ARI,2014,11,REG,DET,ARI,0,56,-10.0711,-0.179842
2014_11_HOU_CLE,2014,11,REG,CLE,HOU,1,77,-20.5668,-0.267101
2014_11_HOU_CLE,2014,11,REG,HOU,CLE,0,84,6.1884,0.073671
2014_11_MIN_CHI,2014,11,REG,CHI,MIN,1,76,7.9296,0.104337
2014_11_MIN_CHI,2014,11,REG,MIN,CHI,0,47,-1.5837,-0.033696
2014_11_NE_IND,2014,11,REG,IND,NE,1,57,-4.4629,-0.078297
2014_11_NE_IND,2014,11,REG,NE,IND,0,73,31.8065,0.435706
2014_11_OAK_SD,2014,11,REG,LAC,LV,1,72,-14.5713,-0.20238
2014_11_OAK_SD,2014,11,REG,LV,LAC,0,57,-17.6073,-0.308899
2014_11_PHI_GB,2014,11,REG,GB,PHI,1,65,19.4217,0.298796
2014_11_PHI_GB,2014,11,REG,PHI,GB,0,78,-20.3381,-0.260744
2014_11_PIT_TEN,2014,11,REG,PIT,TEN,0,71,11.8363,0.166708
2014_11_PIT_TEN,2014,11,REG,TEN,PIT,1,40,2.7236,0.06809
2014_11_SEA_KC,2014,11,REG,KC,SEA,1,46,5.6567,0.122972
2014_11_SEA_KC,2014,11,REG,SEA,KC,0,73,3.7051,0.050754
2014_11_SF_NYG,2014,11,REG,NYG,SF,1,70,-22.1102,-0.31586
2014_11_SF_NYG,2014,11,REG,SF,NYG,0,67,-1.4499,-0.02164
2014_11_TB_WAS,2014,11,REG,TB,WAS,0,49,8.9912,0.183494
2014_11_TB_WAS,2014,11,REG,WAS,TB,1,72,-13.4551,-0.186877
2014_12_ARI_SEA,2014,12,REG,ARI,SEA,0,54,-10.8781,-0.201446
2014_12_ARI_SEA,2014,12,REG,SEA,ARI,1,56,-0.7712,-0.013771
2014_12_BAL_NO,2014,12,REG,BAL,NO,0,58,18.7262,0.322866
2014_12_BAL_NO,2014,12,REG,NO,BAL,1,72,8.0997,0.112496
2014_12_CIN_HOU,2014,12,REG,CIN,HOU,0,80,-3.6578,-0.045722
2014_12_CIN_HOU,2014,12,REG,HOU,CIN,1,65,-10.435,-0.160539
2014_12_CLE_ATL,2014,12,REG,ATL,CLE,1,71,-1.0004,-0.01409
2014_12_CLE_ATL,2014,12,REG,CLE,ATL,0,74,6.4737,0.087483
2014_12_DAL_NYG,2014,12,REG,DAL,NYG,0,52,16.1629,0.310824
2014_12_DAL_NYG,2014,12,REG,NYG,DAL,1,74,10.3359,0.139675
2014_12_DET_NE,2014,12,REG,DET,NE,0,79,-7.6986,-0.09745
2014_12_DET_NE,2014,12,REG,NE,DET,1,79,7.4874,0.094777
2014_12_GB_MIN,2014,12,REG,GB,MIN,0,62,13.5514,0.218571
2014_12_GB_MIN,2014,12,REG,MIN,GB,1,68,-0.3396,-0.004994
2014_12_JAX_IND,2014,12,REG,IND,JAX,1,72,-7.0131,-0.097404
2014_12_JAX_IND,2014,12,REG,JAX,IND,0,53,-25.3509,-0.478318
2014_12_KC_OAK,2014,12,REG,KC,LV,0,66,-5.6811,-0.086077
2014_12_KC_OAK,2014,12,REG,LV,KC,1,68,6.7372,0.099076
2014_12_MIA_DEN,2014,12,REG,DEN,MIA,1,73,26.017,0.356397
2014_12_MIA_DEN,2014,12,REG,MIA,DEN,0,61,15.3969,0.252409
2014_12_NYJ_BUF,2014,12,REG,BUF,NYJ,1,65,9.9047,0.15238
2014_12_NYJ_BUF,2014,12,REG,NYJ,BUF,0,58,-23.3017,-0.401753
2014_12_STL_SD,2014,12,REG,LA,LAC,0,65,-9.0206,-0.138778
2014_12_STL_SD,2014,12,REG,LAC,LA,1,62,-3.022,-0.048743
2014_12_TB_CHI,2014,12,REG,CHI,TB,1,57,-15.3824,-0.269867
2014_12_TB_CHI,2014,12,REG,TB,CHI,0,76,-19.5261,-0.256922
2014_12_TEN_PHI,2014,12,REG,PHI,TEN,1,85,1.2727,0.014973
2014_12_TEN_PHI,2014,12,REG,TEN,PHI,0,67,-11.4059,-0.170238
2014_12_WAS_SF,2014,12,REG,SF,WAS,1,59,-5.9065,-0.100111
2014_12_WAS_SF,2014,12,REG,WAS,SF,0,55,-14.3693,-0.261259
2014_13_ARI_ATL,2014,13,REG,ARI,ATL,0,55,-10.2674,-0.186681
2014_13_ARI_ATL,2014,13,REG,ATL,ARI,1,77,-2.3006,-0.029878
2014_13_CAR_MIN,2014,13,REG,CAR,MIN,0,73,-2.2726,-0.031131
2014_13_CAR_MIN,2014,13,REG,MIN,CAR,1,47,-1.0995,-0.023394
2014_13_CHI_DET,2014,13,REG,CHI,DET,0,63,-6.7688,-0.107442
2014_13_CHI_DET,2014,13,REG,DET,CHI,1,73,7.7234,0.105799
2014_13_CIN_TB,2014,13,REG,CIN,TB,0,60,-7.8366,-0.13061
2014_13_CIN_TB,2014,13,REG,TB,CIN,1,63,-13.2083,-0.209656
2014_13_CLE_BUF,2014,13,REG,BUF,CLE,1,64,-12.7632,-0.199424
2014_13_CLE_BUF,2014,13,REG,CLE,BUF,0,69,-19.8774,-0.288078
2014_13_DEN_KC,2014,13,REG,DEN,KC,0,82,2.0246,0.02469
2014_13_DEN_KC,2014,13,REG,KC,DEN,1,44,-18.3329,-0.416658
2014_13_MIA_NYJ,2014,13,REG,MIA,NYJ,0,58,-2.5427,-0.04384
2014_13_MIA_NYJ,2014,13,REG,NYJ,MIA,1,64,-1.5687,-0.024512
2014_13_NE_GB,2014,13,REG,GB,NE,1,70,17.1176,0.244538
2014_13_NE_GB,2014,13,REG,NE,GB,0,55,12.901,0.234563
2014_13_NO_PIT,2014,13,REG,NO,PIT,0,56,17.3789,0.310337
2014_13_NO_PIT,2014,13,REG,PIT,NO,1,88,12.179,0.138398
2014_13_NYG_JAX,2014,13,REG,JAX,NYG,1,67,-8.6745,-0.12947
2014_13_NYG_JAX,2014,13,REG,NYG,JAX,0,74,-7.6672,-0.10361
2014_13_OAK_STL,2014,13,REG,LA,LV,1,50,10.8725,0.217449
2014_13_OAK_STL,2014,13,REG,LV,LA,0,78,-39.8856,-0.511354
2014_13_PHI_DAL,2014,13,REG,DAL,PHI,1,60,-15.0606,-0.25101
2014_13_PHI_DAL,2014,13,REG,PHI,DAL,0,75,13.7002,0.18267
2014_13_SD_BAL,2014,13,REG,BAL,LAC,1,71,14.6706,0.206628
2014_13_SD_BAL,2014,13,REG,LAC,BAL,0,72,20.8817,0.290024
2014_13_SEA_SF,2014,13,REG,SEA,SF,0,66,4.5683,0.069217
2014_13_SEA_SF,2014,13,REG,SF,SEA,1,58,-17.0807,-0.294494
2014_13_TEN_HOU,2014,13,REG,HOU,TEN,1,69,12.6982,0.184031
2014_13_TEN_HOU,2014,13,REG,TEN,HOU,0,62,-16.7616,-0.270348
2014_13_WAS_IND,2014,13,REG,IND,WAS,1,50,12.3741,0.247481
2014_13_WAS_IND,2014,13,REG,WAS,IND,0,80,-5.7596,-0.071995
2014_14_ATL_GB,2014,14,REG,ATL,GB,0,67,22.7351,0.339329
2014_14_ATL_GB,2014,14,REG,GB,ATL,1,67,24.2818,0.362415
2014_14_BAL_MIA,2014,14,REG,BAL,MIA,0,61,20.4835,0.335796
2014_14_BAL_MIA,2014,14,REG,MIA,BAL,1,56,-5.8297,-0.104101
2014_14_BUF_DEN,2014,14,REG,BUF,DEN,0,80,-1.3013,-0.016266
2014_14_BUF_DEN,2014,14,REG,DEN,BUF,1,53,-3.4416,-0.064935
2014_14_CAR_NO,2014,14,REG,CAR,NO,0,73,19.8796,0.272324
2014_14_CAR_NO,2014,14,REG,NO,CAR,1,70,-17.7949,-0.254212
2014_14_DAL_CHI,2014,14,REG,CHI,DAL,1,68,10.8898,0.160144
2014_14_DAL_CHI,2014,14,REG,DAL,CHI,0,60,24.0086,0.400144
2014_14_HOU_JAX,2014,14,REG,HOU,JAX,0,63,5.6172,0.089162
2014_14_HOU_JAX,2014,14,REG,JAX,HOU,1,71,-12.2447,-0.172461
2014_14_IND_CLE,2014,14,REG,CLE,IND,1,64,-14.4861,-0.226345
2014_14_IND_CLE,2014,14,REG,IND,CLE,0,80,-14.8456,-0.18557
2014_14_KC_ARI,2014,14,REG,ARI,KC,1,68,5.586,0.082147
2014_14_KC_ARI,2014,14,REG,KC,ARI,0,64,-2.6394,-0.041241
2014_14_NE_SD,2014,14,REG,LAC,NE,1,57,-11.5222,-0.202145
2014_14_NE_SD,2014,14,REG,NE,LAC,0,77,-5.089,-0.066092
2014_14_NYG_TEN,2014,14,REG,NYG,TEN,0,72,0.3226,0.00448
2014_14_NYG_TEN,2014,14,REG,TEN,NYG,1,57,-28.4072,-0.498372
2014_14_NYJ_MIN,2014,14,REG,MIN,NYJ,1,59,14.5403,0.246446
2014_14_NYJ_MIN,2014,14,REG,NYJ,MIN,0,78,-3.6122,-0.046311
2014_14_PIT_CIN,2014,14,REG,CIN,PIT,1,61,-1.9426,-0.031845
2014_14_PIT_CIN,2014,14,REG,PIT,CIN,0,72,22.9841,0.319224
2014_14_SEA_PHI,2014,14,REG,PHI,SEA,1,46,-18.5511,-0.403284
2014_14_SEA_PHI,2014,14,REG,SEA,PHI,0,85,4.588,0.053977
2014_14_SF_OAK,2014,14,REG,LV,SF,1,63,2.5893,0.0411
2014_14_SF_OAK,2014,14,REG,SF,LV,0,60,-2.3159,-0.038599
2014_14_STL_WAS,2014,14,REG,LA,WAS,0,62,8.699,0.140306
2014_14_STL_WAS,2014,14,REG,WAS,LA,1,57,-19.4841,-0.341827
2014_14_TB_DET,2014,14,REG,DET,TB,1,66,5.0754,0.0769
2014_14_TB_DET,2014,14,REG,TB,DET,0,64,-11.1809,-0.174701
2014_15_ARI_STL,2014,15,REG,ARI,LA,0,67,-10.1314,-0.151215
2014_15_ARI_STL,2014,15,REG,LA,ARI,1,63,-22.5505,-0.357945
2014_15_CIN_CLE,2014,15,REG,CIN,CLE,0,74,10.526,0.142244
2014_15_CIN_CLE,2014,15,REG,CLE,CIN,1,42,-20.1856,-0.480609
2014_15_DAL_PHI,2014,15,REG,DAL,PHI,0,79,14.7693,0.186953
2014_15_DAL_PHI,2014,15,REG,PHI,DAL,1,55,-1.9625,-0.035682
2014_15_DEN_SD,2014,15,REG,DEN,LAC,0,66,5.2048,0.07886
2014_15_DEN_SD,2014,15,REG,LAC,DEN,1,66,-5.4511,-0.082593
2014_15_GB_BUF,2014,15,REG,BUF,GB,1,65,-13.9337,-0.214365
2014_15_GB_BUF,2014,15,REG,GB,BUF,0,71,-10.2232,-0.143989
2014_15_HOU_IND,2014,15,REG,HOU,IND,0,72,-20.2618,-0.281414
2014_15_HOU_IND,2014,15,REG,IND,HOU,1,65,-14.3657,-0.221011
2014_15_JAX_BAL,2014,15,REG,BAL,JAX,1,60,-0.4359,-0.007265
2014_15_JAX_BAL,2014,15,REG,JAX,BAL,0,69,-12.6451,-0.183263
2014_15_MIA_NE,2014,15,REG,MIA,NE,0,78,-8.6866,-0.111366
2014_15_MIA_NE,2014,15,REG,NE,MIA,1,64,11.7944,0.184288
2014_15_MIN_DET,2014,15,REG,DET,MIN,1,51,-8.0675,-0.158185
2014_15_MIN_DET,2014,15,REG,MIN,DET,0,67,-3.4896,-0.052084
2014_15_NO_CHI,2014,15,REG,CHI,NO,1,61,-15.4581,-0.253411
2014_15_NO_CHI,2014,15,REG,NO,CHI,0,68,14.9115,0.219287
2014_15_NYJ_TEN,2014,15,REG,NYJ,TEN,0,65,-1.5207,-0.023396
2014_15_NYJ_TEN,2014,15,REG,TEN,NYJ,1,66,-10.8222,-0.163973
2014_15_OAK_KC,2014,15,REG,KC,LV,1,66,-5.9404,-0.090005
2014_15_OAK_KC,2014,15,REG,LV,KC,0,80,-20.1092,-0.251366
2014_15_PIT_ATL,2014,15,REG,ATL,PIT,1,60,1.3543,0.022572
2014_15_PIT_ATL,2014,15,REG,PIT,ATL,0,56,14.8129,0.264516
2014_15_SF_SEA,2014,15,REG,SEA,SF,1,63,4.895,0.077699
2014_15_SF_SEA,2014,15,REG,SF,SEA,0,58,-5.9175,-0.102025
2014_15_TB_CAR,2014,15,REG,CAR,TB,1,76,0.5684,0.007479
2014_15_TB_CAR,2014,15,REG,TB,CAR,0,55,-2.6759,-0.048653
2014_15_WAS_NYG,2014,15,REG,NYG,WAS,1,61,2.2912,0.03756
2014_15_WAS_NYG,2014,15,REG,WAS,NYG,0,70,-2.3932,-0.034189
2014_16_ATL_NO,2014,16,REG,ATL,NO,0,65,6.4689,0.099522
2014_16_ATL_NO,2014,16,REG,NO,ATL,1,68,-18.1632,-0.267106
2014_16_BAL_HOU,2014,16,REG,BAL,HOU,0,73,-30.7815,-0.421664
2014_16_BAL_HOU,2014,16,REG,HOU,BAL,1,84,-15.075,-0.179464
2014_16_BUF_OAK,2014,16,REG,BUF,LV,0,68,-3.5025,-0.051507
2014_16_BUF_OAK,2014,16,REG,LV,BUF,1,70,-3.0558,-0.043654
2014_16_CLE_CAR,2014,16,REG,CAR,CLE,1,77,7.8956,0.10254
2014_16_CLE_CAR,2014,16,REG,CLE,CAR,0,47,-2.3559,-0.050125
2014_16_DEN_CIN,2014,16,REG,CIN,DEN,1,61,-6.1881,-0.101444
2014_16_DEN_CIN,2014,16,REG,DEN,CIN,0,69,-11.0776,-0.160545
2014_16_DET_CHI,2014,16,REG,CHI,DET,1,64,-8.9761,-0.140252
2014_16_DET_CHI,2014,16,REG,DET,CHI,0,69,11.0667,0.160387
2014_16_GB_TB,2014,16,REG,GB,TB,0,71,8.4513,0.119032
2014_16_GB_TB,2014,16,REG,TB,GB,1,49,-23.3156,-0.475829
2014_16_IND_DAL,2014,16,REG,DAL,IND,1,63,17.4934,0.277673
2014_16_IND_DAL,2014,16,REG,IND,DAL,0,63,-18.8452,-0.29913
2014_16_KC_PIT,2014,16,REG,KC,PIT,0,67,1.4013,0.020915
2014_16_KC_PIT,2014,16,REG,PIT,KC,1,50,11.4882,0.229763
2014_16_MIN_MIA,2014,16,REG,MIA,MIN,1,81,24.5464,0.303041
2014_16_MIN_MIA,2014,16,REG,MIN,MIA,0,61,11.8316,0.19396
2014_16_NE_NYJ,2014,16,REG,NE,NYJ,0,60,-1.8014,-0.030023
2014_16_NE_NYJ,2014,16,REG,NYJ,NE,1,63,-4.1226,-0.065438
2014_16_NYG_STL,2014,16,REG,LA,NYG,1,61,0.1182,0.001938
2014_16_NYG_STL,2014,16,REG,NYG,LA,0,68,19.2164,0.282595
2014_16_PHI_WAS,2014,16,REG,PHI,WAS,0,90,14.0566,0.156185
2014_16_PHI_WAS,2014,16,REG,WAS,PHI,1,56,9.4149,0.168123
2014_16_SD_SF,2014,16,REG,LAC,SF,0,84,5.2942,0.063026
2014_16_SD_SF,2014,16,REG,SF,LAC,1,72,-1.7063,-0.023699
2014_16_SEA_ARI,2014,16,REG,ARI,SEA,1,69,-20.0711,-0.290886
2014_16_SEA_ARI,2014,16,REG,SEA,ARI,0,66,25.6646,0.388858
2014_16_TEN_JAX,2014,16,REG,JAX,TEN,1,59,3.3244,0.056345
2014_16_TEN_JAX,2014,16,REG,TEN,JAX,0,65,-0.2611,-0.004016
2014_17_ARI_SF,2014,17,REG,ARI,SF,0,70,8.4386,0.120551
2014_17_ARI_SF,2014,17,REG,SF,ARI,1,60,10.0878,0.16813
2014_17_BUF_NE,2014,17,REG,BUF,NE,0,57,2.447,0.042931
2014_17_BUF_NE,2014,17,REG,NE,BUF,1,67,-10.9345,-0.163202
2014_17_CAR_ATL,2014,17,REG,ATL,CAR,1,71,-34.8896,-0.491403
2014_17_CAR_ATL,2014,17,REG,CAR,ATL,0,53,5.6151,0.105945
2014_17_CHI_MIN,2014,17,REG,CHI,MIN,0,61,-3.8482,-0.063085
2014_17_CHI_MIN,2014,17,REG,MIN,CHI,1,59,-6.0094,-0.101855
2014_17_CIN_PIT,2014,17,REG,CIN,PIT,0,71,-7.3942,-0.104144
2014_17_CIN_PIT,2014,17,REG,PIT,CIN,1,59,-4.0118,-0.067996
2014_17_CLE_BAL,2014,17,REG,BAL,CLE,1,65,3.6884,0.056744
2014_17_CLE_BAL,2014,17,REG,CLE,BAL,0,63,-7.5911,-0.120493
2014_17_DAL_WAS,2014,17,REG,DAL,WAS,0,64,15.168,0.237
2014_17_DAL_WAS,2014,17,REG,WAS,DAL,1,69,-16.9539,-0.245709
2014_17_DET_GB,2014,17,REG,DET,GB,0,69,-3.9046,-0.056588
2014_17_DET_GB,2014,17,REG,GB,DET,1,66,5.1498,0.078027
2014_17_IND_TEN,2014,17,REG,IND,TEN,0,63,5.8742,0.093242
2014_17_IND_TEN,2014,17,REG,TEN,IND,1,58,-20.2025,-0.348319
2014_17_JAX_HOU,2014,17,REG,HOU,JAX,1,79,-5.5486,-0.070235
2014_17_JAX_HOU,2014,17,REG,JAX,HOU,0,57,-7.5898,-0.133155
2014_17_NO_TB,2014,17,REG,NO,TB,0,63,4.0164,0.063753
2014_17_NO_TB,2014,17,REG,TB,NO,1,66,-0.9648,-0.014618
2014_17_NYJ_MIA,2014,17,REG,MIA,NYJ,1,70,0.8568,0.01224
2014_17_NYJ_MIA,2014,17,REG,NYJ,MIA,0,63,16.1791,0.256811
2014_17_OAK_DEN,2014,17,REG,DEN,LV,1,77,9.357,0.121519
2014_17_OAK_DEN,2014,17,REG,LV,DEN,0,58,-17.4965,-0.301664
2014_17_PHI_NYG,2014,17,REG,NYG,PHI,1,80,-2.2017,-0.027521
2014_17_PHI_NYG,2014,17,REG,PHI,NYG,0,70,10.7493,0.153561
2014_17_SD_KC,2014,17,REG,KC,LAC,1,59,-7.7346,-0.131094
2014_17_SD_KC,2014,17,REG,LAC,KC,0,70,-11.7458,-0.167797
2014_17_STL_SEA,2014,17,REG,LA,SEA,0,62,-26.4531,-0.426663
2014_17_STL_SEA,2014,17,REG,SEA,LA,1,59,-8.5099,-0.144236
2014_18_ARI_CAR,2014,18,POST,ARI,CAR,0,47,-20.1312,-0.428324
2014_18_ARI_CAR,2014,18,POST,CAR,ARI,1,82,-14.0621,-0.171489
2014_18_BAL_PIT,2014,18,POST,BAL,PIT,0,53,12.1864,0.229931
2014_18_BAL_PIT,2014,18,POST,PIT,BAL,1,75,-9.6432,-0.128577
2014_18_CIN_IND,2014,18,POST,CIN,IND,0,60,-11.4426,-0.190711
2014_18_CIN_IND,2014,18,POST,IND,CIN,1,72,5.3182,0.073864
2014_18_DET_DAL,2014,18,POST,DAL,DET,1,60,7.5173,0.125288
2014_18_DET_DAL,2014,18,POST,DET,DAL,0,67,4.3988,0.065654
2014_19_BAL_NE,2014,19,POST,BAL,NE,0,77,14.6296,0.189995
2014_19_BAL_NE,2014,19,POST,NE,BAL,1,64,19.9216,0.311274
2014_19_CAR_SEA,2014,19,POST,CAR,SEA,0,69,-5.0355,-0.072978
2014_19_CAR_SEA,2014,19,POST,SEA,CAR,1,50,11.1605,0.223211
2014_19_DAL_GB,2014,19,POST,DAL,GB,0,55,8.5629,0.15569
2014_19_DAL_GB,2014,19,POST,GB,DAL,1,66,13.3102,0.20167
2014_19_IND_DEN,2014,19,POST,DEN,IND,1,69,-14.3624,-0.208151
2014_19_IND_DEN,2014,19,POST,IND,DEN,0,75,7.6587,0.102116
2014_20_GB_SEA,2014,20,POST,GB,SEA,0,69,-9.1974,-0.133295
2014_20_GB_SEA,2014,20,POST,SEA,GB,1,70,-0.4757,-0.006796
2014_20_IND_NE,2014,20,POST,IND,NE,0,55,-12.54,-0.227999
2014_20_IND_NE,2014,20,POST,NE,IND,1,78,17.4954,0.224299
2014_21_NE_SEA,2014,21,POST,NE,SEA,0,72,9.7688,0.135677
2014_21_NE_SEA,2014,21,POST,SEA,NE,1,53,7.9952,0.150853
2015_01_BAL_DEN,2015,1,REG,BAL,DEN,0,58,-21.0155,-0.362337
2015_01_BAL_DEN,2015,1,REG,DEN,BAL,1,69,-15.6643,-0.227019
2015_01_CAR_JAX,2015,1,REG,CAR,JAX,0,69,-6.1183,-0.088671
2015_01_CAR_JAX,2015,1,REG,JAX,CAR,1,66,-21.0364,-0.318733
2015_01_CIN_OAK,2015,1,REG,CIN,LV,0,66,15.3173,0.23208
2015_01_CIN_OAK,2015,1,REG,LV,CIN,1,63,-10.9116,-0.173201
2015_01_CLE_NYJ,2015,1,REG,CLE,NYJ,0,67,-15.8796,-0.237009
2015_01_CLE_NYJ,2015,1,REG,NYJ,CLE,1,59,8.7843,0.148887
2015_01_DET_SD,2015,1,REG,DET,LAC,0,47,0.1065,0.002265
2015_01_DET_SD,2015,1,REG,LAC,DET,1,73,5.5921,0.076604
2015_01_GB_CHI,2015,1,REG,CHI,GB,1,72,6.7465,0.093701
2015_01_GB_CHI,2015,1,REG,GB,CHI,0,57,22.3352,0.391846
2015_01_IND_BUF,2015,1,REG,BUF,IND,1,56,4.5049,0.080444
2015_01_IND_BUF,2015,1,REG,IND,BUF,0,74,0.7086,0.009576
2015_01_KC_HOU,2015,1,REG,HOU,KC,1,75,-9.7818,-0.130424
2015_01_KC_HOU,2015,1,REG,KC,HOU,0,67,0.1526,0.002278
2015_01_MIA_WAS,2015,1,REG,MIA,WAS,0,55,-4.9253,-0.089551
2015_01_MIA_WAS,2015,1,REG,WAS,MIA,1,75,-5.9142,-0.078855
2015_01_MIN_SF,2015,1,REG,MIN,SF,0,55,-17.3605,-0.315645
2015_01_MIN_SF,2015,1,REG,SF,MIN,1,68,11.4903,0.168975
2015_01_NO_ARI,2015,1,REG,ARI,NO,1,61,12.8151,0.210083
2015_01_NO_ARI,2015,1,REG,NO,ARI,0,73,-1.5,-0.020548
2015_01_NYG_DAL,2015,1,REG,DAL,NYG,1,69,0.9101,0.01319
2015_01_NYG_DAL,2015,1,REG,NYG,DAL,0,61,2.859,0.046869
2015_01_PHI_ATL,2015,1,REG,ATL,PHI,1,73,-6.9095,-0.094651
2015_01_PHI_ATL,2015,1,REG,PHI,ATL,0,73,0.3361,0.004604
2015_01_PIT_NE,2015,1,REG,NE,PIT,1,60,17.4169,0.290281
2015_01_PIT_NE,2015,1,REG,PIT,NE,0,72,17.9572,0.249406
2015_01_SEA_STL,2015,1,REG,LA,SEA,1,58,-6.6267,-0.114253
2015_01_SEA_STL,2015,1,REG,SEA,LA,0,80,-3.7369,-0.046712
2015_01_TEN_TB,2015,1,REG,TB,TEN,1,70,-20.0011,-0.28573
2015_01_TEN_TB,2015,1,REG,TEN,TB,0,52,15.6573,0.301102
2015_02_ARI_CHI,2015,2,REG,ARI,CHI,0,55,17.7789,0.323252
2015_02_ARI_CHI,2015,2,REG,CHI,ARI,1,65,-12.7714,-0.196482
2015_02_ATL_NYG,2015,2,REG,ATL,NYG,0,71,17.0745,0.240486
2015_02_ATL_NYG,2015,2,REG,NYG,ATL,1,68,4.9271,0.072458
2015_02_BAL_OAK,2015,2,REG,BAL,LV,0,78,17.6131,0.225809
2015_02_BAL_OAK,2015,2,REG,LV,BAL,1,68,18.6273,0.273931
2015_02_DAL_PHI,2015,2,REG,DAL,PHI,0,75,-6.1933,-0.082578
2015_02_DAL_PHI,2015,2,REG,PHI,DAL,1,61,-19.3218,-0.31675
2015_02_DEN_KC,2015,2,REG,DEN,KC,0,73,-10.9052,-0.149386
2015_02_DEN_KC,2015,2,REG,KC,DEN,1,60,-13.4954,-0.224924
2015_02_DET_MIN,2015,2,REG,DET,MIN,0,76,-6.3824,-0.083979
2015_02_DET_MIN,2015,2,REG,MIN,DET,1,63,6.5535,0.104023
2015_02_HOU_CAR,2015,2,REG,CAR,HOU,1,74,-3.3967,-0.045901
2015_02_HOU_CAR,2015,2,REG,HOU,CAR,0,86,-8.8455,-0.102855
2015_02_MIA_JAX,2015,2,REG,JAX,MIA,1,72,5.2413,0.072795
2015_02_MIA_JAX,2015,2,REG,MIA,JAX,0,65,6.3335,0.097438
2015_02_NE_BUF,2015,2,REG,BUF,NE,1,72,-0.3882,-0.005391
2015_02_NE_BUF,2015,2,REG,NE,BUF,0,79,7.7752,0.09842
2015_02_NYJ_IND,2015,2,REG,IND,NYJ,1,64,-14.2568,-0.222762
2015_02_NYJ_IND,2015,2,REG,NYJ,IND,0,66,1.8698,0.028331
2015_02_SD_CIN,2015,2,REG,CIN,LAC,1,63,0.8257,0.013107
2015_02_SD_CIN,2015,2,REG,LAC,CIN,0,60,2.6137,0.043561
2015_02_SEA_GB,2015,2,REG,GB,SEA,1,68,6.9583,0.102328
2015_02_SEA_GB,2015,2,REG,SEA,GB,0,58,-1.5782,-0.02721
2015_02_SF_PIT,2015,2,REG,PIT,SF,1,52,29.0455,0.558568
2015_02_SF_PIT,2015,2,REG,SF,PIT,0,86,3.3559,0.039022
2015_02_STL_WAS,2015,2,REG,LA,WAS,0,50,-14.1001,-0.282002
2015_02_STL_WAS,2015,2,REG,WAS,LA,1,69,-0.3984,-0.005774
2015_02_TB_NO,2015,2,REG,NO,TB,1,73,-7.9132,-0.1084
2015_02_TB_NO,2015,2,REG,TB,NO,0,64,-3.296,-0.051499
2015_02_TEN_CLE,2015,2,REG,CLE,TEN,1,48,-2.1979,-0.04579
2015_02_TEN_CLE,2015,2,REG,TEN,CLE,0,77,-2.5302,-0.03286
2015_03_ATL_DAL,2015,3,REG,ATL,DAL,0,73,22.0038,0.301422
2015_03_ATL_DAL,2015,3,REG,DAL,ATL,1,53,7.3798,0.139241
2015_03_BUF_MIA,2015,3,REG,BUF,MIA,0,64,18.9921,0.296751
2015_03_BUF_MIA,2015,3,REG,MIA,BUF,1,75,-10.7811,-0.143748
2015_03_CHI_SEA,2015,3,REG,CHI,SEA,0,47,-13.8107,-0.293845
2015_03_CHI_SEA,2015,3,REG,SEA,CHI,1,62,4.1368,0.066723
2015_03_CIN_BAL,2015,3,REG,BAL,CIN,1,75,-0.505,-0.006734
2015_03_CIN_BAL,2015,3,REG,CIN,BAL,0,71,1.3532,0.019059
2015_03_DEN_DET,2015,3,REG,DEN,DET,0,63,1.9753,0.031353
2015_03_DEN_DET,2015,3,REG,DET,DEN,1,73,-13.4489,-0.184231
2015_03_IND_TEN,2015,3,REG,IND,TEN,0,57,0.4507,0.007907
2015_03_IND_TEN,2015,3,REG,TEN,IND,1,81,-3.9388,-0.048627
2015_03_JAX_NE,2015,3,REG,JAX,NE,0,58,-0.3949,-0.006809
2015_03_JAX_NE,2015,3,REG,NE,JAX,1,78,33.4536,0.428892
2015_03_KC_GB,2015,3,REG,GB,KC,1,76,13.3765,0.176007
2015_03_KC_GB,2015,3,REG,KC,GB,0,71,2.1538,0.030335
2015_03_NO_CAR,2015,3,REG,CAR,NO,1,65,16.672,0.256493
2015_03_NO_CAR,2015,3,REG,NO,CAR,0,71,9.4427,0.132995
2015_03_OAK_CLE,2015,3,REG,CLE,LV,1,72,5.6662,0.078697
2015_03_OAK_CLE,2015,3,REG,LV,CLE,0,68,11.639,0.171162
2015_03_PHI_NYJ,2015,3,REG,NYJ,PHI,1,76,-18.7158,-0.24626
2015_03_PHI_NYJ,2015,3,REG,PHI,NYJ,0,67,-9.4604,-0.1412
2015_03_PIT_STL,2015,3,REG,LA,PIT,1,51,-11.7291,-0.229982
2015_03_PIT_STL,2015,3,REG,PIT,LA,0,61,-3.2875,-0.053893
2015_03_SD_MIN,2015,3,REG,LAC,MIN,0,73,-10.0708,-0.137956
2015_03_SD_MIN,2015,3,REG,MIN,LAC,1,55,2.5017,0.045486
2015_03_SF_ARI,2015,3,REG,ARI,SF,1,71,15.8641,0.223438
2015_03_SF_ARI,2015,3,REG,SF,ARI,0,50,-27.2875,-0.545749
2015_03_TB_HOU,2015,3,REG,HOU,TB,1,89,1.1578,0.013009
2015_03_TB_HOU,2015,3,REG,TB,HOU,0,60,-7.6735,-0.127892
2015_03_WAS_NYG,2015,3,REG,NYG,WAS,1,67,9.551,0.142553
2015_03_WAS_NYG,2015,3,REG,WAS,NYG,0,76,-1.7655,-0.02323
2015_04_BAL_PIT,2015,4,REG,BAL,PIT,0,79,-14.8576,-0.188071
2015_04_BAL_PIT,2015,4,REG,PIT,BAL,1,62,-14.4865,-0.233653
2015_04_CAR_TB,2015,4,REG,CAR,TB,0,55,4.226,0.076837
2015_04_CAR_TB,2015,4,REG,TB,CAR,1,79,-13.9065,-0.176032
2015_04_CLE_SD,2015,4,REG,CLE,LAC,0,71,9.0562,0.127552
2015_04_CLE_SD,2015,4,REG,LAC,CLE,1,64,13.6056,0.212587
2015_04_DAL_NO,2015,4,REG,DAL,NO,0,60,10.6834,0.178056
2015_04_DAL_NO,2015,4,REG,NO,DAL,1,73,10.9315,0.149746
2015_04_DET_SEA,2015,4,REG,DET,SEA,0,56,-13.0061,-0.232252
2015_04_DET_SEA,2015,4,REG,SEA,DET,1,62,-8.2327,-0.132786
2015_04_GB_SF,2015,4,REG,GB,SF,0,73,6.4059,0.087753
2015_04_GB_SF,2015,4,REG,SF,GB,1,50,-12.8949,-0.257898
2015_04_HOU_ATL,2015,4,REG,ATL,HOU,1,70,11.5869,0.165527
2015_04_HOU_ATL,2015,4,REG,HOU,ATL,0,77,-14.5185,-0.188552
2015_04_JAX_IND,2015,4,REG,IND,JAX,1,76,-5.9971,-0.078909
2015_04_JAX_IND,2015,4,REG,JAX,IND,0,81,0.1229,0.001517
2015_04_KC_CIN,2015,4,REG,CIN,KC,1,54,22.6183,0.418858
2015_04_KC_CIN,2015,4,REG,KC,CIN,0,75,5.2258,0.069677
2015_04_MIN_DEN,2015,4,REG,DEN,MIN,1,55,-0.2111,-0.003838
2015_04_MIN_DEN,2015,4,REG,MIN,DEN,0,73,2.1509,0.029464
2015_04_NYG_BUF,2015,4,REG,BUF,NYG,1,74,-17.842,-0.241109
2015_04_NYG_BUF,2015,4,REG,NYG,BUF,0,69,-2.7816,-0.040313
2015_04_NYJ_MIA,2015,4,REG,MIA,NYJ,1,64,-12.183,-0.190359
2015_04_NYJ_MIA,2015,4,REG,NYJ,MIA,0,73,10.2077,0.139832
2015_04_OAK_CHI,2015,4,REG,CHI,LV,1,78,-4.5964,-0.058928
2015_04_OAK_CHI,2015,4,REG,LV,CHI,0,58,-9.0127,-0.155392
2015_04_PHI_WAS,2015,4,REG,PHI,WAS,0,56,3.3476,0.059778
2015_04_PHI_WAS,2015,4,REG,WAS,PHI,1,85,4.4282,0.052097
2015_04_STL_ARI,2015,4,REG,ARI,LA,1,72,1.6121,0.02239
2015_04_STL_ARI,2015,4,REG,LA,ARI,0,52,7.2576,0.13957
2015_05_ARI_DET,2015,5,REG,ARI,DET,0,42,13.7339,0.326998
2015_05_ARI_DET,2015,5,REG,DET,ARI,1,95,-20.5746,-0.216574
2015_05_BUF_TEN,2015,5,REG,BUF,TEN,0,50,0.28,0.005599
2015_05_BUF_TEN,2015,5,REG,TEN,BUF,1,69,-2.0006,-0.028994
2015_05_CHI_KC,2015,5,REG,CHI,KC,0,78,-2.672,-0.034256
2015_05_CHI_KC,2015,5,REG,KC,CHI,1,58,-2.7057,-0.04665
2015_05_CLE_BAL,2015,5,REG,BAL,CLE,1,70,7.8128,0.111612
2015_05_CLE_BAL,2015,5,REG,CLE,BAL,0,88,18.0164,0.204732
2015_05_DEN_OAK,2015,5,REG,DEN,LV,0,58,-10.7139,-0.184722
2015_05_DEN_OAK,2015,5,REG,LV,DEN,1,69,-16.6407,-0.24117
2015_05_IND_HOU,2015,5,REG,HOU,IND,1,76,5.0011,0.065804
2015_05_IND_HOU,2015,5,REG,IND,HOU,0,62,14.0649,0.226853
2015_05_JAX_TB,2015,5,REG,JAX,TB,0,59,3.749,0.063543
2015_05_JAX_TB,2015,5,REG,TB,JAX,1,64,8.47,0.132344
2015_05_NE_DAL,2015,5,REG,DAL,NE,1,71,-19.0685,-0.268571
2015_05_NE_DAL,2015,5,REG,NE,DAL,0,57,6.5149,0.114297
2015_05_NO_PHI,2015,5,REG,NO,PHI,0,68,-11.2657,-0.165672
2015_05_NO_PHI,2015,5,REG,PHI,NO,1,84,8.4382,0.100454
2015_05_PIT_SD,2015,5,REG,LAC,PIT,1,75,-6.5215,-0.086953
2015_05_PIT_SD,2015,5,REG,PIT,LAC,0,56,1.5318,0.027354
2015_05_SEA_CIN,2015,5,REG,CIN,SEA,1,85,-2.3116,-0.027196
2015_05_SEA_CIN,2015,5,REG,SEA,CIN,0,60,3.1367,0.052278
2015_05_SF_NYG,2015,5,REG,NYG,SF,1,78,17.6937,0.226843
2015_05_SF_NYG,2015,5,REG,SF,NYG,0,67,17.8979,0.267133
2015_05_STL_GB,2015,5,REG,GB,LA,1,61,-13.5813,-0.222644
2015_05_STL_GB,2015,5,REG,LA,GB,0,70,-19.3563,-0.276518
2015_05_WAS_ATL,2015,5,REG,ATL,WAS,1,80,-0.8672,-0.01084
2015_05_WAS_ATL,2015,5,REG,WAS,ATL,0,61,-10.4346,-0.17106
2015_06_ARI_PIT,2015,6,REG,ARI,PIT,0,69,-4.5161,-0.065451
2015_06_ARI_PIT,2015,6,REG,PIT,ARI,1,56,1.8793,0.033559
2015_06_ATL_NO,2015,6,REG,ATL,NO,0,73,-2.2503,-0.030826
2015_06_ATL_NO,2015,6,REG,NO,ATL,1,71,9.2796,0.130699
2015_06_BAL_SF,2015,6,REG,BAL,SF,0,75,1.8793,0.025057
2015_06_BAL_SF,2015,6,REG,SF,BAL,1,59,4.7475,0.080467
2015_06_CAR_SEA,2015,6,REG,CAR,SEA,0,71,6.8584,0.096597
2015_06_CAR_SEA,2015,6,REG,SEA,CAR,1,61,-4.0204,-0.065908
2015_06_CHI_DET,2015,6,REG,CHI,DET,0,80,4.1405,0.051756
2015_06_CHI_DET,2015,6,REG,DET,CHI,1,82,12.3946,0.151154
2015_06_CIN_BUF,2015,6,REG,BUF,CIN,1,69,2.5445,0.036877
2015_06_CIN_BUF,2015,6,REG,CIN,BUF,0,59,16.1476,0.273688
2015_06_DEN_CLE,2015,6,REG,CLE,DEN,1,79,-24.2017,-0.30635
2015_06_DEN_CLE,2015,6,REG,DEN,CLE,0,83,-12.9218,-0.155684
2015_06_HOU_JAX,2015,6,REG,HOU,JAX,0,69,12.4673,0.180685
2015_06_HOU_JAX,2015,6,REG,JAX,HOU,1,81,-1.2324,-0.015214
2015_06_KC_MIN,2015,6,REG,KC,MIN,0,62,-8.9013,-0.143569
2015_06_KC_MIN,2015,6,REG,MIN,KC,1,67,-2.0997,-0.031339
2015_06_MIA_TEN,2015,6,REG,MIA,TEN,0,68,12.3489,0.181601
2015_06_MIA_TEN,2015,6,REG,TEN,MIA,1,68,-23.8217,-0.350319
2015_06_NE_IND,2015,6,REG,IND,NE,1,78,1.8654,0.023915
2015_06_NE_IND,2015,6,REG,NE,IND,0,66,10.2581,0.155425
2015_06_NYG_PHI,2015,6,REG,NYG,PHI,0,68,-23.4234,-0.344462
2015_06_NYG_PHI,2015,6,REG,PHI,NYG,1,76,-5.6879,-0.074841
2015_06_SD_GB,2015,6,REG,GB,LAC,1,52,13.2704,0.2552
2015_06_SD_GB,2015,6,REG,LAC,GB,0,92,8.5007,0.092399
2015_06_WAS_NYJ,2015,6,REG,NYJ,WAS,1,65,4.0437,0.062211
2015_06_WAS_NYJ,2015,6,REG,WAS,NYJ,0,63,-13.9879,-0.22203
2015_07_ATL_TEN,2015,7,REG,ATL,TEN,0,72,-9.8869,-0.137318
2015_07_ATL_TEN,2015,7,REG,TEN,ATL,1,54,-17.114,-0.316926
2015_07_BAL_ARI,2015,7,REG,ARI,BAL,1,61,11.6299,0.190654
2015_07_BAL_ARI,2015,7,REG,BAL,ARI,0,63,-0.1707,-0.00271
2015_07_BUF_JAX,2015,7,REG,BUF,JAX,0,78,-12.1535,-0.155815
2015_07_BUF_JAX,2015,7,REG,JAX,BUF,1,63,-2.1455,-0.034055
2015_07_CLE_STL,2015,7,REG,CLE,LA,0,75,-19.3199,-0.257598
2015_07_CLE_STL,2015,7,REG,LA,CLE,1,51,-4.3019,-0.08435
2015_07_DAL_NYG,2015,7,REG,DAL,NYG,0,72,2.6551,0.036876
2015_07_DAL_NYG,2015,7,REG,NYG,DAL,1,49,2.8364,0.057885
2015_07_HOU_MIA,2015,7,REG,HOU,MIA,0,81,-7.1678,-0.088491
2015_07_HOU_MIA,2015,7,REG,MIA,HOU,1,60,14.0126,0.233544
2015_07_MIN_DET,2015,7,REG,DET,MIN,1,54,-5.5068,-0.101977
2015_07_MIN_DET,2015,7,REG,MIN,DET,0,75,9.5377,0.127169
2015_07_NO_IND,2015,7,REG,IND,NO,1,63,-7.7349,-0.122776
2015_07_NO_IND,2015,7,REG,NO,IND,0,85,2.1784,0.025628
2015_07_NYJ_NE,2015,7,REG,NE,NYJ,1,67,9.0555,0.135157
2015_07_NYJ_NE,2015,7,REG,NYJ,NE,0,72,11.5,0.159722
2015_07_OAK_SD,2015,7,REG,LAC,LV,1,89,1.7249,0.019381
2015_07_OAK_SD,2015,7,REG,LV,LAC,0,61,9.5555,0.156647
2015_07_PHI_CAR,2015,7,REG,CAR,PHI,1,60,-0.3403,-0.005672
2015_07_PHI_CAR,2015,7,REG,PHI,CAR,0,83,-6.3525,-0.076536
2015_07_PIT_KC,2015,7,REG,KC,PIT,1,61,7.5112,0.123135
2015_07_PIT_KC,2015,7,REG,PIT,KC,0,56,-3.0644,-0.054721
2015_07_SEA_SF,2015,7,REG,SEA,SF,0,69,4.6968,0.06807
2015_07_SEA_SF,2015,7,REG,SF,SEA,1,46,-15.2142,-0.330744
2015_07_TB_WAS,2015,7,REG,TB,WAS,0,64,15.0838,0.235685
2015_07_TB_WAS,2015,7,REG,WAS,TB,1,63,8.9958,0.142791
2015_08_ARI_CLE,2015,8,REG,ARI,CLE,0,79,10.0402,0.127091
2015_08_ARI_CLE,2015,8,REG,CLE,ARI,1,63,-6.4555,-0.102468
2015_08_CIN_PIT,2015,8,REG,CIN,PIT,0,65,-5.9794,-0.09199
2015_08_CIN_PIT,2015,8,REG,PIT,CIN,1,75,-11.9023,-0.158697
2015_08_DET_KC,2015,8,REG,DET,KC,0,60,-11.0544,-0.18424
2015_08_DET_KC,2015,8,REG,KC,DET,1,64,19.7725,0.308945
2015_08_GB_DEN,2015,8,REG,DEN,GB,1,67,15.0968,0.225326
2015_08_GB_DEN,2015,8,REG,GB,DEN,0,53,-3.6541,-0.068945
2015_08_IND_CAR,2015,8,REG,CAR,IND,1,75,-11.9265,-0.159021
2015_08_IND_CAR,2015,8,REG,IND,CAR,0,84,-18.0312,-0.214657
2015_08_MIA_NE,2015,8,REG,MIA,NE,0,64,-17.4457,-0.27259
2015_08_MIA_NE,2015,8,REG,NE,MIA,1,73,10.7789,0.147657
2015_08_MIN_CHI,2015,8,REG,CHI,MIN,1,61,2.2926,0.037584
2015_08_MIN_CHI,2015,8,REG,MIN,CHI,0,58,2.308,0.039793
2015_08_NYG_NO,2015,8,REG,NO,NYG,1,78,25.3783,0.325362
2015_08_NYG_NO,2015,8,REG,NYG,NO,0,73,23.6078,0.323394
2015_08_NYJ_OAK,2015,8,REG,LV,NYJ,1,60,16.6029,0.276714
2015_08_NYJ_OAK,2015,8,REG,NYJ,LV,0,73,4.0898,0.056025
2015_08_SD_BAL,2015,8,REG,BAL,LAC,1,68,9.3001,0.136766
2015_08_SD_BAL,2015,8,REG,LAC,BAL,0,66,15.7916,0.239266
2015_08_SEA_DAL,2015,8,REG,DAL,SEA,1,59,-6.9498,-0.117793
2015_08_SEA_DAL,2015,8,REG,SEA,DAL,0,61,0.5887,0.009651
2015_08_SF_STL,2015,8,REG,LA,SF,1,66,-4.8637,-0.073693
2015_08_SF_STL,2015,8,REG,SF,LA,0,66,-23.7897,-0.36045
2015_08_TB_ATL,2015,8,REG,ATL,TB,1,80,-2.1292,-0.026615
2015_08_TB_ATL,2015,8,REG,TB,ATL,0,69,5.3536,0.077588
2015_08_TEN_HOU,2015,8,REG,HOU,TEN,1,63,-11.4326,-0.18147
2015_08_TEN_HOU,2015,8,REG,TEN,HOU,0,59,-23.05,-0.390678
2015_09_ATL_SF,2015,9,REG,ATL,SF,0,64,-4.4962,-0.070252
2015_09_ATL_SF,2015,9,REG,SF,ATL,1,63,1.2474,0.0198
2015_09_CHI_SD,2015,9,REG,CHI,LAC,0,69,9.1053,0.13196
2015_09_CHI_SD,2015,9,REG,LAC,CHI,1,71,-4.4855,-0.063176
2015_09_CLE_CIN,2015,9,REG,CIN,CLE,1,64,17.8919,0.279562
2015_09_CLE_CIN,2015,9,REG,CLE,CIN,0,53,-5.7658,-0.108789
2015_09_DEN_IND,2015,9,REG,DEN,IND,0,52,0.3307,0.00636
2015_09_DEN_IND,2015,9,REG,IND,DEN,1,78,9.1059,0.116743
2015_09_GB_CAR,2015,9,REG,CAR,GB,1,67,4.524,0.067523
2015_09_GB_CAR,2015,9,REG,GB,CAR,0,77,-1.9727,-0.025619
2015_09_JAX_NYJ,2015,9,REG,JAX,NYJ,0,66,-1.546,-0.023424
2015_09_JAX_NYJ,2015,9,REG,NYJ,JAX,1,62,-0.7243,-0.011682
2015_09_MIA_BUF,2015,9,REG,BUF,MIA,1,52,21.7561,0.418387
2015_09_MIA_BUF,2015,9,REG,MIA,BUF,0,69,9.3813,0.135961
2015_09_NYG_TB,2015,9,REG,NYG,TB,0,74,-3.1971,-0.043204
2015_09_NYG_TB,2015,9,REG,TB,NYG,1,63,-11.5021,-0.182573
2015_09_OAK_PIT,2015,9,REG,LV,PIT,0,69,8.5192,0.123467
2015_09_OAK_PIT,2015,9,REG,PIT,LV,1,85,13.1885,0.155159
2015_09_PHI_DAL,2015,9,REG,DAL,PHI,1,78,4.3669,0.055986
2015_09_PHI_DAL,2015,9,REG,PHI,DAL,0,73,14.9271,0.20448
2015_09_STL_MIN,2015,9,REG,LA,MIN,0,73,-7.6818,-0.10523
2015_09_STL_MIN,2015,9,REG,MIN,LA,1,71,-4.1851,-0.058945
2015_09_TEN_NO,2015,9,REG,NO,TEN,1,74,14.0816,0.190291
2015_09_TEN_NO,2015,9,REG,TEN,NO,0,71,15.2961,0.215438
2015_09_WAS_NE,2015,9,REG,NE,WAS,1,78,7.3116,0.093738
2015_09_WAS_NE,2015,9,REG,WAS,NE,0,58,-10.6856,-0.184234
2015_10_ARI_SEA,2015,10,REG,ARI,SEA,0,86,5.2557,0.061113
2015_10_ARI_SEA,2015,10,REG,SEA,ARI,1,60,-3.9613,-0.066021
2015_10_BUF_NYJ,2015,10,REG,BUF,NYJ,0,65,-12.9048,-0.198536
2015_10_BUF_NYJ,2015,10,REG,NYJ,BUF,1,59,-13.6364,-0.231126
2015_10_CAR_TEN,2015,10,REG,CAR,TEN,0,66,9.7062,0.147063
2015_10_CAR_TEN,2015,10,REG,TEN,CAR,1,46,-6.302,-0.136999
2015_10_CHI_STL,2015,10,REG,CHI,LA,0,63,6.6551,0.105636
2015_10_CHI_STL,2015,10,REG,LA,CHI,1,64,-31.8967,-0.498385
2015_10_CLE_PIT,2015,10,REG,CLE,PIT,0,69,-8.5626,-0.124096
2015_10_CLE_PIT,2015,10,REG,PIT,CLE,1,65,15.7857,0.242856
2015_10_DAL_TB,2015,10,REG,DAL,TB,0,53,-6.3489,-0.119791
2015_10_DAL_TB,2015,10,REG,TB,DAL,1,70,-0.3517,-0.005024
2015_10_DET_GB,2015,10,REG,DET,GB,0,65,-4.6626,-0.071732
2015_10_DET_GB,2015,10,REG,GB,DET,1,85,0.0497,0.000585
2015_10_HOU_CIN,2015,10,REG,CIN,HOU,1,67,-10.3775,-0.154889
2015_10_HOU_CIN,2015,10,REG,HOU,CIN,0,61,-5.4637,-0.089568
2015_10_JAX_BAL,2015,10,REG,BAL,JAX,1,68,-5.5757,-0.081995
2015_10_JAX_BAL,2015,10,REG,JAX,BAL,0,74,-5.6559,-0.076431
2015_10_KC_DEN,2015,10,REG,DEN,KC,1,71,-20.5688,-0.289701
2015_10_KC_DEN,2015,10,REG,KC,DEN,0,67,-5.0256,-0.075009
2015_10_MIA_PHI,2015,10,REG,MIA,PHI,0,65,0.4484,0.006898
2015_10_MIA_PHI,2015,10,REG,PHI,MIA,1,96,-3.2753,-0.034117
2015_10_MIN_OAK,2015,10,REG,LV,MIN,1,64,-4.3641,-0.06819
2015_10_MIN_OAK,2015,10,REG,MIN,LV,0,62,14.1681,0.228518
2015_10_NE_NYG,2015,10,REG,NE,NYG,0,70,5.5335,0.079051
2015_10_NE_NYG,2015,10,REG,NYG,NE,1,75,6.6654,0.088872
2015_10_NO_WAS,2015,10,REG,NO,WAS,0,57,-10.294,-0.180596
2015_10_NO_WAS,2015,10,REG,WAS,NO,1,62,22.2708,0.359206
2015_11_BUF_NE,2015,11,REG,BUF,NE,0,70,-3.1182,-0.044546
2015_11_BUF_NE,2015,11,REG,NE,BUF,1,67,-0.0526,-0.000785
2015_11_CIN_ARI,2015,11,REG,ARI,CIN,1,58,10.779,0.185845
2015_11_CIN_ARI,2015,11,REG,CIN,ARI,0,76,7.3249,0.09638
2015_11_DAL_MIA,2015,11,REG,DAL,MIA,0,70,4.6576,0.066538
2015_11_DAL_MIA,2015,11,REG,MIA,DAL,1,48,-10.3046,-0.214679
2015_11_DEN_CHI,2015,11,REG,CHI,DEN,1,63,-3.8497,-0.061107
2015_11_DEN_CHI,2015,11,REG,DEN,CHI,0,68,4.4413,0.065314
2015_11_GB_MIN,2015,11,REG,GB,MIN,0,75,8.1377,0.108503
2015_11_GB_MIN,2015,11,REG,MIN,GB,1,64,-8.6298,-0.134841
2015_11_IND_ATL,2015,11,REG,ATL,IND,1,75,-10.8762,-0.145016
2015_11_IND_ATL,2015,11,REG,IND,ATL,0,63,-8.5706,-0.136041
2015_11_KC_SD,2015,11,REG,KC,LAC,0,63,11.3897,0.180789
2015_11_KC_SD,2015,11,REG,LAC,KC,1,59,-21.3206,-0.361365
2015_11_NYJ_HOU,2015,11,REG,HOU,NYJ,1,72,0.1205,0.001673
2015_11_NYJ_HOU,2015,11,REG,NYJ,HOU,0,66,-10.785,-0.163409
2015_11_OAK_DET,2015,11,REG,DET,LV,1,70,3.0762,0.043945
2015_11_OAK_DET,2015,11,REG,LV,DET,0,52,-2.1677,-0.041686
2015_11_SF_SEA,2015,11,REG,SEA,SF,1,74,21.8403,0.295139
2015_11_SF_SEA,2015,11,REG,SF,SEA,0,53,-1.0258,-0.019354
2015_11_STL_BAL,2015,11,REG,BAL,LA,1,75,-20.7452,-0.276602
2015_11_STL_BAL,2015,11,REG,LA,BAL,0,62,-15.5272,-0.250439
2015_11_TB_PHI,2015,11,REG,PHI,TB,1,72,-6.542,-0.090861
2015_11_TB_PHI,2015,11,REG,TB,PHI,0,74,27.3065,0.369007
2015_11_TEN_JAX,2015,11,REG,JAX,TEN,1,60,-8.8329,-0.147214
2015_11_TEN_JAX,2015,11,REG,TEN,JAX,0,68,-4.1343,-0.060799
2015_11_WAS_CAR,2015,11,REG,CAR,WAS,1,78,9.7369,0.124833
2015_11_WAS_CAR,2015,11,REG,WAS,CAR,0,48,-25.5112,-0.531483
2015_12_ARI_SF,2015,12,REG,ARI,SF,0,78,6.2621,0.080283
2015_12_ARI_SF,2015,12,REG,SF,ARI,1,56,-1.2114,-0.021632
2015_12_BAL_CLE,2015,12,REG,BAL,CLE,0,59,-0.3656,-0.006197
2015_12_BAL_CLE,2015,12,REG,CLE,BAL,1,69,3.728,0.054029
2015_12_BUF_KC,2015,12,REG,BUF,KC,0,72,4.5242,0.062835
2015_12_BUF_KC,2015,12,REG,KC,BUF,1,61,14.871,0.243786
2015_12_CAR_DAL,2015,12,REG,CAR,DAL,0,68,1.4699,0.021616
2015_12_CAR_DAL,2015,12,REG,DAL,CAR,1,57,-19.4952,-0.342022
2015_12_CHI_GB,2015,12,REG,CHI,GB,0,66,-1.0196,-0.015449
2015_12_CHI_GB,2015,12,REG,GB,CHI,1,78,-14.3733,-0.184273
2015_12_MIA_NYJ,2015,12,REG,MIA,NYJ,0,72,-7.4537,-0.103524
2015_12_MIA_NYJ,2015,12,REG,NYJ,MIA,1,74,10.7392,0.145125
2015_12_MIN_ATL,2015,12,REG,ATL,MIN,1,63,-6.5019,-0.103205
2015_12_MIN_ATL,2015,12,REG,MIN,ATL,0,67,12.7968,0.190998
2015_12_NE_DEN,2015,12,REG,DEN,NE,1,79,1.4553,0.018421
2015_12_NE_DEN,2015,12,REG,NE,DEN,0,66,-5.3982,-0.081791
2015_12_NO_HOU,2015,12,REG,HOU,NO,1,67,3.7673,0.056228
2015_12_NO_HOU,2015,12,REG,NO,HOU,0,58,-16.6707,-0.287426
2015_12_NYG_WAS,2015,12,REG,NYG,WAS,0,69,-8.9606,-0.129864
2015_12_NYG_WAS,2015,12,REG,WAS,NYG,1,69,-1.284,-0.018609
2015_12_OAK_TEN,2015,12,REG,LV,TEN,0,70,6.6766,0.095381
2015_12_OAK_TEN,2015,12,REG,TEN,LV,1,61,-5.3709,-0.088048
2015_12_PHI_DET,2015,12,REG,DET,PHI,1,72,18.5912,0.258211
2015_12_PHI_DET,2015,12,REG,PHI,DET,0,58,-10.773,-0.185741
2015_12_PIT_SEA,2015,12,REG,PIT,SEA,0,80,9.6778,0.120973
2015_12_PIT_SEA,2015,12,REG,SEA,PIT,1,61,16.6756,0.27337
2015_12_SD_JAX,2015,12,REG,JAX,LAC,1,71,-2.0725,-0.02919
2015_12_SD_JAX,2015,12,REG,LAC,JAX,0,74,10.3021,0.139217
2015_12_STL_CIN,2015,12,REG,CIN,LA,1,58,4.1338,0.071273
2015_12_STL_CIN,2015,12,REG,LA,CIN,0,73,-16.6052,-0.227468
2015_12_TB_IND,2015,12,REG,IND,TB,1,71,3.399,0.047873
2015_12_TB_IND,2015,12,REG,TB,IND,0,67,-0.1007,-0.001502
2015_13_ARI_STL,2015,13,REG,ARI,LA,0,80,20.2718,0.253397
2015_13_ARI_STL,2015,13,REG,LA,ARI,1,48,-18.6446,-0.388429
2015_13_ATL_TB,2015,13,REG,ATL,TB,0,67,-0.4449,-0.006641
2015_13_ATL_TB,2015,13,REG,TB,ATL,1,68,8.1806,0.120303
2015_13_BAL_MIA,2015,13,REG,BAL,MIA,0,78,-14.5784,-0.186903
2015_13_BAL_MIA,2015,13,REG,MIA,BAL,1,48,-10.2754,-0.214071
2015_13_CAR_NO,2015,13,REG,CAR,NO,0,79,13.8999,0.175948
2015_13_CAR_NO,2015,13,REG,NO,CAR,1,60,4.3551,0.072585
2015_13_CIN_CLE,2015,13,REG,CIN,CLE,0,57,18.3982,0.322775
2015_13_CIN_CLE,2015,13,REG,CLE,CIN,1,63,-19.8367,-0.314868
2015_13_DAL_WAS,2015,13,REG,DAL,WAS,0,58,-9.4947,-0.163702
2015_13_DAL_WAS,2015,13,REG,WAS,DAL,1,65,-8.0017,-0.123102
2015_13_DEN_SD,2015,13,REG,DEN,LAC,0,68,-2.7701,-0.040737
2015_13_DEN_SD,2015,13,REG,LAC,DEN,1,66,-24.9117,-0.37745
2015_13_GB_DET,2015,13,REG,DET,GB,1,65,-6.9224,-0.106498
2015_13_GB_DET,2015,13,REG,GB,DET,0,66,3.6039,0.054605
2015_13_HOU_BUF,2015,13,REG,BUF,HOU,1,62,7.1056,0.114607
2015_13_HOU_BUF,2015,13,REG,HOU,BUF,0,75,0.3185,0.004246
2015_13_IND_PIT,2015,13,REG,IND,PIT,0,57,-19.7214,-0.34599
2015_13_IND_PIT,2015,13,REG,PIT,IND,1,73,19.9174,0.272841
2015_13_JAX_TEN,2015,13,REG,JAX,TEN,0,59,11.3171,0.191815
2015_13_JAX_TEN,2015,13,REG,TEN,JAX,1,69,15.7536,0.228313
2015_13_KC_OAK,2015,13,REG,KC,LV,0,50,-3.2386,-0.064771
2015_13_KC_OAK,2015,13,REG,LV,KC,1,79,-19.525,-0.247151
2015_13_NYJ_NYG,2015,13,REG,NYG,NYJ,1,66,-6.5277,-0.098905
2015_13_NYJ_NYG,2015,13,REG,NYJ,NYG,0,78,6.3459,0.081358
2015_13_PHI_NE,2015,13,REG,NE,PHI,1,86,-2.5313,-0.029433
2015_13_PHI_NE,2015,13,REG,PHI,NE,0,60,-3.5745,-0.059576
2015_13_SEA_MIN,2015,13,REG,MIN,SEA,1,52,-22.5781,-0.434195
2015_13_SEA_MIN,2015,13,REG,SEA,MIN,0,65,25.7202,0.395695
2015_13_SF_CHI,2015,13,REG,CHI,SF,1,78,-11.8366,-0.151751
2015_13_SF_CHI,2015,13,REG,SF,CHI,0,61,-1.6391,-0.026871
2015_14_ATL_CAR,2015,14,REG,ATL,CAR,0,65,-23.7951,-0.366078
2015_14_ATL_CAR,2015,14,REG,CAR,ATL,1,63,13.7079,0.217586
2015_14_BUF_PHI,2015,14,REG,BUF,PHI,0,73,7.0323,0.096333
2015_14_BUF_PHI,2015,14,REG,PHI,BUF,1,75,-5.5304,-0.073739
2015_14_DAL_GB,2015,14,REG,DAL,GB,0,52,-11.8932,-0.228714
2015_14_DAL_GB,2015,14,REG,GB,DAL,1,85,11.9964,0.141134
2015_14_DET_STL,2015,14,REG,DET,LA,0,70,-9.3189,-0.133127
2015_14_DET_STL,2015,14,REG,LA,DET,1,54,-1.101,-0.020389
2015_14_IND_JAX,2015,14,REG,IND,JAX,0,72,-28.1404,-0.390838
2015_14_IND_JAX,2015,14,REG,JAX,IND,1,65,0.7873,0.012112
2015_14_MIN_ARI,2015,14,REG,ARI,MIN,1,65,11.6347,0.178996
2015_14_MIN_ARI,2015,14,REG,MIN,ARI,0,67,5.2218,0.077937
2015_14_NE_HOU,2015,14,REG,HOU,NE,1,53,-26.6025,-0.501933
2015_14_NE_HOU,2015,14,REG,NE,HOU,0,64,1.2618,0.019715
2015_14_NO_TB,2015,14,REG,NO,TB,0,80,16.5179,0.206474
2015_14_NO_TB,2015,14,REG,TB,NO,1,54,4.5974,0.085137
2015_14_NYG_MIA,2015,14,REG,MIA,NYG,1,66,-0.3567,-0.005404
2015_14_NYG_MIA,2015,14,REG,NYG,MIA,0,64,17.3922,0.271752
2015_14_OAK_DEN,2015,14,REG,DEN,LV,1,80,-17.6163,-0.220204
2015_14_OAK_DEN,2015,14,REG,LV,DEN,0,53,-16.5655,-0.312556
2015_14_PIT_CIN,2015,14,REG,CIN,PIT,1,57,-2.7239,-0.047788
2015_14_PIT_CIN,2015,14,REG,PIT,CIN,0,69,10.8844,0.157746
2015_14_SD_KC,2015,14,REG,KC,LAC,1,54,3.608,0.066815
2015_14_SD_KC,2015,14,REG,LAC,KC,0,68,-9.5362,-0.140239
2015_14_SEA_BAL,2015,14,REG,BAL,SEA,1,57,-17.2962,-0.303443
2015_14_SEA_BAL,2015,14,REG,SEA,BAL,0,67,25.5904,0.381946
2015_14_SF_CLE,2015,14,REG,CLE,SF,1,74,10.725,0.144933
2015_14_SF_CLE,2015,14,REG,SF,CLE,0,56,-13.4272,-0.239771
2015_14_TEN_NYJ,2015,14,REG,NYJ,TEN,1,73,11.4006,0.156173
2015_14_TEN_NYJ,2015,14,REG,TEN,NYJ,0,61,-10.8761,-0.178297
2015_14_WAS_CHI,2015,14,REG,CHI,WAS,1,59,4.4574,0.075548
2015_14_WAS_CHI,2015,14,REG,WAS,CHI,0,69,13.446,0.194869
2015_15_ARI_PHI,2015,15,REG,ARI,PHI,0,74,20.9219,0.282729
2015_15_ARI_PHI,2015,15,REG,PHI,ARI,1,64,-13.428,-0.209813
2015_15_ATL_JAX,2015,15,REG,ATL,JAX,0,73,2.3058,0.031587
2015_15_ATL_JAX,2015,15,REG,JAX,ATL,1,61,-6.579,-0.107852
2015_15_BUF_WAS,2015,15,REG,BUF,WAS,0,67,10.8967,0.162637
2015_15_BUF_WAS,2015,15,REG,WAS,BUF,1,54,22.0471,0.40828
2015_15_CAR_NYG,2015,15,REG,CAR,NYG,0,76,12.8113,0.16857
2015_15_CAR_NYG,2015,15,REG,NYG,CAR,1,75,4.8022,0.06403
2015_15_CHI_MIN,2015,15,REG,CHI,MIN,0,64,-10.1407,-0.158449
2015_15_CHI_MIN,2015,15,REG,MIN,CHI,1,62,17.4721,0.281808
2015_15_CIN_SF,2015,15,REG,CIN,SF,0,64,-11.4928,-0.179576
2015_15_CIN_SF,2015,15,REG,SF,CIN,1,76,-22.2206,-0.292376
2015_15_CLE_SEA,2015,15,REG,CLE,SEA,0,55,2.8086,0.051065
2015_15_CLE_SEA,2015,15,REG,SEA,CLE,1,70,21.0911,0.301301
2015_15_DEN_PIT,2015,15,REG,DEN,PIT,0,76,-6.1983,-0.081557
2015_15_DEN_PIT,2015,15,REG,PIT,DEN,1,76,0.1527,0.00201
2015_15_DET_NO,2015,15,REG,DET,NO,0,51,15.8321,0.310433
2015_15_DET_NO,2015,15,REG,NO,DET,1,77,5.3894,0.069992
2015_15_GB_OAK,2015,15,REG,GB,LV,0,75,-3.7902,-0.050536
2015_15_GB_OAK,2015,15,REG,LV,GB,1,77,-15.4785,-0.20102
2015_15_HOU_IND,2015,15,REG,HOU,IND,0,71,-5.8889,-0.082942
2015_15_HOU_IND,2015,15,REG,IND,HOU,1,54,-18.4703,-0.342042
2015_15_KC_BAL,2015,15,REG,BAL,KC,1,69,-24.6629,-0.357433
2015_15_KC_BAL,2015,15,REG,KC,BAL,0,54,6.8164,0.126229
2015_15_MIA_SD,2015,15,REG,LAC,MIA,1,79,16.529,0.209228
2015_15_MIA_SD,2015,15,REG,MIA,LAC,0,56,-2.1613,-0.038594
2015_15_NYJ_DAL,2015,15,REG,DAL,NYJ,1,57,-15.7797,-0.276837
2015_15_NYJ_DAL,2015,15,REG,NYJ,DAL,0,70,-1.0933,-0.015619
2015_15_TB_STL,2015,15,REG,LA,TB,1,49,5.2993,0.108148
2015_15_TB_STL,2015,15,REG,TB,LA,0,81,4.7513,0.058658
2015_15_TEN_NE,2015,15,REG,NE,TEN,1,66,4.649,0.07044
2015_15_TEN_NE,2015,15,REG,TEN,NE,0,62,-16.9929,-0.27408
2015_16_CAR_ATL,2015,16,REG,ATL,CAR,1,60,8.1,0.135
2015_16_CAR_ATL,2015,16,REG,CAR,ATL,0,52,-2.8661,-0.055118
2015_16_CHI_TB,2015,16,REG,CHI,TB,0,71,5.2248,0.073589
2015_16_CHI_TB,2015,16,REG,TB,CHI,1,54,-1.1164,-0.020674
2015_16_CIN_DEN,2015,16,REG,CIN,DEN,0,71,4.8402,0.068171
2015_16_CIN_DEN,2015,16,REG,DEN,CIN,1,65,3.8228,0.058813
2015_16_CLE_KC,2015,16,REG,CLE,KC,0,68,-2.7999,-0.041175
2015_16_CLE_KC,2015,16,REG,KC,CLE,1,54,-0.9752,-0.018059
2015_16_DAL_BUF,2015,16,REG,BUF,DAL,1,60,0.3808,0.006347
2015_16_DAL_BUF,2015,16,REG,DAL,BUF,0,58,-4.8589,-0.083774
2015_16_GB_ARI,2015,16,REG,ARI,GB,1,56,-0.3921,-0.007001
2015_16_GB_ARI,2015,16,REG,GB,ARI,0,71,-29.9917,-0.422419
2015_16_HOU_TEN,2015,16,REG,HOU,TEN,0,69,5.1285,0.074326
2015_16_HOU_TEN,2015,16,REG,TEN,HOU,1,66,-25.5618,-0.3873
2015_16_IND_MIA,2015,16,REG,IND,MIA,0,57,5.6381,0.098913
2015_16_IND_MIA,2015,16,REG,MIA,IND,1,72,-1.1821,-0.016418
2015_16_JAX_NO,2015,16,REG,JAX,NO,0,57,8.9428,0.156891
2015_16_JAX_NO,2015,16,REG,NO,JAX,1,74,28.8845,0.390331
2015_16_NE_NYJ,2015,16,REG,NE,NYJ,0,55,0.0653,0.001188
2015_16_NE_NYJ,2015,16,REG,NYJ,NE,1,71,4.2718,0.060166
2015_16_NYG_MIN,2015,16,REG,MIN,NYG,1,68,6.2905,0.092507
2015_16_NYG_MIN,2015,16,REG,NYG,MIN,0,62,-21.9711,-0.354373
2015_16_PIT_BAL,2015,16,REG,BAL,PIT,1,75,2.618,0.034906
2015_16_PIT_BAL,2015,16,REG,PIT,BAL,0,61,0.8459,0.013868
2015_16_SD_OAK,2015,16,REG,LAC,LV,0,78,-5.858,-0.075103
2015_16_SD_OAK,2015,16,REG,LV,LAC,1,71,-11.8489,-0.166885
2015_16_SF_DET,2015,16,REG,DET,SF,1,68,7.0433,0.103578
2015_16_SF_DET,2015,16,REG,SF,DET,0,62,-3.5801,-0.057743
2015_16_STL_SEA,2015,16,REG,LA,SEA,0,53,2.233,0.042132
2015_16_STL_SEA,2015,16,REG,SEA,LA,1,73,-10.819,-0.148205
2015_16_WAS_PHI,2015,16,REG,PHI,WAS,1,81,-9.2209,-0.113838
2015_16_WAS_PHI,2015,16,REG,WAS,PHI,0,72,14.943,0.207542
2015_17_BAL_CIN,2015,17,REG,BAL,CIN,0,78,-11.5191,-0.147681
2015_17_BAL_CIN,2015,17,REG,CIN,BAL,1,60,3.5148,0.058581
2015_17_DET_CHI,2015,17,REG,CHI,DET,1,52,-0.4082,-0.00785
2015_17_DET_CHI,2015,17,REG,DET,CHI,0,62,11.1677,0.180125
2015_17_JAX_HOU,2015,17,REG,HOU,JAX,1,76,-0.5108,-0.006721
2015_17_JAX_HOU,2015,17,REG,JAX,HOU,0,57,-37.2282,-0.653126
2015_17_MIN_GB,2015,17,REG,GB,MIN,1,78,-13.8187,-0.177163
2015_17_MIN_GB,2015,17,REG,MIN,GB,0,49,-1.2096,-0.024686
2015_17_NE_MIA,2015,17,REG,MIA,NE,1,73,3.2301,0.044249
2015_17_NE_MIA,2015,17,REG,NE,MIA,0,59,-8.9768,-0.152149
2015_17_NO_ATL,2015,17,REG,ATL,NO,1,67,6.305,0.094104
2015_17_NO_ATL,2015,17,REG,NO,ATL,0,66,10.1108,0.153194
2015_17_NYJ_BUF,2015,17,REG,BUF,NYJ,1,74,-6.0341,-0.081542
2015_17_NYJ_BUF,2015,17,REG,NYJ,BUF,0,57,-1.1747,-0.02061
2015_17_OAK_KC,2015,17,REG,KC,LV,1,65,-4.9732,-0.076511
2015_17_OAK_KC,2015,17,REG,LV,KC,0,56,-8.1779,-0.146034
2015_17_PHI_NYG,2015,17,REG,NYG,PHI,1,83,4.4148,0.053191
2015_17_PHI_NYG,2015,17,REG,PHI,NYG,0,64,15.6786,0.244978
2015_17_PIT_CLE,2015,17,REG,CLE,PIT,1,83,-25.153,-0.303048
2015_17_PIT_CLE,2015,17,REG,PIT,CLE,0,54,-1.3604,-0.025193
2015_17_SD_DEN,2015,17,REG,DEN,LAC,1,64,-6.1512,-0.096112
2015_17_SD_DEN,2015,17,REG,LAC,DEN,0,73,-11.6732,-0.159908
2015_17_SEA_ARI,2015,17,REG,ARI,SEA,1,58,-11.8978,-0.205134
2015_17_SEA_ARI,2015,17,REG,SEA,ARI,0,70,16.4743,0.235346
2015_17_STL_SF,2015,17,REG,LA,SF,0,72,0.036,0.0005
2015_17_STL_SF,2015,17,REG,SF,LA,1,77,-6.8986,-0.089592
2015_17_TB_CAR,2015,17,REG,CAR,TB,1,62,11.1245,0.179427
2015_17_TB_CAR,2015,17,REG,TB,CAR,0,74,-8.4167,-0.113739
2015_17_TEN_IND,2015,17,REG,IND,TEN,1,69,-3.0788,-0.04462
2015_17_TEN_IND,2015,17,REG,TEN,IND,0,57,-8.6018,-0.150909
2015_17_WAS_DAL,2015,17,REG,DAL,WAS,1,70,-2.9316,-0.04188
2015_17_WAS_DAL,2015,17,REG,WAS,DAL,0,62,15.8306,0.255333
2015_18_GB_WAS,2015,18,POST,GB,WAS,0,72,12.6863,0.176198
2015_18_GB_WAS,2015,18,POST,WAS,GB,1,69,-10.716,-0.155304
2015_18_KC_HOU,2015,18,POST,HOU,KC,1,63,-27.4077,-0.435043
2015_18_KC_HOU,2015,18,POST,KC,HOU,0,60,2.6654,0.044424
2015_18_PIT_CIN,2015,18,POST,CIN,PIT,1,71,-13.2115,-0.186078
2015_18_PIT_CIN,2015,18,POST,PIT,CIN,0,74,-9.7094,-0.131208
2015_18_SEA_MIN,2015,18,POST,MIN,SEA,1,57,-13.5393,-0.237532
2015_18_SEA_MIN,2015,18,POST,SEA,MIN,0,57,-10.5652,-0.185355
2015_19_GB_ARI,2015,19,POST,ARI,GB,1,64,3.2769,0.051202
2015_19_GB_ARI,2015,19,POST,GB,ARI,0,71,3.6939,0.052027
2015_19_KC_NE,2015,19,POST,KC,NE,0,86,5.7176,0.066484
2015_19_KC_NE,2015,19,POST,NE,KC,1,53,12.7961,0.241436
2015_19_PIT_DEN,2015,19,POST,DEN,PIT,1,72,-9.5373,-0.132462
2015_19_PIT_DEN,2015,19,POST,PIT,DEN,0,61,-6.4699,-0.106064
2015_19_SEA_CAR,2015,19,POST,CAR,SEA,1,61,8.7557,0.143536
2015_19_SEA_CAR,2015,19,POST,SEA,CAR,0,64,1.7897,0.027963
2015_20_ARI_CAR,2015,20,POST,ARI,CAR,0,62,-17.824,-0.287484
2015_20_ARI_CAR,2015,20,POST,CAR,ARI,1,64,15.3814,0.240334
2015_20_NE_DEN,2015,20,POST,DEN,NE,1,65,-12.5595,-0.193222
2015_20_NE_DEN,2015,20,POST,NE,DEN,0,79,-12.1938,-0.154351
2015_21_CAR_DEN,2015,21,POST,CAR,DEN,0,75,-19.808,-0.264107
2015_21_CAR_DEN,2015,21,POST,DEN,CAR,1,59,-19.7032,-0.333953
2016_01_BUF_BAL,2016,1,REG,BAL,BUF,1,65,-5.1356,-0.07901
2016_01_BUF_BAL,2016,1,REG,BUF,BAL,0,49,-8.0866,-0.165034
2016_01_CAR_DEN,2016,1,REG,CAR,DEN,0,69,2.8878,0.041852
2016_01_CAR_DEN,2016,1,REG,DEN,CAR,1,56,1.5194,0.027131
2016_01_CHI_HOU,2016,1,REG,CHI,HOU,0,57,-10.5823,-0.185654
2016_01_CHI_HOU,2016,1,REG,HOU,CHI,1,73,-1.865,-0.025547
2016_01_CIN_NYJ,2016,1,REG,CIN,NYJ,0,56,9.7429,0.17398
2016_01_CIN_NYJ,2016,1,REG,NYJ,CIN,1,71,2.777,0.039113
2016_01_CLE_PHI,2016,1,REG,CLE,PHI,0,52,-15.6206,-0.300396
2016_01_CLE_PHI,2016,1,REG,PHI,CLE,1,77,2.8019,0.036388
2016_01_DET_IND,2016,1,REG,DET,IND,0,64,23.8536,0.372712
2016_01_DET_IND,2016,1,REG,IND,DET,1,70,17.9973,0.257104
2016_01_GB_JAX,2016,1,REG,GB,JAX,0,62,11.5471,0.186243
2016_01_GB_JAX,2016,1,REG,JAX,GB,1,71,2.559,0.036043
2016_01_LA_SF,2016,1,REG,LA,SF,0,60,-28.6457,-0.477428
2016_01_LA_SF,2016,1,REG,SF,LA,1,80,3.0102,0.037627
2016_01_MIA_SEA,2016,1,REG,MIA,SEA,0,54,-9.9921,-0.185039
2016_01_MIA_SEA,2016,1,REG,SEA,MIA,1,82,-12.137,-0.148012
2016_01_MIN_TEN,2016,1,REG,MIN,TEN,0,62,-0.3938,-0.006352
2016_01_MIN_TEN,2016,1,REG,TEN,MIN,1,67,-16.9687,-0.253264
2016_01_NE_ARI,2016,1,REG,ARI,NE,1,61,9.6718,0.158555
2016_01_NE_ARI,2016,1,REG,NE,ARI,0,70,6.8536,0.097908
2016_01_NYG_DAL,2016,1,REG,DAL,NYG,1,76,-0.7103,-0.009346
2016_01_NYG_DAL,2016,1,REG,NYG,DAL,0,56,5.5007,0.098227
2016_01_OAK_NO,2016,1,REG,LV,NO,0,72,19.9437,0.276996
2016_01_OAK_NO,2016,1,REG,NO,LV,1,67,17.4799,0.260893
2016_01_PIT_WAS,2016,1,REG,PIT,WAS,0,67,21.0895,0.314768
2016_01_PIT_WAS,2016,1,REG,WAS,PIT,1,58,-0.7588,-0.013083
2016_01_SD_KC,2016,1,REG,KC,LAC,1,71,8.6881,0.122367
2016_01_SD_KC,2016,1,REG,LAC,KC,0,72,13.8901,0.192918
2016_01_TB_ATL,2016,1,REG,ATL,TB,1,64,1.3365,0.020883
2016_01_TB_ATL,2016,1,REG,TB,ATL,0,62,12.5522,0.202455
2016_02_ATL_OAK,2016,2,REG,ATL,LV,0,66,23.6748,0.358709
2016_02_ATL_OAK,2016,2,REG,LV,ATL,1,75,14.0159,0.186879
2016_02_BAL_CLE,2016,2,REG,BAL,CLE,0,75,-2.1282,-0.028376
2016_02_BAL_CLE,2016,2,REG,CLE,BAL,1,62,3.8163,0.061554
2016_02_CIN_PIT,2016,2,REG,CIN,PIT,0,76,-3.2951,-0.043357
2016_02_CIN_PIT,2016,2,REG,PIT,CIN,1,74,-0.8902,-0.01203
2016_02_DAL_WAS,2016,2,REG,DAL,WAS,0,68,12.7296,0.1872
2016_02_DAL_WAS,2016,2,REG,WAS,DAL,1,66,3.8111,0.057744
2016_02_GB_MIN,2016,2,REG,GB,MIN,0,71,-5.1139,-0.072027
2016_02_GB_MIN,2016,2,REG,MIN,GB,1,57,-2.4226,-0.042502
2016_02_IND_DEN,2016,2,REG,DEN,IND,1,71,6.0732,0.085537
2016_02_IND_DEN,2016,2,REG,IND,DEN,0,71,-11.2543,-0.158511
2016_02_JAX_SD,2016,2,REG,JAX,LAC,0,66,-7.1314,-0.108051
2016_02_JAX_SD,2016,2,REG,LAC,JAX,1,68,10.0015,0.147081
2016_02_KC_HOU,2016,2,REG,HOU,KC,1,70,-12.6337,-0.180481
2016_02_KC_HOU,2016,2,REG,KC,HOU,0,64,-23.2415,-0.363149
2016_02_MIA_NE,2016,2,REG,MIA,NE,0,63,3.3031,0.05243
2016_02_MIA_NE,2016,2,REG,NE,MIA,1,79,12.5371,0.158697
2016_02_NO_NYG,2016,2,REG,NO,NYG,0,62,-4.9218,-0.079384
2016_02_NO_NYG,2016,2,REG,NYG,NO,1,75,-6.8105,-0.090807
2016_02_NYJ_BUF,2016,2,REG,BUF,NYJ,1,52,6.7247,0.129321
2016_02_NYJ_BUF,2016,2,REG,NYJ,BUF,0,73,20.5718,0.281805
2016_02_PHI_CHI,2016,2,REG,CHI,PHI,1,52,-17.2504,-0.331738
2016_02_PHI_CHI,2016,2,REG,PHI,CHI,0,68,2.2552,0.033165
2016_02_SEA_LA,2016,2,REG,LA,SEA,1,60,-1.8605,-0.031009
2016_02_SEA_LA,2016,2,REG,SEA,LA,0,67,-5.2426,-0.078248
2016_02_SF_CAR,2016,2,REG,CAR,SF,1,82,6.2277,0.075947
2016_02_SF_CAR,2016,2,REG,SF,CAR,0,65,-17.0282,-0.261973
2016_02_TB_ARI,2016,2,REG,ARI,TB,1,66,9.7445,0.147644
2016_02_TB_ARI,2016,2,REG,TB,ARI,0,78,-21.6955,-0.278147
2016_02_TEN_DET,2016,2,REG,DET,TEN,1,79,-3.287,-0.041607
2016_02_TEN_DET,2016,2,REG,TEN,DET,0,66,10.6618,0.161542
2016_03_ARI_BUF,2016,3,REG,ARI,BUF,0,83,-23.4274,-0.282257
2016_03_ARI_BUF,2016,3,REG,BUF,ARI,1,62,-4.7839,-0.077159
2016_03_ATL_NO,2016,3,REG,ATL,NO,0,62,28.1665,0.454298
2016_03_ATL_NO,2016,3,REG,NO,ATL,1,81,5.0081,0.061828
2016_03_BAL_JAX,2016,3,REG,BAL,JAX,0,66,-11.1234,-0.168536
2016_03_BAL_JAX,2016,3,REG,JAX,BAL,1,66,-15.4364,-0.233884
2016_03_CHI_DAL,2016,3,REG,CHI,DAL,0,63,-2.5923,-0.041148
2016_03_CHI_DAL,2016,3,REG,DAL,CHI,1,68,12.849,0.188957
2016_03_CLE_MIA,2016,3,REG,CLE,MIA,0,81,4.5212,0.055818
2016_03_CLE_MIA,2016,3,REG,MIA,CLE,1,66,-5.1097,-0.07742
2016_03_DEN_CIN,2016,3,REG,CIN,DEN,1,66,-2.2659,-0.034332
2016_03_DEN_CIN,2016,3,REG,DEN,CIN,0,66,7.1107,0.107738
2016_03_DET_GB,2016,3,REG,DET,GB,0,68,13.8233,0.203283
2016_03_DET_GB,2016,3,REG,GB,DET,1,51,16.4786,0.323109
2016_03_HOU_NE,2016,3,REG,HOU,NE,0,71,-17.9192,-0.252383
2016_03_HOU_NE,2016,3,REG,NE,HOU,1,60,-2.2225,-0.037041
2016_03_LA_TB,2016,3,REG,LA,TB,0,65,0.3431,0.005278
2016_03_LA_TB,2016,3,REG,TB,LA,1,89,-2.7607,-0.03102
2016_03_MIN_CAR,2016,3,REG,CAR,MIN,1,77,-16.1617,-0.209893
2016_03_MIN_CAR,2016,3,REG,MIN,CAR,0,53,-4.6681,-0.088077
2016_03_NYJ_KC,2016,3,REG,KC,NYJ,1,60,-7.232,-0.120533
2016_03_NYJ_KC,2016,3,REG,NYJ,KC,0,68,-24.1344,-0.354917
2016_03_OAK_TEN,2016,3,REG,LV,TEN,0,64,0.0664,0.001038
2016_03_OAK_TEN,2016,3,REG,TEN,LV,1,68,-10.6615,-0.156786
2016_03_PIT_PHI,2016,3,REG,PHI,PIT,1,65,20.0015,0.307715
2016_03_PIT_PHI,2016,3,REG,PIT,PHI,0,60,-12.9665,-0.216108
2016_03_SD_IND,2016,3,REG,IND,LAC,1,72,-6.7171,-0.093294
2016_03_SD_IND,2016,3,REG,LAC,IND,0,59,-2.4897,-0.042198
2016_03_SF_SEA,2016,3,REG,SEA,SF,1,68,4.8225,0.070918
2016_03_SF_SEA,2016,3,REG,SF,SEA,0,57,-6.3986,-0.112255
2016_03_WAS_NYG,2016,3,REG,NYG,WAS,1,67,2.1795,0.032529
2016_03_WAS_NYG,2016,3,REG,WAS,NYG,0,69,10.063,0.145841
2016_04_BUF_NE,2016,4,REG,BUF,NE,0,78,7.4823,0.095927
2016_04_BUF_NE,2016,4,REG,NE,BUF,1,56,-13.5335,-0.24167
2016_04_CAR_ATL,2016,4,REG,ATL,CAR,1,65,19.388,0.298277
2016_04_CAR_ATL,2016,4,REG,CAR,ATL,0,71,1.843,0.025957
2016_04_CLE_WAS,2016,4,REG,CLE,WAS,0,71,0.9762,0.013749
2016_04_CLE_WAS,2016,4,REG,WAS,CLE,1,62,9.6507,0.155657
2016_04_DAL_SF,2016,4,REG,DAL,SF,0,73,18.4138,0.252243
2016_04_DAL_SF,2016,4,REG,SF,DAL,1,52,0.1511,0.002905
2016_04_DEN_TB,2016,4,REG,DEN,TB,0,69,5.0142,0.072669
2016_04_DEN_TB,2016,4,REG,TB,DEN,1,70,-22.3916,-0.319881
2016_04_DET_CHI,2016,4,REG,CHI,DET,1,66,5.9378,0.089966
2016_04_DET_CHI,2016,4,REG,DET,CHI,0,63,-8.3254,-0.13215
2016_04_IND_JAX,2016,4,REG,IND,JAX,0,77,5.7381,0.074521
2016_04_IND_JAX,2016,4,REG,JAX,IND,1,72,10.3655,0.143965
2016_04_KC_PIT,2016,4,REG,KC,PIT,0,75,-5.3785,-0.071713
2016_04_KC_PIT,2016,4,REG,PIT,KC,1,57,22.0277,0.386451
2016_04_LA_ARI,2016,4,REG,ARI,LA,1,76,-9.3833,-0.123465
2016_04_LA_ARI,2016,4,REG,LA,ARI,0,58,-6.0374,-0.104092
2016_04_MIA_CIN,2016,4,REG,CIN,MIA,1,66,-2.709,-0.041046
2016_04_MIA_CIN,2016,4,REG,MIA,CIN,0,45,-13.9914,-0.310921
2016_04_NO_SD,2016,4,REG,LAC,NO,1,70,-2.4255,-0.034651
2016_04_NO_SD,2016,4,REG,NO,LAC,0,69,3.3306,0.04827
2016_04_NYG_MIN,2016,4,REG,MIN,NYG,1,72,3.4016,0.047245
2016_04_NYG_MIN,2016,4,REG,NYG,MIN,0,66,-14.3093,-0.216808
2016_04_OAK_BAL,2016,4,REG,BAL,LV,1,88,-4.1139,-0.046749
2016_04_OAK_BAL,2016,4,REG,LV,BAL,0,57,-4.2413,-0.074409
2016_04_SEA_NYJ,2016,4,REG,NYJ,SEA,1,71,-1.6246,-0.022882
2016_04_SEA_NYJ,2016,4,REG,SEA,NYJ,0,57,12.827,0.225035
2016_04_TEN_HOU,2016,4,REG,HOU,TEN,1,64,-1.9835,-0.030992
2016_04_TEN_HOU,2016,4,REG,TEN,HOU,0,67,-0.9026,-0.013471
2016_05_ARI_SF,2016,5,REG,ARI,SF,0,66,-1.0406,-0.015767
2016_05_ARI_SF,2016,5,REG,SF,ARI,1,78,-6.9217,-0.08874
2016_05_ATL_DEN,2016,5,REG,ATL,DEN,0,66,0.9301,0.014092
2016_05_ATL_DEN,2016,5,REG,DEN,ATL,1,69,-3.7681,-0.054611
2016_05_BUF_LA,2016,5,REG,BUF,LA,0,54,2.1976,0.040696
2016_05_BUF_LA,2016,5,REG,LA,BUF,1,67,-12.7047,-0.189622
2016_05_CHI_IND,2016,5,REG,CHI,IND,0,65,11.5397,0.177534
2016_05_CHI_IND,2016,5,REG,IND,CHI,1,66,5.8192,0.088169
2016_05_CIN_DAL,2016,5,REG,CIN,DAL,0,70,10.3105,0.147292
2016_05_CIN_DAL,2016,5,REG,DAL,CIN,1,53,16.7531,0.316096
2016_05_HOU_MIN,2016,5,REG,HOU,MIN,0,64,-11.0075,-0.171991
2016_05_HOU_MIN,2016,5,REG,MIN,HOU,1,72,5.8415,0.081132
2016_05_NE_CLE,2016,5,REG,CLE,NE,1,61,-6.7145,-0.110074
2016_05_NE_CLE,2016,5,REG,NE,CLE,0,78,17.1013,0.219248
2016_05_NYG_GB,2016,5,REG,GB,NYG,1,77,-0.4095,-0.005318
2016_05_NYG_GB,2016,5,REG,NYG,GB,0,56,-11.3151,-0.202055
2016_05_NYJ_PIT,2016,5,REG,NYJ,PIT,0,58,-0.4771,-0.008226
2016_05_NYJ_PIT,2016,5,REG,PIT,NYJ,1,75,10.3886,0.138515
2016_05_PHI_DET,2016,5,REG,DET,PHI,1,58,3.6539,0.062998
2016_05_PHI_DET,2016,5,REG,PHI,DET,0,61,4.8022,0.078724
2016_05_SD_OAK,2016,5,REG,LAC,LV,0,52,2.4109,0.046364
2016_05_SD_OAK,2016,5,REG,LV,LAC,1,72,7.0554,0.097991
2016_05_TB_CAR,2016,5,REG,CAR,TB,1,54,-0.9029,-0.016721
2016_05_TB_CAR,2016,5,REG,TB,CAR,0,72,3.9771,0.055238
2016_05_TEN_MIA,2016,5,REG,MIA,TEN,1,44,-12.0608,-0.274108
2016_05_TEN_MIA,2016,5,REG,TEN,MIA,0,72,11.5763,0.160782
2016_05_WAS_BAL,2016,5,REG,BAL,WAS,1,72,-10.9526,-0.15212
2016_05_WAS_BAL,2016,5,REG,WAS,BAL,0,64,-3.1755,-0.049617
2016_06_ATL_SEA,2016,6,REG,ATL,SEA,0,67,2.8566,0.042635
2016_06_ATL_SEA,2016,6,REG,SEA,ATL,1,63,8.5168,0.135187
2016_06_BAL_NYG,2016,6,REG,BAL,NYG,0,83,1.9815,0.023873
2016_06_BAL_NYG,2016,6,REG,NYG,BAL,1,67,4.6519,0.069432
2016_06_CAR_NO,2016,6,REG,CAR,NO,0,80,13.0086,0.162607
2016_06_CAR_NO,2016,6,REG,NO,CAR,1,72,17.0708,0.237094
2016_06_CIN_NE,2016,6,REG,CIN,NE,0,68,8.4125,0.123713
2016_06_CIN_NE,2016,6,REG,NE,CIN,1,64,18.6789,0.291858
2016_06_CLE_TEN,2016,6,REG,CLE,TEN,0,67,6.8841,0.102748
2016_06_CLE_TEN,2016,6,REG,TEN,CLE,1,61,9.4047,0.154175
2016_06_DAL_GB,2016,6,REG,DAL,GB,0,64,8.2175,0.128399
2016_06_DAL_GB,2016,6,REG,GB,DAL,1,70,-11.5644,-0.165206
2016_06_DEN_SD,2016,6,REG,DEN,LAC,0,74,-13.785,-0.186284
2016_06_DEN_SD,2016,6,REG,LAC,DEN,1,66,-3.2329,-0.048983
2016_06_IND_HOU,2016,6,REG,HOU,IND,1,69,3.892,0.056406
2016_06_IND_HOU,2016,6,REG,IND,HOU,0,71,1.2283,0.0173
2016_06_JAX_CHI,2016,6,REG,CHI,JAX,1,80,-1.1795,-0.014743
2016_06_JAX_CHI,2016,6,REG,JAX,CHI,0,59,-1.2117,-0.020538
2016_06_KC_OAK,2016,6,REG,KC,LV,0,62,16.9101,0.272744
2016_06_KC_OAK,2016,6,REG,LV,KC,1,54,-12.1895,-0.225732
2016_06_LA_DET,2016,6,REG,DET,LA,1,60,19.9916,0.333194
2016_06_LA_DET,2016,6,REG,LA,DET,0,58,19.9816,0.344511
2016_06_NYJ_ARI,2016,6,REG,ARI,NYJ,1,75,17.0817,0.227756
2016_06_NYJ_ARI,2016,6,REG,NYJ,ARI,0,55,-14.7863,-0.268841
2016_06_PHI_WAS,2016,6,REG,PHI,WAS,0,52,-6.8935,-0.132568
2016_06_PHI_WAS,2016,6,REG,WAS,PHI,1,73,9.3742,0.128414
2016_06_PIT_MIA,2016,6,REG,MIA,PIT,1,69,15.5466,0.225313
2016_06_PIT_MIA,2016,6,REG,PIT,MIA,0,54,-3.4626,-0.064123
2016_06_SF_BUF,2016,6,REG,BUF,SF,1,78,13.0087,0.166779
2016_06_SF_BUF,2016,6,REG,SF,BUF,0,60,-7.109,-0.118483
2016_07_BAL_NYJ,2016,7,REG,BAL,NYJ,0,57,-22.2854,-0.390972
2016_07_BAL_NYJ,2016,7,REG,NYJ,BAL,1,68,-3.9686,-0.058361
2016_07_BUF_MIA,2016,7,REG,BUF,MIA,0,57,4.1379,0.072595
2016_07_BUF_MIA,2016,7,REG,MIA,BUF,1,72,11.8471,0.164543
2016_07_CHI_GB,2016,7,REG,CHI,GB,0,47,-10.8843,-0.23158
2016_07_CHI_GB,2016,7,REG,GB,CHI,1,86,14.3502,0.166863
2016_07_CLE_CIN,2016,7,REG,CIN,CLE,1,61,25.0083,0.409973
2016_07_CLE_CIN,2016,7,REG,CLE,CIN,0,64,2.9826,0.046602
2016_07_HOU_DEN,2016,7,REG,DEN,HOU,1,63,3.1367,0.04979
2016_07_HOU_DEN,2016,7,REG,HOU,DEN,0,70,-16.1891,-0.231272
2016_07_IND_TEN,2016,7,REG,IND,TEN,0,68,18.5809,0.273249
2016_07_IND_TEN,2016,7,REG,TEN,IND,1,73,7.8128,0.107025
2016_07_MIN_PHI,2016,7,REG,MIN,PHI,0,75,-24.5586,-0.327448
2016_07_MIN_PHI,2016,7,REG,PHI,MIN,1,57,-20.0682,-0.352074
2016_07_NE_PIT,2016,7,REG,NE,PIT,0,56,11.4176,0.203886
2016_07_NE_PIT,2016,7,REG,PIT,NE,1,72,-5.6735,-0.078798
2016_07_NO_KC,2016,7,REG,KC,NO,1,50,9.3759,0.187518
2016_07_NO_KC,2016,7,REG,NO,KC,0,74,7.5422,0.101922
2016_07_NYG_LA,2016,7,REG,LA,NYG,1,79,-14.92,-0.188861
2016_07_NYG_LA,2016,7,REG,NYG,LA,0,55,-9.0807,-0.165103
2016_07_OAK_JAX,2016,7,REG,JAX,LV,1,67,-7.2748,-0.108579
2016_07_OAK_JAX,2016,7,REG,LV,JAX,0,71,4.7045,0.066261
2016_07_SD_ATL,2016,7,REG,ATL,LAC,1,65,-0.4483,-0.006897
2016_07_SD_ATL,2016,7,REG,LAC,ATL,0,74,6.7911,0.091771
2016_07_SEA_ARI,2016,7,REG,ARI,SEA,1,95,-9.6064,-0.10112
2016_07_SEA_ARI,2016,7,REG,SEA,ARI,0,63,-16.6736,-0.26466
2016_07_TB_SF,2016,7,REG,SF,TB,1,70,-8.2369,-0.117669
2016_07_TB_SF,2016,7,REG,TB,SF,0,74,12.9874,0.175505
2016_07_WAS_DET,2016,7,REG,DET,WAS,1,53,6.7084,0.126573
2016_07_WAS_DET,2016,7,REG,WAS,DET,0,73,7.0178,0.096135
2016_08_ARI_CAR,2016,8,REG,ARI,CAR,0,71,-9.0366,-0.127277
2016_08_ARI_CAR,2016,8,REG,CAR,ARI,1,67,-2.499,-0.037299
2016_08_DET_HOU,2016,8,REG,DET,HOU,0,61,-1.304,-0.021377
2016_08_DET_HOU,2016,8,REG,HOU,DET,1,64,-0.9045,-0.014132
2016_08_GB_ATL,2016,8,REG,ATL,GB,1,62,16.8778,0.272223
2016_08_GB_ATL,2016,8,REG,GB,ATL,0,62,15.2012,0.245181
2016_08_JAX_TEN,2016,8,REG,JAX,TEN,0,72,7.7224,0.107256
2016_08_JAX_TEN,2016,8,REG,TEN,JAX,1,67,15.4859,0.231133
2016_08_KC_IND,2016,8,REG,IND,KC,1,65,-13.0615,-0.200947
2016_08_KC_IND,2016,8,REG,KC,IND,0,73,10.6998,0.146572
2016_08_MIN_CHI,2016,8,REG,CHI,MIN,1,61,7.6059,0.124688
2016_08_MIN_CHI,2016,8,REG,MIN,CHI,0,61,-3.6721,-0.060198
2016_08_NE_BUF,2016,8,REG,BUF,NE,1,78,9.1521,0.117334
2016_08_NE_BUF,2016,8,REG,NE,BUF,0,67,21.7554,0.324708
2016_08_NYJ_CLE,2016,8,REG,CLE,NYJ,1,72,4.657,0.064681
2016_08_NYJ_CLE,2016,8,REG,NYJ,CLE,0,71,15.6085,0.219838
2016_08_OAK_TB,2016,8,REG,LV,TB,0,94,17.6667,0.187943
2016_08_OAK_TB,2016,8,REG,TB,LV,1,68,0.0643,0.000946
2016_08_PHI_DAL,2016,8,REG,DAL,PHI,1,78,6.0324,0.077338
2016_08_PHI_DAL,2016,8,REG,PHI,DAL,0,76,-4.5138,-0.059393
2016_08_SD_DEN,2016,8,REG,DEN,LAC,1,63,-16.5529,-0.262744
2016_08_SD_DEN,2016,8,REG,LAC,DEN,0,81,-23.962,-0.295827
2016_08_SEA_NO,2016,8,REG,NO,SEA,1,76,-0.9692,-0.012753
2016_08_SEA_NO,2016,8,REG,SEA,NO,0,53,-1.8369,-0.034659
2016_08_WAS_CIN,2016,8,REG,CIN,WAS,1,88,12.4666,0.141665
2016_08_WAS_CIN,2016,8,REG,WAS,CIN,0,90,18.8514,0.20946
2016_09_ATL_TB,2016,9,REG,ATL,TB,0,71,22.2292,0.313087
2016_09_ATL_TB,2016,9,REG,TB,ATL,1,80,2.3599,0.029498
2016_09_BUF_SEA,2016,9,REG,BUF,SEA,0,85,11.6201,0.136707
2016_09_BUF_SEA,2016,9,REG,SEA,BUF,1,46,10.4339,0.226824
2016_09_CAR_LA,2016,9,REG,CAR,LA,0,63,-3.1046,-0.049279
2016_09_CAR_LA,2016,9,REG,LA,CAR,1,68,-8.2664,-0.121565
2016_09_DAL_CLE,2016,9,REG,CLE,DAL,1,44,-1.3833,-0.031438
2016_09_DAL_CLE,2016,9,REG,DAL,CLE,0,70,28.6851,0.409788
2016_09_DEN_OAK,2016,9,REG,DEN,LV,0,54,-1.3354,-0.02473
2016_09_DEN_OAK,2016,9,REG,LV,DEN,1,82,10.3945,0.126762
2016_09_DET_MIN,2016,9,REG,DET,MIN,0,65,-1.5533,-0.023897
2016_09_DET_MIN,2016,9,REG,MIN,DET,1,69,0.2098,0.00304
2016_09_IND_GB,2016,9,REG,GB,IND,1,68,6.0266,0.088627
2016_09_IND_GB,2016,9,REG,IND,GB,0,65,5.7048,0.087766
2016_09_JAX_KC,2016,9,REG,JAX,KC,0,77,-8.1963,-0.106445
2016_09_JAX_KC,2016,9,REG,KC,JAX,1,55,-16.3082,-0.296513
2016_09_NO_SF,2016,9,REG,NO,SF,0,84,27.5482,0.327955
2016_09_NO_SF,2016,9,REG,SF,NO,1,60,-9.2376,-0.153961
2016_09_NYJ_MIA,2016,9,REG,MIA,NYJ,1,63,0.6225,0.00988
2016_09_NYJ_MIA,2016,9,REG,NYJ,MIA,0,58,4.6409,0.080015
2016_09_PHI_NYG,2016,9,REG,NYG,PHI,1,62,-5.1695,-0.083379
2016_09_PHI_NYG,2016,9,REG,PHI,NYG,0,75,-8.0696,-0.107594
2016_09_PIT_BAL,2016,9,REG,BAL,PIT,1,67,-16.2827,-0.243026
2016_09_PIT_BAL,2016,9,REG,PIT,BAL,0,68,-12.8623,-0.189151
2016_09_TEN_SD,2016,9,REG,LAC,TEN,1,77,19.3235,0.250954
2016_09_TEN_SD,2016,9,REG,TEN,LAC,0,64,2.2579,0.035279
2016_10_ATL_PHI,2016,10,REG,ATL,PHI,0,50,-3.0115,-0.06023
2016_10_ATL_PHI,2016,10,REG,PHI,ATL,1,76,8.4451,0.111119
2016_10_CHI_TB,2016,10,REG,CHI,TB,0,56,-24.5955,-0.439205
2016_10_CHI_TB,2016,10,REG,TB,CHI,1,75,5.054,0.067387
2016_10_CIN_NYG,2016,10,REG,CIN,NYG,0,58,-6.9608,-0.120013
2016_10_CIN_NYG,2016,10,REG,NYG,CIN,1,73,-3.7482,-0.051345
2016_10_CLE_BAL,2016,10,REG,BAL,CLE,1,79,4.6371,0.058698
2016_10_CLE_BAL,2016,10,REG,CLE,BAL,0,50,-18.1967,-0.363934
2016_10_DAL_PIT,2016,10,REG,DAL,PIT,0,65,16.5688,0.254904
2016_10_DAL_PIT,2016,10,REG,PIT,DAL,1,74,11.5902,0.156624
2016_10_DEN_NO,2016,10,REG,DEN,NO,0,81,-2.5611,-0.031619
2016_10_DEN_NO,2016,10,REG,NO,DEN,1,51,-8.5578,-0.1678
2016_10_GB_TEN,2016,10,REG,GB,TEN,0,78,3.2712,0.041939
2016_10_GB_TEN,2016,10,REG,TEN,GB,1,59,18.802,0.318678
2016_10_HOU_JAX,2016,10,REG,HOU,JAX,0,63,2.2112,0.035098
2016_10_HOU_JAX,2016,10,REG,JAX,HOU,1,78,-6.0131,-0.077091
2016_10_KC_CAR,2016,10,REG,CAR,KC,1,72,-2.2827,-0.031704
2016_10_KC_CAR,2016,10,REG,KC,CAR,0,64,-1.1692,-0.018269
2016_10_LA_NYJ,2016,10,REG,LA,NYJ,0,66,-5.6832,-0.08611
2016_10_LA_NYJ,2016,10,REG,NYJ,LA,1,60,-5.1623,-0.086039
2016_10_MIA_SD,2016,10,REG,LAC,MIA,1,77,-6.0379,-0.078414
2016_10_MIA_SD,2016,10,REG,MIA,LAC,0,50,11.2162,0.224324
2016_10_MIN_WAS,2016,10,REG,MIN,WAS,0,67,3.1014,0.046289
2016_10_MIN_WAS,2016,10,REG,WAS,MIN,1,62,6.6759,0.107675
2016_10_SEA_NE,2016,10,REG,NE,SEA,1,66,6.5388,0.099073
2016_10_SEA_NE,2016,10,REG,SEA,NE,0,70,20.6104,0.294434
2016_10_SF_ARI,2016,10,REG,ARI,SF,1,78,-4.374,-0.056077
2016_10_SF_ARI,2016,10,REG,SF,ARI,0,63,-3.994,-0.063396
2016_11_ARI_MIN,2016,11,REG,ARI,MIN,0,74,-10.4726,-0.141521
2016_11_ARI_MIN,2016,11,REG,MIN,ARI,1,57,-6.5987,-0.115767
2016_11_BAL_DAL,2016,11,REG,BAL,DAL,0,55,6.4079,0.116508
2016_11_BAL_DAL,2016,11,REG,DAL,BAL,1,71,13.8812,0.195509
2016_11_BUF_CIN,2016,11,REG,BUF,CIN,0,65,-2.6495,-0.040762
2016_11_BUF_CIN,2016,11,REG,CIN,BUF,1,72,-8.8353,-0.122713
2016_11_CHI_NYG,2016,11,REG,CHI,NYG,0,63,2.2706,0.036041
2016_11_CHI_NYG,2016,11,REG,NYG,CHI,1,64,7.2574,0.113397
2016_11_GB_WAS,2016,11,REG,GB,WAS,0,68,12.0352,0.176988
2016_11_GB_WAS,2016,11,REG,WAS,GB,1,64,28.3202,0.442504
2016_11_HOU_OAK,2016,11,REG,HOU,LV,0,76,8.5876,0.112994
2016_11_HOU_OAK,2016,11,REG,LV,HOU,1,51,12.4274,0.243674
2016_11_JAX_DET,2016,11,REG,DET,JAX,1,56,-10.5396,-0.188208
2016_11_JAX_DET,2016,11,REG,JAX,DET,0,65,-12.664,-0.19483
2016_11_MIA_LA,2016,11,REG,LA,MIA,1,61,-13.4168,-0.219948
2016_11_MIA_LA,2016,11,REG,MIA,LA,0,60,-9.6493,-0.160821
2016_11_NE_SF,2016,11,REG,NE,SF,0,75,16.1381,0.215175
2016_11_NE_SF,2016,11,REG,SF,NE,1,63,-0.859,-0.013634
2016_11_NO_CAR,2016,11,REG,CAR,NO,1,62,-6.3488,-0.102399
2016_11_NO_CAR,2016,11,REG,NO,CAR,0,74,4.0477,0.054699
2016_11_PHI_SEA,2016,11,REG,PHI,SEA,0,80,-8.1463,-0.101828
2016_11_PHI_SEA,2016,11,REG,SEA,PHI,1,64,7.0174,0.109648
2016_11_PIT_CLE,2016,11,REG,CLE,PIT,1,66,-7.3635,-0.111569
2016_11_PIT_CLE,2016,11,REG,PIT,CLE,0,69,10.0041,0.144986
2016_11_TB_KC,2016,11,REG,KC,TB,1,52,6.8597,0.131918
2016_11_TB_KC,2016,11,REG,TB,KC,0,77,11.9882,0.155691
2016_11_TEN_IND,2016,11,REG,IND,TEN,1,56,7.2122,0.12879
2016_11_TEN_IND,2016,11,REG,TEN,IND,0,72,-0.4019,-0.005582
2016_12_ARI_ATL,2016,12,REG,ARI,ATL,0,66,-2.7694,-0.04196
2016_12_ARI_ATL,2016,12,REG,ATL,ARI,1,68,12.5314,0.184286
2016_12_CAR_OAK,2016,12,REG,CAR,LV,0,65,3.137,0.048261
2016_12_CAR_OAK,2016,12,REG,LV,CAR,1,72,-0.5192,-0.007211
2016_12_CIN_BAL,2016,12,REG,BAL,CIN,1,68,-9.7634,-0.143579
2016_12_CIN_BAL,2016,12,REG,CIN,BAL,0,75,-4.7161,-0.062882
2016_12_GB_PHI,2016,12,REG,GB,PHI,0,68,21.7767,0.320246
2016_12_GB_PHI,2016,12,REG,PHI,GB,1,59,0.2396,0.004062
2016_12_JAX_BUF,2016,12,REG,BUF,JAX,1,54,10.2786,0.190344
2016_12_JAX_BUF,2016,12,REG,JAX,BUF,0,67,6.2008,0.092549
2016_12_KC_DEN,2016,12,REG,DEN,KC,1,79,11.6256,0.14716
2016_12_KC_DEN,2016,12,REG,KC,DEN,0,83,-6.6148,-0.079697
2016_12_LA_NO,2016,12,REG,LA,NO,0,52,-12.4969,-0.240325
2016_12_LA_NO,2016,12,REG,NO,LA,1,73,20.337,0.27859
2016_12_MIN_DET,2016,12,REG,DET,MIN,1,58,-3.9784,-0.068593
2016_12_MIN_DET,2016,12,REG,MIN,DET,0,58,-3.1521,-0.054347
2016_12_NE_NYJ,2016,12,REG,NE,NYJ,0,70,9.5212,0.136017
2016_12_NE_NYJ,2016,12,REG,NYJ,NE,1,56,-3.202,-0.057179
2016_12_NYG_CLE,2016,12,REG,CLE,NYG,1,74,-23.0945,-0.312087
2016_12_NYG_CLE,2016,12,REG,NYG,CLE,0,54,0.7095,0.013139
2016_12_PIT_IND,2016,12,REG,IND,PIT,1,64,-9.8011,-0.153142
2016_12_PIT_IND,2016,12,REG,PIT,IND,0,54,16.7322,0.309856
2016_12_SD_HOU,2016,12,REG,HOU,LAC,1,68,-11.2789,-0.165866
2016_12_SD_HOU,2016,12,REG,LAC,HOU,0,56,4.3962,0.078504
2016_12_SEA_TB,2016,12,REG,SEA,TB,0,63,-18.904,-0.300064
2016_12_SEA_TB,2016,12,REG,TB,SEA,1,64,-4.6735,-0.073023
2016_12_SF_MIA,2016,12,REG,MIA,SF,1,59,11.8329,0.200558
2016_12_SF_MIA,2016,12,REG,SF,MIA,0,77,5.8038,0.075374
2016_12_TEN_CHI,2016,12,REG,CHI,TEN,1,80,0.8989,0.011237
2016_12_TEN_CHI,2016,12,REG,TEN,CHI,0,57,12.9673,0.227496
2016_12_WAS_DAL,2016,12,REG,DAL,WAS,1,53,16.1839,0.305357
2016_12_WAS_DAL,2016,12,REG,WAS,DAL,0,75,23.1833,0.309111
2016_13_BUF_OAK,2016,13,REG,BUF,LV,0,72,5.8404,0.081117
2016_13_BUF_OAK,2016,13,REG,LV,BUF,1,71,8.7931,0.123847
2016_13_CAR_SEA,2016,13,REG,CAR,SEA,0,58,-16.6307,-0.286736
2016_13_CAR_SEA,2016,13,REG,SEA,CAR,1,71,17.5367,0.246995
2016_13_DAL_MIN,2016,13,REG,DAL,MIN,0,51,-12.4787,-0.24468
2016_13_DAL_MIN,2016,13,REG,MIN,DAL,1,74,-6.7987,-0.091874
2016_13_DEN_JAX,2016,13,REG,DEN,JAX,0,55,-13.4212,-0.244021
2016_13_DEN_JAX,2016,13,REG,JAX,DEN,1,84,-26.654,-0.317309
2016_13_DET_NO,2016,13,REG,DET,NO,0,70,15.719,0.224558
2016_13_DET_NO,2016,13,REG,NO,DET,1,61,-10.3198,-0.169176
2016_13_HOU_GB,2016,13,REG,GB,HOU,1,58,-1.1778,-0.020307
2016_13_HOU_GB,2016,13,REG,HOU,GB,0,66,-3.2371,-0.049047
2016_13_IND_NYJ,2016,13,REG,IND,NYJ,0,70,17.7181,0.253116
2016_13_IND_NYJ,2016,13,REG,NYJ,IND,1,51,-16.4076,-0.321717
2016_13_KC_ATL,2016,13,REG,ATL,KC,1,73,4.1148,0.056367
2016_13_KC_ATL,2016,13,REG,KC,ATL,0,47,13.6384,0.290178
2016_13_LA_NE,2016,13,REG,LA,NE,0,50,-19.9824,-0.399648
2016_13_LA_NE,2016,13,REG,NE,LA,1,77,-0.1898,-0.002464
2016_13_MIA_BAL,2016,13,REG,BAL,MIA,1,68,11.8896,0.174847
2016_13_MIA_BAL,2016,13,REG,MIA,BAL,0,62,-15.7203,-0.253553
2016_13_NYG_PIT,2016,13,REG,NYG,PIT,0,59,-14.2618,-0.241726
2016_13_NYG_PIT,2016,13,REG,PIT,NYG,1,72,-1.4219,-0.019748
2016_13_PHI_CIN,2016,13,REG,CIN,PHI,1,63,10.4699,0.166189
2016_13_PHI_CIN,2016,13,REG,PHI,CIN,0,79,-4.0413,-0.051156
2016_13_SF_CHI,2016,13,REG,CHI,SF,1,61,3.7485,0.061451
2016_13_SF_CHI,2016,13,REG,SF,CHI,0,57,-17.1808,-0.301417
2016_13_TB_SD,2016,13,REG,LAC,TB,1,55,-1.7498,-0.031814
2016_13_TB_SD,2016,13,REG,TB,LAC,0,62,8.6363,0.139295
2016_13_WAS_ARI,2016,13,REG,ARI,WAS,1,74,14.1066,0.19063
2016_13_WAS_ARI,2016,13,REG,WAS,ARI,0,59,4.034,0.068373
2016_14_ARI_MIA,2016,14,REG,ARI,MIA,0,69,-11.4408,-0.165809
2016_14_ARI_MIA,2016,14,REG,MIA,ARI,1,60,-8.8432,-0.147387
2016_14_ATL_LA,2016,14,REG,ATL,LA,0,58,8.499,0.146535
2016_14_ATL_LA,2016,14,REG,LA,ATL,1,72,-23.9341,-0.332418
2016_14_BAL_NE,2016,14,REG,BAL,NE,0,70,0.55,0.007857
2016_14_BAL_NE,2016,14,REG,NE,BAL,1,68,9.365,0.13772
2016_14_CHI_DET,2016,14,REG,CHI,DET,0,56,3.9134,0.069881
2016_14_CHI_DET,2016,14,REG,DET,CHI,1,71,-0.0761,-0.001072
2016_14_CIN_CLE,2016,14,REG,CIN,CLE,0,71,8.7987,0.123925
2016_14_CIN_CLE,2016,14,REG,CLE,CIN,1,54,-6.6269,-0.122721
2016_14_DAL_NYG,2016,14,REG,DAL,NYG,0,66,-23.3016,-0.353055
2016_14_DAL_NYG,2016,14,REG,NYG,DAL,1,65,-21.6143,-0.332527
2016_14_DEN_TEN,2016,14,REG,DEN,TEN,0,66,-9.9904,-0.15137
2016_14_DEN_TEN,2016,14,REG,TEN,DEN,1,64,-8.2195,-0.12843
2016_14_HOU_IND,2016,14,REG,HOU,IND,0,69,-0.9872,-0.014308
2016_14_HOU_IND,2016,14,REG,IND,HOU,1,65,-3.3303,-0.051236
2016_14_MIN_JAX,2016,14,REG,JAX,MIN,1,67,1.0013,0.014944
2016_14_MIN_JAX,2016,14,REG,MIN,JAX,0,64,4.1822,0.065347
2016_14_NO_TB,2016,14,REG,NO,TB,0,61,-9.0019,-0.147573
2016_14_NO_TB,2016,14,REG,TB,NO,1,64,-0.2267,-0.003542
2016_14_NYJ_SF,2016,14,REG,NYJ,SF,0,84,3.4689,0.041296
2016_14_NYJ_SF,2016,14,REG,SF,NYJ,1,57,-4.4981,-0.078913
2016_14_OAK_KC,2016,14,REG,KC,LV,1,52,-7.767,-0.149366
2016_14_OAK_KC,2016,14,REG,LV,KC,0,76,-16.4547,-0.216509
2016_14_PIT_BUF,2016,14,REG,BUF,PIT,1,52,-0.2388,-0.004593
2016_14_PIT_BUF,2016,14,REG,PIT,BUF,0,72,5.03,0.069861
2016_14_SD_CAR,2016,14,REG,CAR,LAC,1,69,-10.6793,-0.154772
2016_14_SD_CAR,2016,14,REG,LAC,CAR,0,65,-12.5572,-0.193188
2016_14_SEA_GB,2016,14,REG,GB,SEA,1,56,9.556,0.170642
2016_14_SEA_GB,2016,14,REG,SEA,GB,0,71,-22.4023,-0.315526
2016_14_WAS_PHI,2016,14,REG,PHI,WAS,1,79,-1.3304,-0.01684
2016_14_WAS_PHI,2016,14,REG,WAS,PHI,0,46,11.0301,0.239785
2016_15_CAR_WAS,2016,15,REG,CAR,WAS,0,72,3.0136,0.041856
2016_15_CAR_WAS,2016,15,REG,WAS,CAR,1,63,-16.2332,-0.25767
2016_15_CLE_BUF,2016,15,REG,BUF,CLE,1,67,16.6975,0.249217
2016_15_CLE_BUF,2016,15,REG,CLE,BUF,0,58,-0.9235,-0.015922
2016_15_DET_NYG,2016,15,REG,DET,NYG,0,62,-9.0515,-0.145993
2016_15_DET_NYG,2016,15,REG,NYG,DET,1,64,0.0281,0.000439
2016_15_GB_CHI,2016,15,REG,CHI,GB,1,66,5.3974,0.081779
2016_15_GB_CHI,2016,15,REG,GB,CHI,0,60,11.7319,0.195532
2016_15_IND_MIN,2016,15,REG,IND,MIN,0,70,12.6382,0.180546
2016_15_IND_MIN,2016,15,REG,MIN,IND,1,58,-17.8813,-0.308299
2016_15_JAX_HOU,2016,15,REG,HOU,JAX,1,82,-12.413,-0.151378
2016_15_JAX_HOU,2016,15,REG,JAX,HOU,0,53,-16.7616,-0.316257
2016_15_LA_SEA,2016,15,REG,LA,SEA,0,61,-19.6381,-0.321936
2016_15_LA_SEA,2016,15,REG,SEA,LA,1,59,12.7054,0.215346
2016_15_MIA_NYJ,2016,15,REG,MIA,NYJ,0,48,9.8389,0.204977
2016_15_MIA_NYJ,2016,15,REG,NYJ,MIA,1,76,-21.3517,-0.280943
2016_15_NE_DEN,2016,15,REG,DEN,NE,1,62,-20.6603,-0.333231
2016_15_NE_DEN,2016,15,REG,NE,DEN,0,74,-5.9959,-0.081025
2016_15_NO_ARI,2016,15,REG,ARI,NO,1,59,15.165,0.257034
2016_15_NO_ARI,2016,15,REG,NO,ARI,0,84,19.3108,0.22989
2016_15_OAK_SD,2016,15,REG,LAC,LV,1,55,-6.1016,-0.110937
2016_15_OAK_SD,2016,15,REG,LV,LAC,0,59,-1.3241,-0.022442
2016_15_PHI_BAL,2016,15,REG,BAL,PHI,1,56,-3.176,-0.056713
2016_15_PHI_BAL,2016,15,REG,PHI,BAL,0,86,-3.5511,-0.041292
2016_15_PIT_CIN,2016,15,REG,CIN,PIT,1,58,-0.3463,-0.005971
2016_15_PIT_CIN,2016,15,REG,PIT,CIN,0,71,12.8234,0.180612
2016_15_SF_ATL,2016,15,REG,ATL,SF,1,67,21.4979,0.320864
2016_15_SF_ATL,2016,15,REG,SF,ATL,0,55,-3.458,-0.062872
2016_15_TB_DAL,2016,15,REG,DAL,TB,1,73,2.0616,0.028242
2016_15_TB_DAL,2016,15,REG,TB,DAL,0,61,-6.8872,-0.112904
2016_15_TEN_KC,2016,15,REG,KC,TEN,1,58,-3.4636,-0.059717
2016_15_TEN_KC,2016,15,REG,TEN,KC,0,64,-2.5362,-0.039628
2016_16_ARI_SEA,2016,16,REG,ARI,SEA,0,59,6.2082,0.105224
2016_16_ARI_SEA,2016,16,REG,SEA,ARI,1,83,0.2383,0.002871
2016_16_ATL_CAR,2016,16,REG,ATL,CAR,0,63,15.3281,0.243302
2016_16_ATL_CAR,2016,16,REG,CAR,ATL,1,68,-12.4258,-0.182732
2016_16_BAL_PIT,2016,16,REG,BAL,PIT,0,76,5.8411,0.076857
2016_16_BAL_PIT,2016,16,REG,PIT,BAL,1,55,11.3513,0.206387
2016_16_CIN_HOU,2016,16,REG,CIN,HOU,0,63,-9.3952,-0.149131
2016_16_CIN_HOU,2016,16,REG,HOU,CIN,1,64,-8.5722,-0.133941
2016_16_DEN_KC,2016,16,REG,DEN,KC,0,61,-14.7472,-0.241758
2016_16_DEN_KC,2016,16,REG,KC,DEN,1,75,11.5479,0.153972
2016_16_DET_DAL,2016,16,REG,DAL,DET,1,57,25.212,0.442316
2016_16_DET_DAL,2016,16,REG,DET,DAL,0,71,1.4232,0.020046
2016_16_IND_OAK,2016,16,REG,IND,LV,0,55,4.6884,0.085243
2016_16_IND_OAK,2016,16,REG,LV,IND,1,73,15.5754,0.213362
2016_16_MIA_BUF,2016,16,REG,BUF,MIA,1,91,16.609,0.182516
2016_16_MIA_BUF,2016,16,REG,MIA,BUF,0,67,17.9089,0.267297
2016_16_MIN_GB,2016,16,REG,GB,MIN,1,59,8.78,0.148814
2016_16_MIN_GB,2016,16,REG,MIN,GB,0,78,0.1514,0.001941
2016_16_NYG_PHI,2016,16,REG,NYG,PHI,0,89,-4.1771,-0.046934
2016_16_NYG_PHI,2016,16,REG,PHI,NYG,1,54,-1.4072,-0.02606
2016_16_NYJ_NE,2016,16,REG,NE,NYJ,1,71,13.1198,0.184786
2016_16_NYJ_NE,2016,16,REG,NYJ,NE,0,56,-19.8469,-0.35441
2016_16_SD_CLE,2016,16,REG,CLE,LAC,1,71,2.2568,0.031786
2016_16_SD_CLE,2016,16,REG,LAC,CLE,0,67,5.7811,0.086284
2016_16_SF_LA,2016,16,REG,LA,SF,1,58,-10.9342,-0.188521
2016_16_SF_LA,2016,16,REG,SF,LA,0,73,-2.5603,-0.035073
2016_16_TB_NO,2016,16,REG,NO,TB,1,68,11.9122,0.175179
2016_16_TB_NO,2016,16,REG,TB,NO,0,61,7.6498,0.125406
2016_16_TEN_JAX,2016,16,REG,JAX,TEN,1,71,6.4803,0.091272
2016_16_TEN_JAX,2016,16,REG,TEN,JAX,0,68,-11.4371,-0.168193
2016_16_WAS_CHI,2016,16,REG,CHI,WAS,1,70,-0.9164,-0.013091
2016_16_WAS_CHI,2016,16,REG,WAS,CHI,0,66,25.1406,0.380918
2016_17_ARI_LA,2016,17,REG,ARI,LA,0,70,2.3017,0.032882
2016_17_ARI_LA,2016,17,REG,LA,ARI,1,61,-44.4294,-0.728351
2016_17_BAL_CIN,2016,17,REG,BAL,CIN,0,73,-10.2052,-0.139798
2016_17_BAL_CIN,2016,17,REG,CIN,BAL,1,65,8.8425,0.136038
2016_17_BUF_NYJ,2016,17,REG,BUF,NYJ,0,63,-25.2931,-0.401477
2016_17_BUF_NYJ,2016,17,REG,NYJ,BUF,1,61,-7.0268,-0.115194
2016_17_CAR_TB,2016,17,REG,CAR,TB,0,70,-10.7987,-0.154267
2016_17_CAR_TB,2016,17,REG,TB,CAR,1,62,-10.6798,-0.172254
2016_17_CHI_MIN,2016,17,REG,CHI,MIN,0,60,-15.5664,-0.259439
2016_17_CHI_MIN,2016,17,REG,MIN,CHI,1,60,8.5265,0.142109
2016_17_CLE_PIT,2016,17,REG,CLE,PIT,0,78,3.1784,0.040749
2016_17_CLE_PIT,2016,17,REG,PIT,CLE,1,71,3.259,0.045902
2016_17_DAL_PHI,2016,17,REG,DAL,PHI,0,55,-12.2921,-0.223492
2016_17_DAL_PHI,2016,17,REG,PHI,DAL,1,76,2.9618,0.038971
2016_17_GB_DET,2016,17,REG,DET,GB,1,66,8.1695,0.123781
2016_17_GB_DET,2016,17,REG,GB,DET,0,72,22.9084,0.318172
2016_17_HOU_TEN,2016,17,REG,HOU,TEN,0,72,-2.4924,-0.034617
2016_17_HOU_TEN,2016,17,REG,TEN,HOU,1,60,-3.9687,-0.066145
2016_17_JAX_IND,2016,17,REG,IND,JAX,1,69,-3.5641,-0.051654
2016_17_JAX_IND,2016,17,REG,JAX,IND,0,73,2.6136,0.035803
2016_17_KC_SD,2016,17,REG,KC,LAC,0,61,7.8636,0.128911
2016_17_KC_SD,2016,17,REG,LAC,KC,1,66,5.3587,0.081192
2016_17_NE_MIA,2016,17,REG,MIA,NE,1,59,-10.1458,-0.171963
2016_17_NE_MIA,2016,17,REG,NE,MIA,0,67,19.3455,0.288739
2016_17_NO_ATL,2016,17,REG,ATL,NO,1,61,23.0182,0.377348
2016_17_NO_ATL,2016,17,REG,NO,ATL,0,76,12.4445,0.163744
2016_17_NYG_WAS,2016,17,REG,NYG,WAS,0,72,-8.0054,-0.111186
2016_17_NYG_WAS,2016,17,REG,WAS,NYG,1,55,-17.4535,-0.317336
2016_17_OAK_DEN,2016,17,REG,DEN,LV,1,72,0.4411,0.006126
2016_17_OAK_DEN,2016,17,REG,LV,DEN,0,54,-25.0582,-0.464041
2016_17_SEA_SF,2016,17,REG,SEA,SF,0,63,5.8395,0.09269
2016_17_SEA_SF,2016,17,REG,SF,SEA,1,60,-10.2754,-0.171256
2016_18_DET_SEA,2016,18,POST,DET,SEA,0,52,-10.8555,-0.208759
2016_18_DET_SEA,2016,18,POST,SEA,DET,1,70,15.8071,0.225816
2016_18_MIA_PIT,2016,18,POST,MIA,PIT,0,66,-13.0488,-0.19771
2016_18_MIA_PIT,2016,18,POST,PIT,MIA,1,55,9.2776,0.168683
2016_18_NYG_GB,2016,18,POST,GB,NYG,1,70,9.8839,0.141199
2016_18_NYG_GB,2016,18,POST,NYG,GB,0,63,-7.9451,-0.126113
2016_18_OAK_HOU,2016,18,POST,HOU,LV,1,71,-5.6292,-0.079284
2016_18_OAK_HOU,2016,18,POST,LV,HOU,0,73,-23.4025,-0.320582
2016_19_GB_DAL,2016,19,POST,DAL,GB,1,67,11.661,0.174045
2016_19_GB_DAL,2016,19,POST,GB,DAL,0,66,20.1615,0.305477
2016_19_HOU_NE,2016,19,POST,HOU,NE,0,69,-22.3749,-0.324274
2016_19_HOU_NE,2016,19,POST,NE,HOU,1,66,-2.5122,-0.038064
2016_19_PIT_KC,2016,19,POST,KC,PIT,1,56,-2.481,-0.044304
2016_19_PIT_KC,2016,19,POST,PIT,KC,0,63,2.0596,0.032693
2016_19_SEA_ATL,2016,19,POST,ATL,SEA,1,68,17.7206,0.260597
2016_19_SEA_ATL,2016,19,POST,SEA,ATL,0,54,-3.0923,-0.057264
2016_20_GB_ATL,2016,20,POST,ATL,GB,1,71,29.3866,0.413896
2016_20_GB_ATL,2016,20,POST,GB,ATL,0,68,10.6614,0.156786
2016_20_PIT_NE,2016,20,POST,NE,PIT,1,69,17.8497,0.258691
2016_20_PIT_NE,2016,20,POST,PIT,NE,0,69,-0.3707,-0.005373
2016_21_NE_ATL,2016,21,POST,ATL,NE,1,48,5.0949,0.106144
2016_21_NE_ATL,2016,21,POST,NE,ATL,0,99,11.0725,0.111843
2017_01_ARI_DET,2017,1,REG,ARI,DET,0,75,-21.3661,-0.284882
2017_01_ARI_DET,2017,1,REG,DET,ARI,1,72,-10.6213,-0.147519
2017_01_ATL_CHI,2017,1,REG,ATL,CHI,0,57,13.515,0.237105
2017_01_ATL_CHI,2017,1,REG,CHI,ATL,1,67,0.2475,0.003693
2017_01_BAL_CIN,2017,1,REG,BAL,CIN,0,66,-2.3181,-0.035122
2017_01_BAL_CIN,2017,1,REG,CIN,BAL,1,61,-31.2164,-0.511744
2017_01_CAR_SF,2017,1,REG,CAR,SF,0,63,-0.8956,-0.014215
2017_01_CAR_SF,2017,1,REG,SF,CAR,1,57,-22.7322,-0.398811
2017_01_IND_LA,2017,1,REG,IND,LA,0,49,-28.5679,-0.583019
2017_01_IND_LA,2017,1,REG,LA,IND,1,62,3.5845,0.057815
2017_01_JAX_HOU,2017,1,REG,HOU,JAX,1,79,-33.0524,-0.418385
2017_01_JAX_HOU,2017,1,REG,JAX,HOU,0,62,6.2558,0.1009
2017_01_KC_NE,2017,1,REG,KC,NE,0,65,23.2739,0.35806
2017_01_KC_NE,2017,1,REG,NE,KC,1,80,0.3679,0.004598
2017_01_LAC_DEN,2017,1,REG,DEN,LAC,1,67,-0.5219,-0.00779
2017_01_LAC_DEN,2017,1,REG,LAC,DEN,0,58,1.3505,0.023285
2017_01_NO_MIN,2017,1,REG,MIN,NO,1,63,18.8606,0.299374
2017_01_NO_MIN,2017,1,REG,NO,MIN,0,62,8.4227,0.13585
2017_01_NYG_DAL,2017,1,REG,DAL,NYG,1,73,5.4003,0.073977
2017_01_NYG_DAL,2017,1,REG,NYG,DAL,0,56,-8.9053,-0.159023
2017_01_NYJ_BUF,2017,1,REG,BUF,NYJ,1,74,5.8354,0.078857
2017_01_NYJ_BUF,2017,1,REG,NYJ,BUF,0,57,-13.5795,-0.238237
2017_01_OAK_TEN,2017,1,REG,LV,TEN,0,65,9.8568,0.151642
2017_01_OAK_TEN,2017,1,REG,TEN,LV,1,64,3.5617,0.055652
2017_01_PHI_WAS,2017,1,REG,PHI,WAS,0,68,-5.0337,-0.074025
2017_01_PHI_WAS,2017,1,REG,WAS,PHI,1,63,-15.0884,-0.239499
2017_01_PIT_CLE,2017,1,REG,CLE,PIT,1,66,-3.3097,-0.050147
2017_01_PIT_CLE,2017,1,REG,PIT,CLE,0,57,0.648,0.011369
2017_01_SEA_GB,2017,1,REG,GB,SEA,1,79,0.6075,0.007689
2017_01_SEA_GB,2017,1,REG,SEA,GB,0,49,-11.8883,-0.242618
2017_02_ARI_IND,2017,2,REG,ARI,IND,0,64,-2.6999,-0.042185
2017_02_ARI_IND,2017,2,REG,IND,ARI,1,71,-11.4402,-0.161129
2017_02_BUF_CAR,2017,2,REG,BUF,CAR,0,54,-14.2749,-0.26435
2017_02_BUF_CAR,2017,2,REG,CAR,BUF,1,68,-7.6398,-0.11235
2017_02_CHI_TB,2017,2,REG,CHI,TB,0,64,-17.1868,-0.268544
2017_02_CHI_TB,2017,2,REG,TB,CHI,1,69,1.3434,0.019469
2017_02_CLE_BAL,2017,2,REG,BAL,CLE,1,67,-2.3033,-0.034378
2017_02_CLE_BAL,2017,2,REG,CLE,BAL,0,71,-14.7791,-0.208156
2017_02_DAL_DEN,2017,2,REG,DAL,DEN,0,71,-20.9251,-0.29472
2017_02_DAL_DEN,2017,2,REG,DEN,DAL,1,76,5.809,0.076434
2017_02_DET_NYG,2017,2,REG,DET,NYG,0,62,-7.5446,-0.121688
2017_02_DET_NYG,2017,2,REG,NYG,DET,1,56,-15.9032,-0.283986
2017_02_GB_ATL,2017,2,REG,ATL,GB,1,58,11.3317,0.195375
2017_02_GB_ATL,2017,2,REG,GB,ATL,0,75,5.0678,0.06757
2017_02_HOU_CIN,2017,2,REG,CIN,HOU,1,64,-19.5853,-0.30602
2017_02_HOU_CIN,2017,2,REG,HOU,CIN,0,66,-7.6955,-0.116598
2017_02_MIA_LAC,2017,2,REG,LAC,MIA,1,58,9.3146,0.160596
2017_02_MIA_LAC,2017,2,REG,MIA,LAC,0,67,8.651,0.12912
2017_02_MIN_PIT,2017,2,REG,MIN,PIT,0,66,-15.5472,-0.235563
2017_02_MIN_PIT,2017,2,REG,PIT,MIN,1,72,5.237,0.072737
2017_02_NE_NO,2017,2,REG,NE,NO,0,76,24.3943,0.320978
2017_02_NE_NO,2017,2,REG,NO,NE,1,64,-0.0736,-0.001149
2017_02_NYJ_OAK,2017,2,REG,LV,NYJ,1,57,23.4613,0.411602
2017_02_NYJ_OAK,2017,2,REG,NYJ,LV,0,56,3.1771,0.056735
2017_02_PHI_KC,2017,2,REG,KC,PHI,1,53,8.5743,0.161779
2017_02_PHI_KC,2017,2,REG,PHI,KC,0,72,8.0073,0.111213
2017_02_SF_SEA,2017,2,REG,SEA,SF,1,78,-3.2452,-0.041605
2017_02_SF_SEA,2017,2,REG,SF,SEA,0,49,-12.5165,-0.255438
2017_02_TEN_JAX,2017,2,REG,JAX,TEN,1,67,-13.6859,-0.204267
2017_02_TEN_JAX,2017,2,REG,TEN,JAX,0,66,9.2781,0.140578
2017_02_WAS_LA,2017,2,REG,LA,WAS,1,50,-1.0104,-0.020208
2017_02_WAS_LA,2017,2,REG,WAS,LA,0,71,10.2184,0.143921
2017_03_ATL_DET,2017,3,REG,ATL,DET,0,67,2.1824,0.032573
2017_03_ATL_DET,2017,3,REG,DET,ATL,1,70,-7.6867,-0.10981
2017_03_BAL_JAX,2017,3,REG,BAL,JAX,0,58,-26.3807,-0.45484
2017_03_BAL_JAX,2017,3,REG,JAX,BAL,1,71,17.0691,0.24041
2017_03_CIN_GB,2017,3,REG,CIN,GB,0,60,4.595,0.076584
2017_03_CIN_GB,2017,3,REG,GB,CIN,1,70,-1.3654,-0.019505
2017_03_CLE_IND,2017,3,REG,CLE,IND,0,77,0.1993,0.002588
2017_03_CLE_IND,2017,3,REG,IND,CLE,1,65,1.3461,0.020709
2017_03_DAL_ARI,2017,3,REG,ARI,DAL,1,81,-0.5072,-0.006262
2017_03_DAL_ARI,2017,3,REG,DAL,ARI,0,46,5.2954,0.115118
2017_03_DEN_BUF,2017,3,REG,BUF,DEN,1,62,-4.1008,-0.066141
2017_03_DEN_BUF,2017,3,REG,DEN,BUF,0,71,-4.0397,-0.056897
2017_03_HOU_NE,2017,3,REG,HOU,NE,0,71,8.4582,0.119129
2017_03_HOU_NE,2017,3,REG,NE,HOU,1,64,6.1809,0.096577
2017_03_KC_LAC,2017,3,REG,KC,LAC,0,54,1.4855,0.027509
2017_03_KC_LAC,2017,3,REG,LAC,KC,1,73,-8.2469,-0.112972
2017_03_LA_SF,2017,3,REG,LA,SF,0,64,24.9763,0.390254
2017_03_LA_SF,2017,3,REG,SF,LA,1,79,1.6945,0.021449
2017_03_MIA_NYJ,2017,3,REG,MIA,NYJ,0,64,-18.9909,-0.296733
2017_03_MIA_NYJ,2017,3,REG,NYJ,MIA,1,62,-4.2568,-0.068658
2017_03_NO_CAR,2017,3,REG,CAR,NO,1,59,-11.1071,-0.188256
2017_03_NO_CAR,2017,3,REG,NO,CAR,0,58,14.889,0.256706
2017_03_NYG_PHI,2017,3,REG,NYG,PHI,0,70,3.0614,0.043734
2017_03_NYG_PHI,2017,3,REG,PHI,NYG,1,75,3.097,0.041294
2017_03_OAK_WAS,2017,3,REG,LV,WAS,0,50,-25.726,-0.51452
2017_03_OAK_WAS,2017,3,REG,WAS,LV,1,68,3.9945,0.058743
2017_03_PIT_CHI,2017,3,REG,CHI,PIT,1,65,-7.1771,-0.110417
2017_03_PIT_CHI,2017,3,REG,PIT,CHI,0,64,-2.1435,-0.033491
2017_03_SEA_TEN,2017,3,REG,SEA,TEN,0,73,6.1175,0.083802
2017_03_SEA_TEN,2017,3,REG,TEN,SEA,1,71,5.9552,0.083876
2017_03_TB_MIN,2017,3,REG,MIN,TB,1,71,17.1738,0.241885
2017_03_TB_MIN,2017,3,REG,TB,MIN,0,53,-0.4672,-0.008815
2017_04_BUF_ATL,2017,4,REG,ATL,BUF,1,76,-7.6115,-0.100151
2017_04_BUF_ATL,2017,4,REG,BUF,ATL,0,58,1.7325,0.02987
2017_04_CAR_NE,2017,4,REG,CAR,NE,0,63,21.256,0.337396
2017_04_CAR_NE,2017,4,REG,NE,CAR,1,70,13.085,0.186929
2017_04_CHI_GB,2017,4,REG,CHI,GB,0,68,-9.3432,-0.1374
2017_04_CHI_GB,2017,4,REG,GB,CHI,1,54,11.1497,0.206477
2017_04_CIN_CLE,2017,4,REG,CIN,CLE,0,64,8.9784,0.140287
2017_04_CIN_CLE,2017,4,REG,CLE,CIN,1,65,-13.3012,-0.204633
2017_04_DET_MIN,2017,4,REG,DET,MIN,0,67,-7.15,-0.106717
2017_04_DET_MIN,2017,4,REG,MIN,DET,1,56,-16.5296,-0.295172
2017_04_IND_SEA,2017,4,REG,IND,SEA,0,60,-13.6121,-0.226868
2017_04_IND_SEA,2017,4,REG,SEA,IND,1,68,17.0495,0.250728
2017_04_JAX_NYJ,2017,4,REG,JAX,NYJ,0,77,-9.0272,-0.117237
2017_04_JAX_NYJ,2017,4,REG,NYJ,JAX,1,70,-9.066,-0.129515
2017_04_LA_DAL,2017,4,REG,DAL,LA,1,70,12.4075,0.177251
2017_04_LA_DAL,2017,4,REG,LA,DAL,0,68,12.0663,0.177446
2017_04_NO_MIA,2017,4,REG,MIA,NO,1,52,-14.9862,-0.288197
2017_04_NO_MIA,2017,4,REG,NO,MIA,0,73,9.9324,0.13606
2017_04_NYG_TB,2017,4,REG,NYG,TB,0,80,3.904,0.0488
2017_04_NYG_TB,2017,4,REG,TB,NYG,1,62,5.3621,0.086486
2017_04_OAK_DEN,2017,4,REG,DEN,LV,1,61,-2.0448,-0.033521
2017_04_OAK_DEN,2017,4,REG,LV,DEN,0,55,-15.0336,-0.273338
2017_04_PHI_LAC,2017,4,REG,LAC,PHI,1,57,13.2478,0.232418
2017_04_PHI_LAC,2017,4,REG,PHI,LAC,0,77,19.6683,0.255432
2017_04_PIT_BAL,2017,4,REG,BAL,PIT,1,67,-18.7422,-0.279734
2017_04_PIT_BAL,2017,4,REG,PIT,BAL,0,75,4.4917,0.059889
2017_04_SF_ARI,2017,4,REG,ARI,SF,1,85,-7.5006,-0.088242
2017_04_SF_ARI,2017,4,REG,SF,ARI,0,84,-9.6832,-0.115276
2017_04_TEN_HOU,2017,4,REG,HOU,TEN,1,84,23.8764,0.284243
2017_04_TEN_HOU,2017,4,REG,TEN,HOU,0,40,-22.3268,-0.558169
2017_04_WAS_KC,2017,4,REG,KC,WAS,1,75,14.1991,0.189321
2017_04_WAS_KC,2017,4,REG,WAS,KC,0,49,3.4241,0.069879
2017_05_ARI_PHI,2017,5,REG,ARI,PHI,0,60,-6.83,-0.113834
2017_05_ARI_PHI,2017,5,REG,PHI,ARI,1,65,10.7821,0.165879
2017_05_BAL_OAK,2017,5,REG,BAL,LV,0,63,12.8374,0.203769
2017_05_BAL_OAK,2017,5,REG,LV,BAL,1,56,-10.6761,-0.190644
2017_05_BUF_CIN,2017,5,REG,BUF,CIN,0,70,-10.5767,-0.151095
2017_05_BUF_CIN,2017,5,REG,CIN,BUF,1,62,-0.7677,-0.012382
2017_05_CAR_DET,2017,5,REG,CAR,DET,0,63,4.6347,0.073566
2017_05_CAR_DET,2017,5,REG,DET,CAR,1,61,-7.683,-0.125951
2017_05_GB_DAL,2017,5,REG,DAL,GB,1,74,12.5004,0.168924
2017_05_GB_DAL,2017,5,REG,GB,DAL,0,60,21.111,0.35185
2017_05_JAX_PIT,2017,5,REG,JAX,PIT,0,54,5.1303,0.095005
2017_05_JAX_PIT,2017,5,REG,PIT,JAX,1,79,-22.2412,-0.281534
2017_05_KC_HOU,2017,5,REG,HOU,KC,1,62,10.7434,0.173281
2017_05_KC_HOU,2017,5,REG,KC,HOU,0,77,19.3102,0.250782
2017_05_LAC_NYG,2017,5,REG,LAC,NYG,0,76,3.6689,0.048276
2017_05_LAC_NYG,2017,5,REG,NYG,LAC,1,69,-6.4042,-0.092814
2017_05_MIN_CHI,2017,5,REG,CHI,MIN,1,62,-6.8528,-0.11053
2017_05_MIN_CHI,2017,5,REG,MIN,CHI,0,70,-1.3492,-0.019275
2017_05_NE_TB,2017,5,REG,NE,TB,0,74,0.1163,0.001572
2017_05_NE_TB,2017,5,REG,TB,NE,1,71,-0.1571,-0.002212
2017_05_NYJ_CLE,2017,5,REG,CLE,NYJ,1,76,-4.8517,-0.063838
2017_05_NYJ_CLE,2017,5,REG,NYJ,CLE,0,50,-4.4075,-0.088151
2017_05_SEA_LA,2017,5,REG,LA,SEA,1,73,-13.5765,-0.185979
2017_05_SEA_LA,2017,5,REG,SEA,LA,0,66,-15.5738,-0.235966
2017_05_SF_IND,2017,5,REG,IND,SF,1,74,0.8663,0.011707
2017_05_SF_IND,2017,5,REG,SF,IND,0,72,7.7726,0.107953
2017_05_TEN_MIA,2017,5,REG,MIA,TEN,1,58,-21.8838,-0.377307
2017_05_TEN_MIA,2017,5,REG,TEN,MIA,0,59,-24.3222,-0.412241
2017_06_CHI_BAL,2017,6,REG,BAL,CHI,1,73,-31.8164,-0.435841
2017_06_CHI_BAL,2017,6,REG,CHI,BAL,0,79,-8.8722,-0.112306
2017_06_CLE_HOU,2017,6,REG,CLE,HOU,0,67,-20.574,-0.307075
2017_06_CLE_HOU,2017,6,REG,HOU,CLE,1,65,-4.1022,-0.063111
2017_06_DET_NO,2017,6,REG,DET,NO,0,81,-28.174,-0.347828
2017_06_DET_NO,2017,6,REG,NO,DET,1,71,-11.446,-0.161211
2017_06_GB_MIN,2017,6,REG,GB,MIN,0,66,-24.304,-0.368242
2017_06_GB_MIN,2017,6,REG,MIN,GB,1,76,-11.4428,-0.150564
2017_06_IND_TEN,2017,6,REG,IND,TEN,0,58,-4.952,-0.085378
2017_06_IND_TEN,2017,6,REG,TEN,IND,1,69,9.0943,0.131802
2017_06_LAC_OAK,2017,6,REG,LAC,LV,0,63,1.8358,0.02914
2017_06_LAC_OAK,2017,6,REG,LV,LAC,1,58,-7.1622,-0.123487
2017_06_LA_JAX,2017,6,REG,JAX,LA,1,69,-6.8243,-0.098903
2017_06_LA_JAX,2017,6,REG,LA,JAX,0,56,-10.757,-0.192089
2017_06_MIA_ATL,2017,6,REG,ATL,MIA,1,57,1.4505,0.025448
2017_06_MIA_ATL,2017,6,REG,MIA,ATL,0,66,4.5705,0.06925
2017_06_NE_NYJ,2017,6,REG,NE,NYJ,0,67,10.1644,0.151707
2017_06_NE_NYJ,2017,6,REG,NYJ,NE,1,74,0.1423,0.001922
2017_06_NYG_DEN,2017,6,REG,DEN,NYG,1,79,-14.9387,-0.189097
2017_06_NYG_DEN,2017,6,REG,NYG,DEN,0,54,-2.8726,-0.053196
2017_06_PHI_CAR,2017,6,REG,CAR,PHI,1,82,-11.3136,-0.137971
2017_06_PHI_CAR,2017,6,REG,PHI,CAR,0,60,-1.0883,-0.018138
2017_06_PIT_KC,2017,6,REG,KC,PIT,1,54,-8.3998,-0.155551
2017_06_PIT_KC,2017,6,REG,PIT,KC,0,62,11.6574,0.188023
2017_06_SF_WAS,2017,6,REG,SF,WAS,0,72,4.7227,0.065593
2017_06_SF_WAS,2017,6,REG,WAS,SF,1,73,3.0073,0.041196
2017_06_TB_ARI,2017,6,REG,ARI,TB,1,61,2.7884,0.045712
2017_06_TB_ARI,2017,6,REG,TB,ARI,0,70,3.5345,0.050493
2017_07_ARI_LA,2017,7,REG,ARI,LA,0,50,-19.4364,-0.388728
2017_07_ARI_LA,2017,7,REG,LA,ARI,1,79,13.6709,0.17305
2017_07_ATL_NE,2017,7,REG,ATL,NE,0,57,3.2986,0.05787
2017_07_ATL_NE,2017,7,REG,NE,ATL,1,71,14.7093,0.207174
2017_07_BAL_MIN,2017,7,REG,BAL,MIN,0,65,-8.3519,-0.12849
2017_07_BAL_MIN,2017,7,REG,MIN,BAL,1,66,-2.9579,-0.044816
2017_07_CAR_CHI,2017,7,REG,CAR,CHI,0,72,-30.1159,-0.418277
2017_07_CAR_CHI,2017,7,REG,CHI,CAR,1,35,-12.2311,-0.349459
2017_07_CIN_PIT,2017,7,REG,CIN,PIT,0,50,-9.9217,-0.198434
2017_07_CIN_PIT,2017,7,REG,PIT,CIN,1,66,5.5613,0.084262
2017_07_DAL_SF,2017,7,REG,DAL,SF,0,74,25.4248,0.343579
2017_07_DAL_SF,2017,7,REG,SF,DAL,1,66,-13.8553,-0.209928
2017_07_DEN_LAC,2017,7,REG,DEN,LAC,0,64,-23.3755,-0.365242
2017_07_DEN_LAC,2017,7,REG,LAC,DEN,1,58,-5.549,-0.095672
2017_07_JAX_IND,2017,7,REG,IND,JAX,1,67,-20.1457,-0.300682
2017_07_JAX_IND,2017,7,REG,JAX,IND,0,67,14.7125,0.219589
2017_07_KC_OAK,2017,7,REG,KC,LV,0,62,19.7065,0.317847
2017_07_KC_OAK,2017,7,REG,LV,KC,1,82,22.7911,0.27794
2017_07_NO_GB,2017,7,REG,GB,NO,1,55,4.0825,0.074226
2017_07_NO_GB,2017,7,REG,NO,GB,0,73,16.7463,0.229402
2017_07_NYJ_MIA,2017,7,REG,MIA,NYJ,1,73,-0.6135,-0.008404
2017_07_NYJ_MIA,2017,7,REG,NYJ,MIA,0,55,1.1865,0.021573
2017_07_SEA_NYG,2017,7,REG,NYG,SEA,1,59,-16.6921,-0.282917
2017_07_SEA_NYG,2017,7,REG,SEA,NYG,0,75,3.8882,0.051842
2017_07_TB_BUF,2017,7,REG,BUF,TB,1,68,9.3493,0.13749
2017_07_TB_BUF,2017,7,REG,TB,BUF,0,72,7.1333,0.099074
2017_07_TEN_CLE,2017,7,REG,CLE,TEN,1,72,-18.7098,-0.259858
2017_07_TEN_CLE,2017,7,REG,TEN,CLE,0,72,-11.9083,-0.165393
2017_07_WAS_PHI,2017,7,REG,PHI,WAS,1,64,11.8642,0.185378
2017_07_WAS_PHI,2017,7,REG,WAS,PHI,0,63,3.9363,0.062481
2017_08_ATL_NYJ,2017,8,REG,ATL,NYJ,0,66,-1.6352,-0.024775
2017_08_ATL_NYJ,2017,8,REG,NYJ,ATL,1,60,-3.3313,-0.055522
2017_08_CAR_TB,2017,8,REG,CAR,TB,0,63,-6.6694,-0.105863
2017_08_CAR_TB,2017,8,REG,TB,CAR,1,67,-21.0263,-0.313825
2017_08_CHI_NO,2017,8,REG,CHI,NO,0,67,-8.863,-0.132284
2017_08_CHI_NO,2017,8,REG,NO,CHI,1,58,-4.8204,-0.08311
2017_08_DAL_WAS,2017,8,REG,DAL,WAS,0,68,0.2759,0.004058
2017_08_DAL_WAS,2017,8,REG,WAS,DAL,1,59,-5.8547,-0.099233
2017_08_DEN_KC,2017,8,REG,DEN,KC,0,73,-12.9666,-0.177624
2017_08_DEN_KC,2017,8,REG,KC,DEN,1,61,-15.1664,-0.248629
2017_08_HOU_SEA,2017,8,REG,HOU,SEA,0,71,12.7647,0.179785
2017_08_HOU_SEA,2017,8,REG,SEA,HOU,1,67,11.5303,0.172094
2017_08_IND_CIN,2017,8,REG,CIN,IND,1,54,0.1242,0.0023
2017_08_IND_CIN,2017,8,REG,IND,CIN,0,74,-4.6435,-0.06275
2017_08_LAC_NE,2017,8,REG,LAC,NE,0,55,7.095,0.129001
2017_08_LAC_NE,2017,8,REG,NE,LAC,1,86,4.358,0.050675
2017_08_MIA_BAL,2017,8,REG,BAL,MIA,1,62,3.7199,0.059998
2017_08_MIA_BAL,2017,8,REG,MIA,BAL,0,66,-35.7382,-0.541488
2017_08_MIN_CLE,2017,8,REG,CLE,MIN,1,59,-9.7462,-0.165189
2017_08_MIN_CLE,2017,8,REG,MIN,CLE,0,85,5.268,0.061976
2017_08_OAK_BUF,2017,8,REG,BUF,LV,1,67,3.3229,0.049595
2017_08_OAK_BUF,2017,8,REG,LV,BUF,0,65,-7.4617,-0.114795
2017_08_PIT_DET,2017,8,REG,DET,PIT,1,71,-6.206,-0.087409
2017_08_PIT_DET,2017,8,REG,PIT,DET,0,61,3.073,0.050377
2017_08_SF_PHI,2017,8,REG,PHI,SF,1,68,-1.2826,-0.018862
2017_08_SF_PHI,2017,8,REG,SF,PHI,0,66,-21.4326,-0.324737
2017_09_ARI_SF,2017,9,REG,ARI,SF,0,74,-4.6457,-0.06278
2017_09_ARI_SF,2017,9,REG,SF,ARI,1,74,-23.9453,-0.323585
2017_09_ATL_CAR,2017,9,REG,ATL,CAR,0,59,-9.2945,-0.157534
2017_09_ATL_CAR,2017,9,REG,CAR,ATL,1,65,-6.8135,-0.104823
2017_09_BAL_TEN,2017,9,REG,BAL,TEN,0,77,-1.867,-0.024247
2017_09_BAL_TEN,2017,9,REG,TEN,BAL,1,50,-2.1663,-0.043326
2017_09_BUF_NYJ,2017,9,REG,BUF,NYJ,0,75,-10.84,-0.144533
2017_09_BUF_NYJ,2017,9,REG,NYJ,BUF,1,64,9.1309,0.14267
2017_09_CIN_JAX,2017,9,REG,CIN,JAX,0,37,-7.5008,-0.202725
2017_09_CIN_JAX,2017,9,REG,JAX,CIN,1,79,9.8083,0.124155
2017_09_DEN_PHI,2017,9,REG,DEN,PHI,0,65,-14.577,-0.224262
2017_09_DEN_PHI,2017,9,REG,PHI,DEN,1,68,13.1653,0.193607
2017_09_DET_GB,2017,9,REG,DET,GB,0,68,17.8857,0.263025
2017_09_DET_GB,2017,9,REG,GB,DET,1,59,-0.8169,-0.013845
2017_09_IND_HOU,2017,9,REG,HOU,IND,1,71,-8.732,-0.122986
2017_09_IND_HOU,2017,9,REG,IND,HOU,0,65,-0.4877,-0.007503
2017_09_KC_DAL,2017,9,REG,DAL,KC,1,67,14.669,0.21894
2017_09_KC_DAL,2017,9,REG,KC,DAL,0,57,3.0484,0.053481
2017_09_LA_NYG,2017,9,REG,LA,NYG,0,63,24.6696,0.391581
2017_09_LA_NYG,2017,9,REG,NYG,LA,1,67,-7.2279,-0.107879
2017_09_OAK_MIA,2017,9,REG,LV,MIA,0,60,10.5508,0.175847
2017_09_OAK_MIA,2017,9,REG,MIA,LV,1,67,1.7171,0.025629
2017_09_TB_NO,2017,9,REG,NO,TB,1,57,9.8682,0.173126
2017_09_TB_NO,2017,9,REG,TB,NO,0,59,-12.1692,-0.206258
2017_09_WAS_SEA,2017,9,REG,SEA,WAS,1,82,-6.3534,-0.077481
2017_09_WAS_SEA,2017,9,REG,WAS,SEA,0,63,-10.0135,-0.158944
2017_10_CIN_TEN,2017,10,REG,CIN,TEN,0,51,-8.0945,-0.158715
2017_10_CIN_TEN,2017,10,REG,TEN,CIN,1,90,-3.3533,-0.037259
2017_10_CLE_DET,2017,10,REG,CLE,DET,0,81,-5.4304,-0.067042
2017_10_CLE_DET,2017,10,REG,DET,CLE,1,50,3.1341,0.062682
2017_10_DAL_ATL,2017,10,REG,ATL,DAL,1,65,5.6245,0.086531
2017_10_DAL_ATL,2017,10,REG,DAL,ATL,0,64,-12.9956,-0.203056
2017_10_GB_CHI,2017,10,REG,CHI,GB,1,60,-7.7056,-0.128427
2017_10_GB_CHI,2017,10,REG,GB,CHI,0,65,10.0637,0.154826
2017_10_HOU_LA,2017,10,REG,HOU,LA,0,69,-20.0248,-0.290214
2017_10_HOU_LA,2017,10,REG,LA,HOU,1,64,5.0066,0.078228
2017_10_LAC_JAX,2017,10,REG,JAX,LAC,1,85,-9.4827,-0.111561
2017_10_LAC_JAX,2017,10,REG,LAC,JAX,0,68,-7.9429,-0.116807
2017_10_MIA_CAR,2017,10,REG,CAR,MIA,1,71,33.6685,0.474205
2017_10_MIA_CAR,2017,10,REG,MIA,CAR,0,55,3.8775,0.0705
2017_10_MIN_WAS,2017,10,REG,MIN,WAS,0,59,13.5891,0.230323
2017_10_MIN_WAS,2017,10,REG,WAS,MIN,1,74,2.7691,0.03742
2017_10_NE_DEN,2017,10,REG,DEN,NE,1,62,-0.5375,-0.00867
2017_10_NE_DEN,2017,10,REG,NE,DEN,0,70,12.4797,0.178281
2017_10_NO_BUF,2017,10,REG,BUF,NO,1,48,-16.0188,-0.333726
2017_10_NO_BUF,2017,10,REG,NO,BUF,0,73,28.3075,0.387774
2017_10_NYG_SF,2017,10,REG,NYG,SF,0,66,9.0341,0.136881
2017_10_NYG_SF,2017,10,REG,SF,NYG,1,58,13.1481,0.226692
2017_10_NYJ_TB,2017,10,REG,NYJ,TB,0,69,-14.8329,-0.21497
2017_10_NYJ_TB,2017,10,REG,TB,NYJ,1,70,-8.102,-0.115743
2017_10_PIT_IND,2017,10,REG,IND,PIT,1,58,-6.5149,-0.112326
2017_10_PIT_IND,2017,10,REG,PIT,IND,0,66,0.9428,0.014284
2017_10_SEA_ARI,2017,10,REG,ARI,SEA,1,80,-8.8352,-0.110439
2017_10_SEA_ARI,2017,10,REG,SEA,ARI,0,61,-2.604,-0.042688
2017_11_ARI_HOU,2017,11,REG,ARI,HOU,0,58,-8.6435,-0.149026
2017_11_ARI_HOU,2017,11,REG,HOU,ARI,1,70,1.6435,0.023478
2017_11_ATL_SEA,2017,11,REG,ATL,SEA,0,60,12.9403,0.215671
2017_11_ATL_SEA,2017,11,REG,SEA,ATL,1,74,-0.0624,-0.000843
2017_11_BAL_GB,2017,11,REG,BAL,GB,0,58,-10.5812,-0.182434
2017_11_BAL_GB,2017,11,REG,GB,BAL,1,68,-37.1646,-0.546539
2017_11_BUF_LAC,2017,11,REG,BUF,LAC,0,65,-14.1569,-0.217798
2017_11_BUF_LAC,2017,11,REG,LAC,BUF,1,70,16.5473,0.236389
2017_11_CIN_DEN,2017,11,REG,CIN,DEN,0,53,-1.3437,-0.025353
2017_11_CIN_DEN,2017,11,REG,DEN,CIN,1,82,-15.4245,-0.188103
2017_11_DET_CHI,2017,11,REG,CHI,DET,1,63,5.507,0.087413
2017_11_DET_CHI,2017,11,REG,DET,CHI,0,62,7.0199,0.113223
2017_11_JAX_CLE,2017,11,REG,CLE,JAX,1,54,-33.948,-0.628666
2017_11_JAX_CLE,2017,11,REG,JAX,CLE,0,77,-16.0912,-0.208976
2017_11_KC_NYG,2017,11,REG,KC,NYG,0,75,-10.7992,-0.143989
2017_11_KC_NYG,2017,11,REG,NYG,KC,1,69,-4.7987,-0.069546
2017_11_LA_MIN,2017,11,REG,LA,MIN,0,57,-7.9602,-0.139653
2017_11_LA_MIN,2017,11,REG,MIN,LA,1,77,16.372,0.212623
2017_11_NE_OAK,2017,11,REG,LV,NE,1,74,-1.446,-0.01954
2017_11_NE_OAK,2017,11,REG,NE,LV,0,60,20.2721,0.337869
2017_11_PHI_DAL,2017,11,REG,DAL,PHI,1,62,-29.7418,-0.479706
2017_11_PHI_DAL,2017,11,REG,PHI,DAL,0,61,16.7256,0.274189
2017_11_TB_MIA,2017,11,REG,MIA,TB,1,64,-5.7929,-0.090514
2017_11_TB_MIA,2017,11,REG,TB,MIA,0,66,-0.2619,-0.003968
2017_11_TEN_PIT,2017,11,REG,PIT,TEN,1,72,11.1468,0.154816
2017_11_TEN_PIT,2017,11,REG,TEN,PIT,0,62,-7.9125,-0.127621
2017_11_WAS_NO,2017,11,REG,NO,WAS,1,70,14.4255,0.206078
2017_11_WAS_NO,2017,11,REG,WAS,NO,0,70,17.956,0.256514
2017_12_BUF_KC,2017,12,REG,BUF,KC,0,67,-7.1302,-0.106422
2017_12_BUF_KC,2017,12,REG,KC,BUF,1,57,-16.8626,-0.295836
2017_12_CAR_NYJ,2017,12,REG,CAR,NYJ,0,71,1.979,0.027873
2017_12_CAR_NYJ,2017,12,REG,NYJ,CAR,1,68,-5.3054,-0.078021
2017_12_CHI_PHI,2017,12,REG,CHI,PHI,0,54,-22.6127,-0.418754
2017_12_CHI_PHI,2017,12,REG,PHI,CHI,1,75,6.5345,0.087127
2017_12_CLE_CIN,2017,12,REG,CIN,CLE,1,59,12.7903,0.216784
2017_12_CLE_CIN,2017,12,REG,CLE,CIN,0,69,6.3937,0.092663
2017_12_DEN_OAK,2017,12,REG,DEN,LV,0,59,-7.7966,-0.132146
2017_12_DEN_OAK,2017,12,REG,LV,DEN,1,65,3.2314,0.049714
2017_12_GB_PIT,2017,12,REG,GB,PIT,0,55,11.8184,0.214879
2017_12_GB_PIT,2017,12,REG,PIT,GB,1,74,9.7831,0.132204
2017_12_HOU_BAL,2017,12,REG,BAL,HOU,1,66,-1.8704,-0.02834
2017_12_HOU_BAL,2017,12,REG,HOU,BAL,0,68,-4.2961,-0.063178
2017_12_JAX_ARI,2017,12,REG,ARI,JAX,1,72,-6.8012,-0.094461
2017_12_JAX_ARI,2017,12,REG,JAX,ARI,0,62,-9.1644,-0.147812
2017_12_LAC_DAL,2017,12,REG,DAL,LAC,1,55,-13.7788,-0.250523
2017_12_LAC_DAL,2017,12,REG,LAC,DAL,0,64,28.4632,0.444737
2017_12_MIA_NE,2017,12,REG,MIA,NE,0,60,-12.9082,-0.215137
2017_12_MIA_NE,2017,12,REG,NE,MIA,1,67,7.9543,0.118721
2017_12_MIN_DET,2017,12,REG,DET,MIN,1,59,-6.6665,-0.112991
2017_12_MIN_DET,2017,12,REG,MIN,DET,0,71,14.5911,0.205508
2017_12_NO_LA,2017,12,REG,LA,NO,1,74,8.5511,0.115555
2017_12_NO_LA,2017,12,REG,NO,LA,0,57,2.5136,0.044098
2017_12_NYG_WAS,2017,12,REG,NYG,WAS,0,57,-21.7604,-0.381761
2017_12_NYG_WAS,2017,12,REG,WAS,NYG,1,69,-10.3645,-0.15021
2017_12_SEA_SF,2017,12,REG,SEA,SF,0,67,4.4379,0.066237
2017_12_SEA_SF,2017,12,REG,SF,SEA,1,70,-14.4733,-0.206762
2017_12_TB_ATL,2017,12,REG,ATL,TB,1,63,17.4621,0.277176
2017_12_TB_ATL,2017,12,REG,TB,ATL,0,71,5.6386,0.079417
2017_12_TEN_IND,2017,12,REG,IND,TEN,1,63,-11.2272,-0.17821
2017_12_TEN_IND,2017,12,REG,TEN,IND,0,55,-0.661,-0.012019
2017_13_CAR_NO,2017,13,REG,CAR,NO,0,58,-2.1756,-0.037511
2017_13_CAR_NO,2017,13,REG,NO,CAR,1,61,7.2803,0.11935
2017_13_CLE_LAC,2017,13,REG,CLE,LAC,0,63,-1.5297,-0.024281
2017_13_CLE_LAC,2017,13,REG,LAC,CLE,1,68,10.295,0.151397
2017_13_DEN_MIA,2017,13,REG,DEN,MIA,0,72,-31.586,-0.438694
2017_13_DEN_MIA,2017,13,REG,MIA,DEN,1,67,-20.684,-0.308716
2017_13_DET_BAL,2017,13,REG,BAL,DET,1,63,8.6053,0.136592
2017_13_DET_BAL,2017,13,REG,DET,BAL,0,63,-5.278,-0.083777
2017_13_HOU_TEN,2017,13,REG,HOU,TEN,0,79,6.7289,0.085176
2017_13_HOU_TEN,2017,13,REG,TEN,HOU,1,54,14.729,0.27276
2017_13_IND_JAX,2017,13,REG,IND,JAX,0,67,-4.7864,-0.071438
2017_13_IND_JAX,2017,13,REG,JAX,IND,1,67,17.318,0.258477
2017_13_KC_NYJ,2017,13,REG,KC,NYJ,0,46,21.5197,0.467819
2017_13_KC_NYJ,2017,13,REG,NYJ,KC,1,89,20.875,0.234551
2017_13_LA_ARI,2017,13,REG,ARI,LA,1,64,-15.7014,-0.245334
2017_13_LA_ARI,2017,13,REG,LA,ARI,0,58,-1.6716,-0.028821
2017_13_MIN_ATL,2017,13,REG,ATL,MIN,1,53,-3.0679,-0.057885
2017_13_MIN_ATL,2017,13,REG,MIN,ATL,0,63,2.5518,0.040505
2017_13_NE_BUF,2017,13,REG,BUF,NE,1,67,-16.1015,-0.240322
2017_13_NE_BUF,2017,13,REG,NE,BUF,0,68,15.3437,0.225643
2017_13_NYG_OAK,2017,13,REG,LV,NYG,1,65,-1.6343,-0.025143
2017_13_NYG_OAK,2017,13,REG,NYG,LV,0,62,-10.4802,-0.169036
2017_13_PHI_SEA,2017,13,REG,PHI,SEA,0,75,-2.7174,-0.036232
2017_13_PHI_SEA,2017,13,REG,SEA,PHI,1,61,10.0396,0.164583
2017_13_PIT_CIN,2017,13,REG,CIN,PIT,1,64,6.0243,0.09413
2017_13_PIT_CIN,2017,13,REG,PIT,CIN,0,66,11.2386,0.170282
2017_13_SF_CHI,2017,13,REG,CHI,SF,1,37,-4.5678,-0.123454
2017_13_SF_CHI,2017,13,REG,SF,CHI,0,74,5.2248,0.070606
2017_13_TB_GB,2017,13,REG,GB,TB,1,54,0.4206,0.007788
2017_13_TB_GB,2017,13,REG,TB,GB,0,76,-0.922,-0.012132
2017_13_WAS_DAL,2017,13,REG,DAL,WAS,1,67,5.3266,0.079502
2017_13_WAS_DAL,2017,13,REG,WAS,DAL,0,60,-8.9434,-0.149056
2017_14_BAL_PIT,2017,14,REG,BAL,PIT,0,63,23.4041,0.371493
2017_14_BAL_PIT,2017,14,REG,PIT,BAL,1,87,21.9782,0.252623
2017_14_CHI_CIN,2017,14,REG,CHI,CIN,0,75,19.5095,0.260126
2017_14_CHI_CIN,2017,14,REG,CIN,CHI,1,54,-15.7995,-0.292583
2017_14_DAL_NYG,2017,14,REG,DAL,NYG,0,60,19.5475,0.325792
2017_14_DAL_NYG,2017,14,REG,NYG,DAL,1,80,-8.2913,-0.103641
2017_14_DET_TB,2017,14,REG,DET,TB,0,68,4.5795,0.067345
2017_14_DET_TB,2017,14,REG,TB,DET,1,70,-0.8996,-0.012852
2017_14_GB_CLE,2017,14,REG,CLE,GB,1,57,8.0993,0.142094
2017_14_GB_CLE,2017,14,REG,GB,CLE,0,76,14.9979,0.19734
2017_14_IND_BUF,2017,14,REG,BUF,IND,1,64,-10.9697,-0.171401
2017_14_IND_BUF,2017,14,REG,IND,BUF,0,69,-9.631,-0.13958
2017_14_MIN_CAR,2017,14,REG,CAR,MIN,1,61,4.7628,0.078079
2017_14_MIN_CAR,2017,14,REG,MIN,CAR,0,74,-6.5451,-0.088448
2017_14_NE_MIA,2017,14,REG,MIA,NE,1,70,3.2247,0.046067
2017_14_NE_MIA,2017,14,REG,NE,MIA,0,61,-6.4254,-0.105335
2017_14_NO_ATL,2017,14,REG,ATL,NO,1,72,-0.7623,-0.010588
2017_14_NO_ATL,2017,14,REG,NO,ATL,0,52,1.3136,0.025261
2017_14_NYJ_DEN,2017,14,REG,DEN,NYJ,1,69,-2.4002,-0.034785
2017_14_NYJ_DEN,2017,14,REG,NYJ,DEN,0,49,-25.3374,-0.517089
2017_14_OAK_KC,2017,14,REG,KC,LV,1,74,4.009,0.054175
2017_14_OAK_KC,2017,14,REG,LV,KC,0,61,-9.3206,-0.152797
2017_14_PHI_LA,2017,14,REG,LA,PHI,1,47,-0.17,-0.003616
2017_14_PHI_LA,2017,14,REG,PHI,LA,0,92,14.9488,0.162487
2017_14_SEA_JAX,2017,14,REG,JAX,SEA,1,61,11.1137,0.182192
2017_14_SEA_JAX,2017,14,REG,SEA,JAX,0,62,0.4294,0.006926
2017_14_SF_HOU,2017,14,REG,HOU,SF,1,67,-9.2554,-0.138141
2017_14_SF_HOU,2017,14,REG,SF,HOU,0,69,3.7383,0.054178
2017_14_TEN_ARI,2017,14,REG,ARI,TEN,1,63,-10.7552,-0.170717
2017_14_TEN_ARI,2017,14,REG,TEN,ARI,0,61,-20.5952,-0.337627
2017_14_WAS_LAC,2017,14,REG,LAC,WAS,1,72,-1.5696,-0.0218
2017_14_WAS_LAC,2017,14,REG,WAS,LAC,0,50,-15.5918,-0.311836
2017_15_ARI_WAS,2017,15,REG,ARI,WAS,0,81,-19.3112,-0.238409
2017_15_ARI_WAS,2017,15,REG,WAS,ARI,1,50,-7.1939,-0.143879
2017_15_ATL_TB,2017,15,REG,ATL,TB,0,70,15.6836,0.224052
2017_15_ATL_TB,2017,15,REG,TB,ATL,1,57,10.5168,0.184505
2017_15_BAL_CLE,2017,15,REG,BAL,CLE,0,74,2.6922,0.036381
2017_15_BAL_CLE,2017,15,REG,CLE,BAL,1,63,-21.2881,-0.337907
2017_15_CHI_DET,2017,15,REG,CHI,DET,0,69,-7.1588,-0.103751
2017_15_CHI_DET,2017,15,REG,DET,CHI,1,62,0.1751,0.002824
2017_15_CIN_MIN,2017,15,REG,CIN,MIN,0,52,-28.794,-0.55373
2017_15_CIN_MIN,2017,15,REG,MIN,CIN,1,62,-0.9447,-0.015238
2017_15_DAL_OAK,2017,15,REG,DAL,LV,0,65,4.6801,0.072002
2017_15_DAL_OAK,2017,15,REG,LV,DAL,1,66,4.5148,0.068405
2017_15_DEN_IND,2017,15,REG,DEN,IND,0,78,16.035,0.205577
2017_15_DEN_IND,2017,15,REG,IND,DEN,1,53,-4.0878,-0.077127
2017_15_GB_CAR,2017,15,REG,CAR,GB,1,68,11.7932,0.17343
2017_15_GB_CAR,2017,15,REG,GB,CAR,0,68,4.5687,0.067187
2017_15_HOU_JAX,2017,15,REG,HOU,JAX,0,57,-15.4268,-0.270646
2017_15_HOU_JAX,2017,15,REG,JAX,HOU,1,68,19.9334,0.293139
2017_15_LAC_KC,2017,15,REG,KC,LAC,1,66,9.6193,0.145748
2017_15_LAC_KC,2017,15,REG,LAC,KC,0,64,-6.1642,-0.096316
2017_15_LA_SEA,2017,15,REG,LA,SEA,0,68,4.2081,0.061884
2017_15_LA_SEA,2017,15,REG,SEA,LA,1,55,-29.1381,-0.529783
2017_15_MIA_BUF,2017,15,REG,BUF,MIA,1,61,5.2799,0.086555
2017_15_MIA_BUF,2017,15,REG,MIA,BUF,0,74,-7.0147,-0.094793
2017_15_NE_PIT,2017,15,REG,NE,PIT,0,57,15.4144,0.270428
2017_15_NE_PIT,2017,15,REG,PIT,NE,1,66,9.1819,0.13912
2017_15_NYJ_NO,2017,15,REG,NO,NYJ,1,66,-1.429,-0.021651
2017_15_NYJ_NO,2017,15,REG,NYJ,NO,0,72,-5.0134,-0.069631
2017_15_PHI_NYG,2017,15,REG,NYG,PHI,1,87,8.8494,0.101717
2017_15_PHI_NYG,2017,15,REG,PHI,NYG,0,66,11.8627,0.179738
2017_15_TEN_SF,2017,15,REG,SF,TEN,1,69,9.5757,0.138778
2017_15_TEN_SF,2017,15,REG,TEN,SF,0,63,8.6777,0.137741
2017_16_ATL_NO,2017,16,REG,ATL,NO,0,63,-13.0331,-0.206875
2017_16_ATL_NO,2017,16,REG,NO,ATL,1,61,-8.3428,-0.136768
2017_16_BUF_NE,2017,16,REG,BUF,NE,0,69,-5.5547,-0.080503
2017_16_BUF_NE,2017,16,REG,NE,BUF,1,69,16.8675,0.244457
2017_16_CLE_CHI,2017,16,REG,CHI,CLE,1,62,-0.0995,-0.001604
2017_16_CLE_CHI,2017,16,REG,CLE,CHI,0,59,-21.4486,-0.363536
2017_16_DEN_WAS,2017,16,REG,DEN,WAS,0,73,-16.9965,-0.232828
2017_16_DEN_WAS,2017,16,REG,WAS,DEN,1,65,-0.945,-0.014538
2017_16_DET_CIN,2017,16,REG,CIN,DET,1,82,5.3196,0.064873
2017_16_DET_CIN,2017,16,REG,DET,CIN,0,61,-0.6465,-0.010599
2017_16_IND_BAL,2017,16,REG,BAL,IND,1,70,10.7219,0.15317
2017_16_IND_BAL,2017,16,REG,IND,BAL,0,62,4.7477,0.076576
2017_16_JAX_SF,2017,16,REG,JAX,SF,0,87,2.3795,0.02735
2017_16_JAX_SF,2017,16,REG,SF,JAX,1,65,16.3719,0.251875
2017_16_LAC_NYJ,2017,16,REG,LAC,NYJ,0,72,4.3725,0.060729
2017_16_LAC_NYJ,2017,16,REG,NYJ,LAC,1,64,-16.27,-0.254219
2017_16_LA_TEN,2017,16,REG,LA,TEN,0,67,6.9013,0.103005
2017_16_LA_TEN,2017,16,REG,TEN,LA,1,68,-4.8903,-0.071915
2017_16_MIA_KC,2017,16,REG,KC,MIA,1,77,6.4523,0.083796
2017_16_MIA_KC,2017,16,REG,MIA,KC,0,55,-8.5776,-0.155957
2017_16_MIN_GB,2017,16,REG,GB,MIN,1,67,-26.4811,-0.395241
2017_16_MIN_GB,2017,16,REG,MIN,GB,0,61,-2.7388,-0.044899
2017_16_NYG_ARI,2017,16,REG,ARI,NYG,1,67,-11.1596,-0.166561
2017_16_NYG_ARI,2017,16,REG,NYG,ARI,0,71,-31.4879,-0.443491
2017_16_OAK_PHI,2017,16,REG,LV,PHI,0,66,-30.6229,-0.463983
2017_16_OAK_PHI,2017,16,REG,PHI,LV,1,67,-23.9184,-0.356991
2017_16_PIT_HOU,2017,16,REG,HOU,PIT,1,55,-16.488,-0.299781
2017_16_PIT_HOU,2017,16,REG,PIT,HOU,0,57,15.0861,0.264668
2017_16_SEA_DAL,2017,16,REG,DAL,SEA,1,73,-15.4279,-0.211341
2017_16_SEA_DAL,2017,16,REG,SEA,DAL,0,54,-4.6154,-0.08547
2017_16_TB_CAR,2017,16,REG,CAR,TB,1,61,-3.9694,-0.065073
2017_16_TB_CAR,2017,16,REG,TB,CAR,0,64,1.6433,0.025677
2017_17_ARI_SEA,2017,17,REG,ARI,SEA,0,70,-0.7877,-0.011252
2017_17_ARI_SEA,2017,17,REG,SEA,ARI,1,58,-5.0149,-0.086463
2017_17_BUF_MIA,2017,17,REG,BUF,MIA,0,65,9.8716,0.151871
2017_17_BUF_MIA,2017,17,REG,MIA,BUF,1,71,-2.7237,-0.038362
2017_17_CAR_ATL,2017,17,REG,ATL,CAR,1,70,-1.4479,-0.020684
2017_17_CAR_ATL,2017,17,REG,CAR,ATL,0,60,-17.3871,-0.289784
2017_17_CHI_MIN,2017,17,REG,CHI,MIN,0,56,-22.3613,-0.399309
2017_17_CHI_MIN,2017,17,REG,MIN,CHI,1,73,0.3925,0.005376
2017_17_CIN_BAL,2017,17,REG,BAL,CIN,1,76,-14.4028,-0.189511
2017_17_CIN_BAL,2017,17,REG,CIN,BAL,0,76,2.373,0.031224
2017_17_CLE_PIT,2017,17,REG,CLE,PIT,0,65,0.1981,0.003048
2017_17_CLE_PIT,2017,17,REG,PIT,CLE,1,58,-3.4145,-0.058871
2017_17_DAL_PHI,2017,17,REG,DAL,PHI,0,68,-7.4518,-0.109585
2017_17_DAL_PHI,2017,17,REG,PHI,DAL,1,59,-23.038,-0.390475
2017_17_GB_DET,2017,17,REG,DET,GB,1,57,6.709,0.117702
2017_17_GB_DET,2017,17,REG,GB,DET,0,68,-18.3009,-0.269131
2017_17_HOU_IND,2017,17,REG,HOU,IND,0,55,-2.8985,-0.052701
2017_17_HOU_IND,2017,17,REG,IND,HOU,1,62,3.3358,0.053804
2017_17_JAX_TEN,2017,17,REG,JAX,TEN,0,60,-17.5369,-0.292281
2017_17_JAX_TEN,2017,17,REG,TEN,JAX,1,64,-23.2341,-0.363033
2017_17_KC_DEN,2017,17,REG,DEN,KC,1,65,-6.9955,-0.107622
2017_17_KC_DEN,2017,17,REG,KC,DEN,0,65,1.0688,0.016444
2017_17_NO_TB,2017,17,REG,NO,TB,0,59,6.575,0.11144
2017_17_NO_TB,2017,17,REG,TB,NO,1,83,10.0496,0.12108
2017_17_NYJ_NE,2017,17,REG,NE,NYJ,1,85,0.1795,0.002111
2017_17_NYJ_NE,2017,17,REG,NYJ,NE,0,58,-7.9796,-0.13758
2017_17_OAK_LAC,2017,17,REG,LAC,LV,1,68,20.8771,0.307016
2017_17_OAK_LAC,2017,17,REG,LV,LAC,0,54,-8.9042,-0.164892
2017_17_SF_LA,2017,17,REG,LA,SF,1,65,-13.8813,-0.213559
2017_17_SF_LA,2017,17,REG,SF,LA,0,62,10.8795,0.175477
2017_17_WAS_NYG,2017,17,REG,NYG,WAS,1,75,-6.641,-0.088547
2017_17_WAS_NYG,2017,17,REG,WAS,NYG,0,57,-22.7482,-0.399091
2017_18_ATL_LA,2017,18,POST,ATL,LA,0,70,5.233,0.074758
2017_18_ATL_LA,2017,18,POST,LA,ATL,1,66,-1.5322,-0.023215
2017_18_BUF_JAX,2017,18,POST,BUF,JAX,0,77,-14.3632,-0.186535
2017_18_BUF_JAX,2017,18,POST,JAX,BUF,1,57,-7.2615,-0.127395
2017_18_CAR_NO,2017,18,POST,CAR,NO,0,74,9.8295,0.132832
2017_18_CAR_NO,2017,18,POST,NO,CAR,1,57,8.5747,0.150434
2017_18_TEN_KC,2017,18,POST,KC,TEN,1,56,3.2895,0.05874
2017_18_TEN_KC,2017,18,POST,TEN,KC,0,65,12.5075,0.192423
2017_19_ATL_PHI,2017,19,POST,ATL,PHI,0,62,-2.2287,-0.035947
2017_19_ATL_PHI,2017,19,POST,PHI,ATL,1,62,5.5632,0.089729
2017_19_JAX_PIT,2017,19,POST,JAX,PIT,0,60,19.3168,0.321947
2017_19_JAX_PIT,2017,19,POST,PIT,JAX,1,78,11.341,0.145398
2017_19_NO_MIN,2017,19,POST,MIN,NO,1,79,5.8611,0.074192
2017_19_NO_MIN,2017,19,POST,NO,MIN,0,67,2.0325,0.030335
2017_19_TEN_NE,2017,19,POST,NE,TEN,1,78,19.9727,0.25606
2017_19_TEN_NE,2017,19,POST,TEN,NE,0,65,-1.4726,-0.022655
2017_20_JAX_NE,2017,20,POST,JAX,NE,0,71,3.5238,0.049631
2017_20_JAX_NE,2017,20,POST,NE,JAX,1,61,6.8316,0.111993
2017_20_MIN_PHI,2017,20,POST,MIN,PHI,0,67,-11.8464,-0.176812
2017_20_MIN_PHI,2017,20,POST,PHI,MIN,1,62,20.9045,0.33717
2017_21_PHI_NE,2017,21,POST,NE,PHI,1,73,23.0094,0.315197
2017_21_PHI_NE,2017,21,POST,PHI,NE,0,73,28.2728,0.387298
2018_01_ATL_PHI,2018,1,REG,ATL,PHI,0,70,-14.6863,-0.209804
2018_01_ATL_PHI,2018,1,REG,PHI,ATL,1,71,-5.2407,-0.073813
2018_01_BUF_BAL,2018,1,REG,BAL,BUF,1,80,4.1438,0.051798
2018_01_BUF_BAL,2018,1,REG,BUF,BAL,0,65,-39.9548,-0.614689
2018_01_CHI_GB,2018,1,REG,CHI,GB,0,70,-0.153,-0.002186
2018_01_CHI_GB,2018,1,REG,GB,CHI,1,60,-2.1059,-0.035099
2018_01_CIN_IND,2018,1,REG,CIN,IND,0,56,5.8037,0.103638
2018_01_CIN_IND,2018,1,REG,IND,CIN,1,82,-6.9272,-0.084478
2018_01_DAL_CAR,2018,1,REG,CAR,DAL,1,64,-4.3111,-0.067361
2018_01_DAL_CAR,2018,1,REG,DAL,CAR,0,63,-8.7923,-0.139561
2018_01_HOU_NE,2018,1,REG,HOU,NE,0,73,-10.9214,-0.149608
2018_01_HOU_NE,2018,1,REG,NE,HOU,1,75,0.5435,0.007247
2018_01_JAX_NYG,2018,1,REG,JAX,NYG,0,61,-3.7899,-0.06213
2018_01_JAX_NYG,2018,1,REG,NYG,JAX,1,71,-15.1432,-0.213285
2018_01_KC_LAC,2018,1,REG,KC,LAC,0,56,10.4747,0.187048
2018_01_KC_LAC,2018,1,REG,LAC,KC,1,82,19.6741,0.239929
2018_01_LA_OAK,2018,1,REG,LA,LV,0,62,13.0514,0.210506
2018_01_LA_OAK,2018,1,REG,LV,LA,1,70,-14.2106,-0.203009
2018_01_NYJ_DET,2018,1,REG,DET,NYJ,1,69,-25.898,-0.375334
2018_01_NYJ_DET,2018,1,REG,NYJ,DET,0,55,6.7919,0.123488
2018_01_PIT_CLE,2018,1,REG,CLE,PIT,1,87,-10.6843,-0.122809
2018_01_PIT_CLE,2018,1,REG,PIT,CLE,0,83,-13.4116,-0.161585
2018_01_SEA_DEN,2018,1,REG,DEN,SEA,1,74,-7.2446,-0.0979
2018_01_SEA_DEN,2018,1,REG,SEA,DEN,0,57,-5.8075,-0.101886
2018_01_SF_MIN,2018,1,REG,MIN,SF,1,71,-13.7865,-0.194176
2018_01_SF_MIN,2018,1,REG,SF,MIN,0,66,-17.3597,-0.263026
2018_01_TB_NO,2018,1,REG,NO,TB,1,64,11.9684,0.187006
2018_01_TB_NO,2018,1,REG,TB,NO,0,62,28.9006,0.466139
2018_01_TEN_MIA,2018,1,REG,MIA,TEN,1,60,-3.9434,-0.065724
2018_01_TEN_MIA,2018,1,REG,TEN,MIA,0,68,-20.1252,-0.295958
2018_01_WAS_ARI,2018,1,REG,ARI,WAS,1,52,-11.0662,-0.212811
2018_01_WAS_ARI,2018,1,REG,WAS,ARI,0,78,14.0793,0.180503
2018_02_ARI_LA,2018,2,REG,ARI,LA,0,45,-18.7441,-0.416535
2018_02_ARI_LA,2018,2,REG,LA,ARI,1,72,12.98,0.180278
2018_02_BAL_CIN,2018,2,REG,BAL,CIN,0,83,-5.3436,-0.064381
2018_02_BAL_CIN,2018,2,REG,CIN,BAL,1,76,9.5321,0.125422
2018_02_CAR_ATL,2018,2,REG,ATL,CAR,1,63,15.606,0.247714
2018_02_CAR_ATL,2018,2,REG,CAR,ATL,0,67,8.9513,0.133602
2018_02_CLE_NO,2018,2,REG,CLE,NO,0,62,-1.9573,-0.03157
2018_02_CLE_NO,2018,2,REG,NO,CLE,1,65,-7.2365,-0.111331
2018_02_DET_SF,2018,2,REG,DET,SF,0,77,7.4777,0.097113
2018_02_DET_SF,2018,2,REG,SF,DET,1,63,10.5395,0.167294
2018_02_HOU_TEN,2018,2,REG,HOU,TEN,0,66,6.833,0.10353
2018_02_HOU_TEN,2018,2,REG,TEN,HOU,1,60,1.4026,0.023377
2018_02_IND_WAS,2018,2,REG,IND,WAS,0,59,4.5444,0.077024
2018_02_IND_WAS,2018,2,REG,WAS,IND,1,72,-9.1721,-0.127391
2018_02_KC_PIT,2018,2,REG,KC,PIT,0,56,25.3187,0.452119
2018_02_KC_PIT,2018,2,REG,PIT,KC,1,82,19.5734,0.2387
2018_02_LAC_BUF,2018,2,REG,BUF,LAC,1,61,-5.4481,-0.089312
2018_02_LAC_BUF,2018,2,REG,LAC,BUF,0,55,14.7889,0.26889
2018_02_MIA_NYJ,2018,2,REG,MIA,NYJ,0,57,-5.2403,-0.091935
2018_02_MIA_NYJ,2018,2,REG,NYJ,MIA,1,65,-15.74,-0.242155
2018_02_MIN_GB,2018,2,REG,GB,MIN,1,76,2.0644,0.027163
2018_02_MIN_GB,2018,2,REG,MIN,GB,0,73,11.3787,0.155872
2018_02_NE_JAX,2018,2,REG,JAX,NE,1,69,12.997,0.188362
2018_02_NE_JAX,2018,2,REG,NE,JAX,0,60,0.8061,0.013435
2018_02_NYG_DAL,2018,2,REG,DAL,NYG,1,51,3.7699,0.07392
2018_02_NYG_DAL,2018,2,REG,NYG,DAL,0,68,-8.2691,-0.121604
2018_02_OAK_DEN,2018,2,REG,DEN,LV,1,66,4.3574,0.066022
2018_02_OAK_DEN,2018,2,REG,LV,DEN,0,65,5.013,0.077123
2018_02_PHI_TB,2018,2,REG,PHI,TB,0,78,-0.1126,-0.001444
2018_02_PHI_TB,2018,2,REG,TB,PHI,1,57,5.9274,0.103989
2018_02_SEA_CHI,2018,2,REG,CHI,SEA,1,65,-4.7578,-0.073197
2018_02_SEA_CHI,2018,2,REG,SEA,CHI,0,63,-12.3843,-0.196577
2018_03_BUF_MIN,2018,3,REG,BUF,MIN,0,67,0.9117,0.013608
2018_03_BUF_MIN,2018,3,REG,MIN,BUF,1,66,-24.6409,-0.373347
2018_03_CHI_ARI,2018,3,REG,ARI,CHI,1,50,-10.8739,-0.217478
2018_03_CHI_ARI,2018,3,REG,CHI,ARI,0,74,-3.9358,-0.053186
2018_03_CIN_CAR,2018,3,REG,CAR,CIN,1,66,9.0559,0.137211
2018_03_CIN_CAR,2018,3,REG,CIN,CAR,0,64,3.6745,0.057414
2018_03_DAL_SEA,2018,3,REG,DAL,SEA,0,59,-14.2993,-0.242361
2018_03_DAL_SEA,2018,3,REG,SEA,DAL,1,68,2.5287,0.037186
2018_03_DEN_BAL,2018,3,REG,BAL,DEN,1,68,5.9448,0.087423
2018_03_DEN_BAL,2018,3,REG,DEN,BAL,0,68,-7.6067,-0.111863
2018_03_GB_WAS,2018,3,REG,GB,WAS,0,70,-7.348,-0.104972
2018_03_GB_WAS,2018,3,REG,WAS,GB,1,59,10.2208,0.173234
2018_03_IND_PHI,2018,3,REG,IND,PHI,0,59,-8.1398,-0.137962
2018_03_IND_PHI,2018,3,REG,PHI,IND,1,82,-0.868,-0.010585
2018_03_LAC_LA,2018,3,REG,LA,LAC,1,75,18.631,0.248413
2018_03_LAC_LA,2018,3,REG,LAC,LA,0,52,6.7415,0.129645
2018_03_NE_DET,2018,3,REG,DET,NE,1,72,2.2356,0.03105
2018_03_NE_DET,2018,3,REG,NE,DET,0,48,-13.6608,-0.284599
2018_03_NO_ATL,2018,3,REG,ATL,NO,1,67,16.1195,0.24059
2018_03_NO_ATL,2018,3,REG,NO,ATL,0,78,23.5237,0.301586
2018_03_NYG_HOU,2018,3,REG,HOU,NYG,1,66,3.1855,0.048265
2018_03_NYG_HOU,2018,3,REG,NYG,HOU,0,61,12.9547,0.212372
2018_03_NYJ_CLE,2018,3,REG,CLE,NYJ,1,75,-4.076,-0.054347
2018_03_NYJ_CLE,2018,3,REG,NYJ,CLE,0,63,-8.9028,-0.141315
2018_03_OAK_MIA,2018,3,REG,LV,MIA,0,74,6.1901,0.08365
2018_03_OAK_MIA,2018,3,REG,MIA,LV,1,43,9.0461,0.210375
2018_03_PIT_TB,2018,3,REG,PIT,TB,0,63,8.8349,0.140236
2018_03_PIT_TB,2018,3,REG,TB,PIT,1,72,-2.6386,-0.036648
2018_03_SF_KC,2018,3,REG,KC,SF,1,73,27.5434,0.377306
2018_03_SF_KC,2018,3,REG,SF,KC,0,68,16.939,0.249104
2018_03_TEN_JAX,2018,3,REG,JAX,TEN,1,58,-11.3659,-0.195963
2018_03_TEN_JAX,2018,3,REG,TEN,JAX,0,62,-4.3523,-0.070199
2018_04_BAL_PIT,2018,4,REG,BAL,PIT,0,74,6.499,0.087824
2018_04_BAL_PIT,2018,4,REG,PIT,BAL,1,61,-12.995,-0.213033
2018_04_BUF_GB,2018,4,REG,BUF,GB,0,58,-23.9852,-0.413538
2018_04_BUF_GB,2018,4,REG,GB,BUF,1,76,-3.0387,-0.039983
2018_04_CIN_ATL,2018,4,REG,ATL,CIN,1,70,14.5789,0.20827
2018_04_CIN_ATL,2018,4,REG,CIN,ATL,0,73,16.9495,0.232185
2018_04_CLE_OAK,2018,4,REG,CLE,LV,0,80,-1.0063,-0.012578
2018_04_CLE_OAK,2018,4,REG,LV,CLE,1,90,0.3459,0.003844
2018_04_DET_DAL,2018,4,REG,DAL,DET,1,68,14.1521,0.208119
2018_04_DET_DAL,2018,4,REG,DET,DAL,0,54,14.7428,0.273014
2018_04_HOU_IND,2018,4,REG,HOU,IND,0,84,6.9993,0.083326
2018_04_HOU_IND,2018,4,REG,IND,HOU,1,91,-3.4436,-0.037841
2018_04_KC_DEN,2018,4,REG,DEN,KC,1,60,4.4637,0.074395
2018_04_KC_DEN,2018,4,REG,KC,DEN,0,77,15.4591,0.200768
2018_04_MIA_NE,2018,4,REG,MIA,NE,0,49,-18.0055,-0.367459
2018_04_MIA_NE,2018,4,REG,NE,MIA,1,78,16.0603,0.205902
2018_04_MIN_LA,2018,4,REG,LA,MIN,1,55,27.1864,0.494298
2018_04_MIN_LA,2018,4,REG,MIN,LA,0,74,12.3513,0.166909
2018_04_NO_NYG,2018,4,REG,NO,NYG,0,68,16.5943,0.244033
2018_04_NO_NYG,2018,4,REG,NYG,NO,1,61,-2.9518,-0.048391
2018_04_NYJ_JAX,2018,4,REG,JAX,NYJ,1,77,0.6964,0.009044
2018_04_NYJ_JAX,2018,4,REG,NYJ,JAX,0,56,-14.1864,-0.253329
2018_04_PHI_TEN,2018,4,REG,PHI,TEN,0,78,3.1972,0.040989
2018_04_PHI_TEN,2018,4,REG,TEN,PHI,1,70,9.3513,0.13359
2018_04_SEA_ARI,2018,4,REG,ARI,SEA,1,60,-4.9897,-0.083162
2018_04_SEA_ARI,2018,4,REG,SEA,ARI,0,65,2.1874,0.033652
2018_04_SF_LAC,2018,4,REG,LAC,SF,1,65,-0.2246,-0.003455
2018_04_SF_LAC,2018,4,REG,SF,LAC,0,60,-2.3256,-0.03876
2018_04_TB_CHI,2018,4,REG,CHI,TB,1,59,28.9128,0.490048
2018_04_TB_CHI,2018,4,REG,TB,CHI,0,63,-7.2883,-0.115687
2018_05_ARI_SF,2018,5,REG,ARI,SF,0,47,-4.7642,-0.101366
2018_05_ARI_SF,2018,5,REG,SF,ARI,1,99,-15.4229,-0.155786
2018_05_ATL_PIT,2018,5,REG,ATL,PIT,0,72,-4.9038,-0.068108
2018_05_ATL_PIT,2018,5,REG,PIT,ATL,1,60,20.0202,0.33367
2018_05_BAL_CLE,2018,5,REG,BAL,CLE,0,87,-12.8609,-0.147826
2018_05_BAL_CLE,2018,5,REG,CLE,BAL,1,79,-11.0831,-0.140292
2018_05_DAL_HOU,2018,5,REG,DAL,HOU,0,61,-9.2218,-0.151177
2018_05_DAL_HOU,2018,5,REG,HOU,DAL,1,80,-3.9221,-0.049027
2018_05_DEN_NYJ,2018,5,REG,DEN,NYJ,0,77,-5.0848,-0.066037
2018_05_DEN_NYJ,2018,5,REG,NYJ,DEN,1,61,10.2844,0.168597
2018_05_GB_DET,2018,5,REG,DET,GB,1,61,1.7009,0.027884
2018_05_GB_DET,2018,5,REG,GB,DET,0,80,15.6161,0.195202
2018_05_IND_NE,2018,5,REG,IND,NE,0,83,-1.6422,-0.019786
2018_05_IND_NE,2018,5,REG,NE,IND,1,67,12.3022,0.183614
2018_05_JAX_KC,2018,5,REG,JAX,KC,0,83,-12.7953,-0.15416
2018_05_JAX_KC,2018,5,REG,KC,JAX,1,68,4.4734,0.065785
2018_05_LA_SEA,2018,5,REG,LA,SEA,0,64,17.1722,0.268316
2018_05_LA_SEA,2018,5,REG,SEA,LA,1,60,13.9806,0.23301
2018_05_MIA_CIN,2018,5,REG,CIN,MIA,1,59,-1.0934,-0.018531
2018_05_MIA_CIN,2018,5,REG,MIA,CIN,0,63,-15.4563,-0.245339
2018_05_MIN_PHI,2018,5,REG,MIN,PHI,0,60,5.1061,0.085102
2018_05_MIN_PHI,2018,5,REG,PHI,MIN,1,58,-4.8042,-0.082831
2018_05_NYG_CAR,2018,5,REG,CAR,NYG,1,69,-2.3494,-0.034049
2018_05_NYG_CAR,2018,5,REG,NYG,CAR,0,56,4.0259,0.071892
2018_05_OAK_LAC,2018,5,REG,LAC,LV,1,61,15.8626,0.260043
2018_05_OAK_LAC,2018,5,REG,LV,LAC,0,51,-1.307,-0.025628
2018_05_TEN_BUF,2018,5,REG,BUF,TEN,1,66,-11.2071,-0.169804
2018_05_TEN_BUF,2018,5,REG,TEN,BUF,0,54,-15.1222,-0.280041
2018_05_WAS_NO,2018,5,REG,NO,WAS,1,62,22.6277,0.364964
2018_05_WAS_NO,2018,5,REG,WAS,NO,0,61,-9.2901,-0.152297
2018_06_ARI_MIN,2018,6,REG,ARI,MIN,0,58,-20.4104,-0.351903
2018_06_ARI_MIN,2018,6,REG,MIN,ARI,1,69,-10.7388,-0.155635
2018_06_BAL_TEN,2018,6,REG,BAL,TEN,0,75,11.5207,0.153609
2018_06_BAL_TEN,2018,6,REG,TEN,BAL,1,44,-18.349,-0.417024
2018_06_BUF_HOU,2018,6,REG,BUF,HOU,0,62,-17.7272,-0.285923
2018_06_BUF_HOU,2018,6,REG,HOU,BUF,1,60,-17.2815,-0.288024
2018_06_CAR_WAS,2018,6,REG,CAR,WAS,0,59,3.7676,0.063857
2018_06_CAR_WAS,2018,6,REG,WAS,CAR,1,69,-3.8997,-0.056518
2018_06_CHI_MIA,2018,6,REG,CHI,MIA,0,69,9.3127,0.134967
2018_06_CHI_MIA,2018,6,REG,MIA,CHI,1,77,5.7834,0.075109
2018_06_IND_NYJ,2018,6,REG,IND,NYJ,0,69,-6.8138,-0.098751
2018_06_IND_NYJ,2018,6,REG,NYJ,IND,1,67,-1.3164,-0.019648
2018_06_JAX_DAL,2018,6,REG,DAL,JAX,1,73,7.4236,0.101693
2018_06_JAX_DAL,2018,6,REG,JAX,DAL,0,48,-22.4175,-0.467031
2018_06_KC_NE,2018,6,REG,KC,NE,0,54,10.8647,0.201198
2018_06_KC_NE,2018,6,REG,NE,KC,1,77,14.4088,0.187128
2018_06_LAC_CLE,2018,6,REG,CLE,LAC,1,74,-22.7208,-0.307038
2018_06_LAC_CLE,2018,6,REG,LAC,CLE,0,58,14.2297,0.24534
2018_06_LA_DEN,2018,6,REG,DEN,LA,1,65,0.3262,0.005018
2018_06_LA_DEN,2018,6,REG,LA,DEN,0,72,11.8379,0.164415
2018_06_PHI_NYG,2018,6,REG,NYG,PHI,1,65,-10.6419,-0.163721
2018_06_PHI_NYG,2018,6,REG,PHI,NYG,0,71,16.1872,0.227988
2018_06_PIT_CIN,2018,6,REG,CIN,PIT,1,61,5.3388,0.087521
2018_06_PIT_CIN,2018,6,REG,PIT,CIN,0,72,20.7814,0.288631
2018_06_SEA_OAK,2018,6,REG,LV,SEA,1,60,-14.6509,-0.244181
2018_06_SEA_OAK,2018,6,REG,SEA,LV,0,63,12.1951,0.193574
2018_06_SF_GB,2018,6,REG,GB,SF,1,70,8.7107,0.124438
2018_06_SF_GB,2018,6,REG,SF,GB,0,57,11.9953,0.210443
2018_06_TB_ATL,2018,6,REG,ATL,TB,1,67,16.1797,0.241489
2018_06_TB_ATL,2018,6,REG,TB,ATL,0,65,15.7387,0.242133
2018_07_BUF_IND,2018,7,REG,BUF,IND,0,56,-26.8238,-0.478997
2018_07_BUF_IND,2018,7,REG,IND,BUF,1,62,14.0809,0.227111
2018_07_CAR_PHI,2018,7,REG,CAR,PHI,0,58,14.6437,0.252478
2018_07_CAR_PHI,2018,7,REG,PHI,CAR,1,67,8.2978,0.123847
2018_07_CIN_KC,2018,7,REG,CIN,KC,0,58,-13.9293,-0.240161
2018_07_CIN_KC,2018,7,REG,KC,CIN,1,70,26.6953,0.381361
2018_07_CLE_TB,2018,7,REG,CLE,TB,0,68,-9.3379,-0.137323
2018_07_CLE_TB,2018,7,REG,TB,CLE,1,94,-8.113,-0.086309
2018_07_DAL_WAS,2018,7,REG,DAL,WAS,0,66,-7.1033,-0.107626
2018_07_DAL_WAS,2018,7,REG,WAS,DAL,1,60,-5.2777,-0.087961
2018_07_DEN_ARI,2018,7,REG,ARI,DEN,1,66,-42.525,-0.644318
2018_07_DEN_ARI,2018,7,REG,DEN,ARI,0,56,2.5642,0.045789
2018_07_DET_MIA,2018,7,REG,DET,MIA,0,62,22.7014,0.366151
2018_07_DET_MIA,2018,7,REG,MIA,DET,1,56,10.1567,0.18137
2018_07_HOU_JAX,2018,7,REG,HOU,JAX,0,62,-0.8449,-0.013627
2018_07_HOU_JAX,2018,7,REG,JAX,HOU,1,68,-17.8013,-0.261784
2018_07_LA_SF,2018,7,REG,LA,SF,0,58,8.327,0.143569
2018_07_LA_SF,2018,7,REG,SF,LA,1,59,-28.5791,-0.484391
2018_07_MIN_NYJ,2018,7,REG,MIN,NYJ,0,68,-3.1513,-0.046343
2018_07_MIN_NYJ,2018,7,REG,NYJ,MIN,1,72,-32.9478,-0.457608
2018_07_NE_CHI,2018,7,REG,CHI,NE,1,81,3.7499,0.046295
2018_07_NE_CHI,2018,7,REG,NE,CHI,0,64,8.6144,0.134601
2018_07_NO_BAL,2018,7,REG,BAL,NO,1,68,13.2595,0.194993
2018_07_NO_BAL,2018,7,REG,NO,BAL,0,71,15.2912,0.215369
2018_07_NYG_ATL,2018,7,REG,ATL,NYG,1,64,12.0424,0.188162
2018_07_NYG_ATL,2018,7,REG,NYG,ATL,0,65,8.0785,0.124284
2018_07_TEN_LAC,2018,7,REG,LAC,TEN,1,43,13.5463,0.31503
2018_07_TEN_LAC,2018,7,REG,TEN,LAC,0,71,8.0492,0.113369
2018_08_BAL_CAR,2018,8,REG,BAL,CAR,0,69,-0.149,-0.002159
2018_08_BAL_CAR,2018,8,REG,CAR,BAL,1,63,14.3988,0.228553
2018_08_CLE_PIT,2018,8,REG,CLE,PIT,0,64,-6.6126,-0.103321
2018_08_CLE_PIT,2018,8,REG,PIT,CLE,1,70,6.2262,0.088945
2018_08_DEN_KC,2018,8,REG,DEN,KC,0,73,4.288,0.058739
2018_08_DEN_KC,2018,8,REG,KC,DEN,1,58,11.208,0.193242
2018_08_GB_LA,2018,8,REG,GB,LA,0,52,7.6032,0.146215
2018_08_GB_LA,2018,8,REG,LA,GB,1,78,6.3716,0.081687
2018_08_IND_OAK,2018,8,REG,IND,LV,0,76,29.7619,0.391603
2018_08_IND_OAK,2018,8,REG,LV,IND,1,49,8.862,0.180857
2018_08_MIA_HOU,2018,8,REG,HOU,MIA,1,59,19.1864,0.325194
2018_08_MIA_HOU,2018,8,REG,MIA,HOU,0,66,-5.0095,-0.075901
2018_08_NE_BUF,2018,8,REG,BUF,NE,1,63,-23.8631,-0.378779
2018_08_NE_BUF,2018,8,REG,NE,BUF,0,73,3.9478,0.05408
2018_08_NO_MIN,2018,8,REG,MIN,NO,1,72,-6.9382,-0.096364
2018_08_NO_MIN,2018,8,REG,NO,MIN,0,53,0.2954,0.005574
2018_08_NYJ_CHI,2018,8,REG,CHI,NYJ,1,66,10.8161,0.163881
2018_08_NYJ_CHI,2018,8,REG,NYJ,CHI,0,54,-4.1385,-0.076638
2018_08_PHI_JAX,2018,8,REG,JAX,PHI,1,64,-5.4036,-0.084432
2018_08_PHI_JAX,2018,8,REG,PHI,JAX,0,59,11.1297,0.18864
2018_08_SEA_DET,2018,8,REG,DET,SEA,1,59,4.7275,0.080128
2018_08_SEA_DET,2018,8,REG,SEA,DET,0,64,14.2291,0.222329
2018_08_SF_ARI,2018,8,REG,ARI,SF,1,66,-3.7668,-0.057073
2018_08_SF_ARI,2018,8,REG,SF,ARI,0,66,-8.5304,-0.129249
2018_08_TB_CIN,2018,8,REG,CIN,TB,1,64,4.8334,0.075522
2018_08_TB_CIN,2018,8,REG,TB,CIN,0,88,7.3874,0.083947
2018_08_WAS_NYG,2018,8,REG,NYG,WAS,1,69,-8.4403,-0.122324
2018_08_WAS_NYG,2018,8,REG,WAS,NYG,0,67,0.9597,0.014324
2018_09_ATL_WAS,2018,9,REG,ATL,WAS,0,68,27.6788,0.407041
2018_09_ATL_WAS,2018,9,REG,WAS,ATL,1,69,-3.8856,-0.056313
2018_09_CHI_BUF,2018,9,REG,BUF,CHI,1,91,-26.1914,-0.287818
2018_09_CHI_BUF,2018,9,REG,CHI,BUF,0,48,-1.2436,-0.025909
2018_09_DET_MIN,2018,9,REG,DET,MIN,0,70,-14.3548,-0.205069
2018_09_DET_MIN,2018,9,REG,MIN,DET,1,49,-2.9136,-0.059461
2018_09_GB_NE,2018,9,REG,GB,NE,0,74,3.1511,0.042582
2018_09_GB_NE,2018,9,REG,NE,GB,1,67,14.0801,0.210151
2018_09_HOU_DEN,2018,9,REG,DEN,HOU,1,66,-1.0208,-0.015467
2018_09_HOU_DEN,2018,9,REG,HOU,DEN,0,62,0.7474,0.012054
2018_09_KC_CLE,2018,9,REG,CLE,KC,1,75,5.1053,0.06807
2018_09_KC_CLE,2018,9,REG,KC,CLE,0,62,26.7702,0.431777
2018_09_LAC_SEA,2018,9,REG,LAC,SEA,0,51,10.0446,0.196952
2018_09_LAC_SEA,2018,9,REG,SEA,LAC,1,79,-7.369,-0.093278
2018_09_LA_NO,2018,9,REG,LA,NO,0,61,12.8092,0.209986
2018_09_LA_NO,2018,9,REG,NO,LA,1,69,21.0151,0.304567
2018_09_NYJ_MIA,2018,9,REG,MIA,NYJ,1,55,-18.4134,-0.334789
2018_09_NYJ_MIA,2018,9,REG,NYJ,MIA,0,66,-20.5,-0.310607
2018_09_OAK_SF,2018,9,REG,LV,SF,0,56,-9.4,-0.167858
2018_09_OAK_SF,2018,9,REG,SF,LV,1,52,16.7418,0.321957
2018_09_PIT_BAL,2018,9,REG,BAL,PIT,1,61,2.1948,0.03598
2018_09_PIT_BAL,2018,9,REG,PIT,BAL,0,80,15.9473,0.199341
2018_09_TB_CAR,2018,9,REG,CAR,TB,1,58,13.5709,0.233982
2018_09_TB_CAR,2018,9,REG,TB,CAR,0,68,0.2157,0.003172
2018_09_TEN_DAL,2018,9,REG,DAL,TEN,1,59,-8.3523,-0.141564
2018_09_TEN_DAL,2018,9,REG,TEN,DAL,0,68,9.3959,0.138175
2018_10_ARI_KC,2018,10,REG,ARI,KC,0,72,-9.2135,-0.127965
2018_10_ARI_KC,2018,10,REG,KC,ARI,1,58,4.9103,0.084661
2018_10_ATL_CLE,2018,10,REG,ATL,CLE,0,74,1.1008,0.014876
2018_10_ATL_CLE,2018,10,REG,CLE,ATL,1,51,15.6764,0.307381
2018_10_BUF_NYJ,2018,10,REG,BUF,NYJ,0,72,19.2221,0.266974
2018_10_BUF_NYJ,2018,10,REG,NYJ,BUF,1,56,-22.685,-0.405089
2018_10_CAR_PIT,2018,10,REG,CAR,PIT,0,57,0.6079,0.010665
2018_10_CAR_PIT,2018,10,REG,PIT,CAR,1,57,26.0218,0.456523
2018_10_DAL_PHI,2018,10,REG,DAL,PHI,0,70,14.4006,0.205723
2018_10_DAL_PHI,2018,10,REG,PHI,DAL,1,61,-3.3816,-0.055435
2018_10_DET_CHI,2018,10,REG,CHI,DET,1,57,16.7793,0.294373
2018_10_DET_CHI,2018,10,REG,DET,CHI,0,78,-8.5795,-0.109994
2018_10_JAX_IND,2018,10,REG,IND,JAX,1,52,12.1941,0.234502
2018_10_JAX_IND,2018,10,REG,JAX,IND,0,76,10.8068,0.142195
2018_10_LAC_OAK,2018,10,REG,LAC,LV,0,56,5.3117,0.094851
2018_10_LAC_OAK,2018,10,REG,LV,LAC,1,63,-11.1426,-0.176867
2018_10_MIA_GB,2018,10,REG,GB,MIA,1,55,14.3888,0.261615
2018_10_MIA_GB,2018,10,REG,MIA,GB,0,69,-13.6101,-0.197248
2018_10_NE_TEN,2018,10,REG,NE,TEN,0,65,-8.8618,-0.136335
2018_10_NE_TEN,2018,10,REG,TEN,NE,1,65,11.5116,0.177102
2018_10_NO_CIN,2018,10,REG,CIN,NO,1,42,-6.9246,-0.164872
2018_10_NO_CIN,2018,10,REG,NO,CIN,0,72,37.3719,0.519054
2018_10_NYG_SF,2018,10,REG,NYG,SF,0,59,5.018,0.085051
2018_10_NYG_SF,2018,10,REG,SF,NYG,1,71,-0.973,-0.013704
2018_10_SEA_LA,2018,10,REG,LA,SEA,1,63,21.0004,0.33334
2018_10_SEA_LA,2018,10,REG,SEA,LA,0,67,15.6942,0.234242
2018_10_WAS_TB,2018,10,REG,TB,WAS,1,69,-7.8318,-0.113504
2018_10_WAS_TB,2018,10,REG,WAS,TB,0,58,3.2246,0.055597
2018_11_CAR_DET,2018,11,REG,CAR,DET,0,58,10.1567,0.175116
2018_11_CAR_DET,2018,11,REG,DET,CAR,1,63,1.1572,0.018368
2018_11_CIN_BAL,2018,11,REG,BAL,CIN,1,76,-0.8338,-0.010972
2018_11_CIN_BAL,2018,11,REG,CIN,BAL,0,55,0.9022,0.016403
2018_11_DAL_ATL,2018,11,REG,ATL,DAL,1,56,-0.2272,-0.004057
2018_11_DAL_ATL,2018,11,REG,DAL,ATL,0,64,8.0332,0.125519
2018_11_DEN_LAC,2018,11,REG,DEN,LAC,0,56,5.4633,0.097559
2018_11_DEN_LAC,2018,11,REG,LAC,DEN,1,77,6.0338,0.07836
2018_11_GB_SEA,2018,11,REG,GB,SEA,0,49,7.8837,0.160891
2018_11_GB_SEA,2018,11,REG,SEA,GB,1,67,4.7339,0.070656
2018_11_HOU_WAS,2018,11,REG,HOU,WAS,0,62,-5.2832,-0.085212
2018_11_HOU_WAS,2018,11,REG,WAS,HOU,1,73,-12.2491,-0.167796
2018_11_KC_LA,2018,11,REG,KC,LA,0,72,6.5921,0.091557
2018_11_KC_LA,2018,11,REG,LA,KC,1,78,11.4206,0.146418
2018_11_MIN_CHI,2018,11,REG,CHI,MIN,1,71,-1.2356,-0.017403
2018_11_MIN_CHI,2018,11,REG,MIN,CHI,0,67,-8.09,-0.120746
2018_11_OAK_ARI,2018,11,REG,ARI,LV,1,54,-12.2146,-0.226196
2018_11_OAK_ARI,2018,11,REG,LV,ARI,0,66,-0.8666,-0.01313
2018_11_PHI_NO,2018,11,REG,NO,PHI,1,69,29.4481,0.426784
2018_11_PHI_NO,2018,11,REG,PHI,NO,0,51,-18.0355,-0.353636
2018_11_PIT_JAX,2018,11,REG,JAX,PIT,1,69,-12.1591,-0.176219
2018_11_PIT_JAX,2018,11,REG,PIT,JAX,0,63,-6.0703,-0.096354
2018_11_TB_NYG,2018,11,REG,NYG,TB,1,52,15.0854,0.290103
2018_11_TB_NYG,2018,11,REG,TB,NYG,0,71,13.2942,0.187242
2018_11_TEN_IND,2018,11,REG,IND,TEN,1,59,21.3903,0.362547
2018_11_TEN_IND,2018,11,REG,TEN,IND,0,63,-13.1712,-0.209066
2018_12_ARI_LAC,2018,12,REG,ARI,LAC,0,46,-13.3869,-0.29102
2018_12_ARI_LAC,2018,12,REG,LAC,ARI,1,67,20.3963,0.304422
2018_12_ATL_NO,2018,12,REG,ATL,NO,0,70,-10.5321,-0.150459
2018_12_ATL_NO,2018,12,REG,NO,ATL,1,53,7.582,0.143057
2018_12_CHI_DET,2018,12,REG,CHI,DET,0,57,-4.7816,-0.083888
2018_12_CHI_DET,2018,12,REG,DET,CHI,1,66,-9.8777,-0.149663
2018_12_CLE_CIN,2018,12,REG,CIN,CLE,1,74,1.0238,0.013836
2018_12_CLE_CIN,2018,12,REG,CLE,CIN,0,62,18.462,0.297774
2018_12_GB_MIN,2018,12,REG,GB,MIN,0,53,-5.1901,-0.097926
2018_12_GB_MIN,2018,12,REG,MIN,GB,1,67,2.3135,0.03453
2018_12_JAX_BUF,2018,12,REG,BUF,JAX,1,56,3.1977,0.057101
2018_12_JAX_BUF,2018,12,REG,JAX,BUF,0,70,1.0527,0.015038
2018_12_MIA_IND,2018,12,REG,IND,MIA,1,69,6.2987,0.091285
2018_12_MIA_IND,2018,12,REG,MIA,IND,0,52,2.8718,0.055227
2018_12_NE_NYJ,2018,12,REG,NE,NYJ,0,69,20.1613,0.292192
2018_12_NE_NYJ,2018,12,REG,NYJ,NE,1,63,-2.2454,-0.035641
2018_12_NYG_PHI,2018,12,REG,NYG,PHI,0,61,8.8604,0.145252
2018_12_NYG_PHI,2018,12,REG,PHI,NYG,1,64,8.046,0.125719
2018_12_OAK_BAL,2018,12,REG,BAL,LV,1,68,8.5745,0.126095
2018_12_OAK_BAL,2018,12,REG,LV,BAL,0,56,-7.3181,-0.130681
2018_12_PIT_DEN,2018,12,REG,DEN,PIT,1,54,1.5609,0.028905
2018_12_PIT_DEN,2018,12,REG,PIT,DEN,0,79,2.0069,0.025404
2018_12_SEA_CAR,2018,12,REG,CAR,SEA,1,59,14.3831,0.243781
2018_12_SEA_CAR,2018,12,REG,SEA,CAR,0,59,17.5861,0.29807
2018_12_SF_TB,2018,12,REG,SF,TB,0,63,-2.7232,-0.043226
2018_12_SF_TB,2018,12,REG,TB,SF,1,71,10.8108,0.152265
2018_12_TEN_HOU,2018,12,REG,HOU,TEN,1,63,14.0963,0.223751
2018_12_TEN_HOU,2018,12,REG,TEN,HOU,0,55,1.3239,0.024071
2018_12_WAS_DAL,2018,12,REG,DAL,WAS,1,68,8.063,0.118573
2018_12_WAS_DAL,2018,12,REG,WAS,DAL,0,62,-4.4299,-0.07145
2018_13_ARI_GB,2018,13,REG,ARI,GB,0,61,3.667,0.060114
2018_13_ARI_GB,2018,13,REG,GB,ARI,1,76,1.3243,0.017424
2018_13_BAL_ATL,2018,13,REG,ATL,BAL,1,52,-17.9574,-0.345334
2018_13_BAL_ATL,2018,13,REG,BAL,ATL,0,80,-3.1387,-0.039233
2018_13_BUF_MIA,2018,13,REG,BUF,MIA,0,72,5.7262,0.079531
2018_13_BUF_MIA,2018,13,REG,MIA,BUF,1,53,-4.253,-0.080245
2018_13_CAR_TB,2018,13,REG,CAR,TB,0,69,-3.5854,-0.051962
2018_13_CAR_TB,2018,13,REG,TB,CAR,1,65,0.7258,0.011166
2018_13_CHI_NYG,2018,13,REG,CHI,NYG,0,83,-7.7714,-0.093631
2018_13_CHI_NYG,2018,13,REG,NYG,CHI,1,72,-7.644,-0.106166
2018_13_CLE_HOU,2018,13,REG,CLE,HOU,0,55,-8.5664,-0.155753
2018_13_CLE_HOU,2018,13,REG,HOU,CLE,1,75,4.9288,0.065718
2018_13_DEN_CIN,2018,13,REG,CIN,DEN,1,68,-11.6927,-0.171951
2018_13_DEN_CIN,2018,13,REG,DEN,CIN,0,58,3.0218,0.0521
2018_13_IND_JAX,2018,13,REG,IND,JAX,0,76,-25.5826,-0.336613
2018_13_IND_JAX,2018,13,REG,JAX,IND,1,58,-14.4971,-0.24995
2018_13_KC_OAK,2018,13,REG,KC,LV,0,68,20.2135,0.297257
2018_13_KC_OAK,2018,13,REG,LV,KC,1,75,3.6622,0.048829
2018_13_LAC_PIT,2018,13,REG,LAC,PIT,0,63,15.4622,0.245432
2018_13_LAC_PIT,2018,13,REG,PIT,LAC,1,68,10.361,0.152368
2018_13_LA_DET,2018,13,REG,DET,LA,1,72,-10.7019,-0.148637
2018_13_LA_DET,2018,13,REG,LA,DET,0,67,1.7625,0.026306
2018_13_MIN_NE,2018,13,REG,MIN,NE,0,61,-10.4649,-0.171556
2018_13_MIN_NE,2018,13,REG,NE,MIN,1,73,9.4992,0.130126
2018_13_NO_DAL,2018,13,REG,DAL,NO,1,68,-3.8274,-0.056285
2018_13_NO_DAL,2018,13,REG,NO,DAL,0,52,-13.1797,-0.253456
2018_13_NYJ_TEN,2018,13,REG,NYJ,TEN,0,68,-11.1951,-0.164634
2018_13_NYJ_TEN,2018,13,REG,TEN,NYJ,1,67,-4.8718,-0.072713
2018_13_SF_SEA,2018,13,REG,SEA,SF,1,57,19.4077,0.340486
2018_13_SF_SEA,2018,13,REG,SF,SEA,0,74,-5.31,-0.071756
2018_13_WAS_PHI,2018,13,REG,PHI,WAS,1,71,8.3224,0.117217
2018_13_WAS_PHI,2018,13,REG,WAS,PHI,0,45,-5.5313,-0.122917
2018_14_ATL_GB,2018,14,REG,ATL,GB,0,71,-1.4023,-0.01975
2018_14_ATL_GB,2018,14,REG,GB,ATL,1,64,8.5912,0.134237
2018_14_BAL_KC,2018,14,REG,BAL,KC,0,71,2.9782,0.041947
2018_14_BAL_KC,2018,14,REG,KC,BAL,1,86,12.5903,0.146399
2018_14_CAR_CLE,2018,14,REG,CAR,CLE,0,74,-0.1421,-0.001921
2018_14_CAR_CLE,2018,14,REG,CLE,CAR,1,50,-0.2111,-0.004222
2018_14_CIN_LAC,2018,14,REG,CIN,LAC,0,68,3.6738,0.054026
2018_14_CIN_LAC,2018,14,REG,LAC,CIN,1,57,4.5297,0.079468
2018_14_DEN_SF,2018,14,REG,DEN,SF,0,73,-4.508,-0.061754
2018_14_DEN_SF,2018,14,REG,SF,DEN,1,68,6.778,0.099677
2018_14_DET_ARI,2018,14,REG,ARI,DET,1,70,-22.9075,-0.32725
2018_14_DET_ARI,2018,14,REG,DET,ARI,0,60,-9.8999,-0.164999
2018_14_IND_HOU,2018,14,REG,HOU,IND,1,72,3.9556,0.05494
2018_14_IND_HOU,2018,14,REG,IND,HOU,0,64,8.1329,0.127076
2018_14_JAX_TEN,2018,14,REG,JAX,TEN,0,70,-16.8565,-0.240808
2018_14_JAX_TEN,2018,14,REG,TEN,JAX,1,58,14.0924,0.242973
2018_14_LA_CHI,2018,14,REG,CHI,LA,1,69,-15.4661,-0.224146
2018_14_LA_CHI,2018,14,REG,LA,CHI,0,64,-22.5029,-0.351609
2018_14_MIN_SEA,2018,14,REG,MIN,SEA,0,57,-13.5337,-0.237433
2018_14_MIN_SEA,2018,14,REG,SEA,MIN,1,64,-1.6971,-0.026517
2018_14_NE_MIA,2018,14,REG,MIA,NE,1,48,19.0737,0.397368
2018_14_NE_MIA,2018,14,REG,NE,MIA,0,81,17.8931,0.220903
2018_14_NO_TB,2018,14,REG,NO,TB,0,62,0.3355,0.005412
2018_14_NO_TB,2018,14,REG,TB,NO,1,70,-3.5441,-0.050631
2018_14_NYG_WAS,2018,14,REG,NYG,WAS,0,63,7.2102,0.114447
2018_14_NYG_WAS,2018,14,REG,WAS,NYG,1,62,-21.4399,-0.345805
2018_14_NYJ_BUF,2018,14,REG,BUF,NYJ,1,76,1.9305,0.025401
2018_14_NYJ_BUF,2018,14,REG,NYJ,BUF,0,51,3.6119,0.070822
2018_14_PHI_DAL,2018,14,REG,DAL,PHI,1,99,3.6122,0.036487
2018_14_PHI_DAL,2018,14,REG,PHI,DAL,0,52,-2.978,-0.05727
2018_14_PIT_OAK,2018,14,REG,LV,PIT,1,66,6.0481,0.091639
2018_14_PIT_OAK,2018,14,REG,PIT,LV,0,60,7.2918,0.121529
2018_15_ARI_ATL,2018,15,REG,ARI,ATL,0,67,-22.9576,-0.342651
2018_15_ARI_ATL,2018,15,REG,ATL,ARI,1,67,10.6104,0.158364
2018_15_CLE_DEN,2018,15,REG,CLE,DEN,0,66,-3.251,-0.049257
2018_15_CLE_DEN,2018,15,REG,DEN,CLE,1,71,-3.8351,-0.054016
2018_15_DAL_IND,2018,15,REG,DAL,IND,0,69,-12.9329,-0.187433
2018_15_DAL_IND,2018,15,REG,IND,DAL,1,68,5.9978,0.088203
2018_15_DET_BUF,2018,15,REG,BUF,DET,1,66,3.7435,0.056719
2018_15_DET_BUF,2018,15,REG,DET,BUF,0,58,3.3895,0.05844
2018_15_GB_CHI,2018,15,REG,CHI,GB,1,60,1.6084,0.026806
2018_15_GB_CHI,2018,15,REG,GB,CHI,0,68,-3.6113,-0.053107
2018_15_HOU_NYJ,2018,15,REG,HOU,NYJ,0,52,3.7531,0.072175
2018_15_HOU_NYJ,2018,15,REG,NYJ,HOU,1,75,-2.9681,-0.039575
2018_15_LAC_KC,2018,15,REG,KC,LAC,1,60,14.2329,0.237214
2018_15_LAC_KC,2018,15,REG,LAC,KC,0,74,18.1786,0.245656
2018_15_MIA_MIN,2018,15,REG,MIA,MIN,0,53,-21.5899,-0.407356
2018_15_MIA_MIN,2018,15,REG,MIN,MIA,1,67,6.4268,0.095923
2018_15_NE_PIT,2018,15,REG,NE,PIT,0,63,2.4837,0.039424
2018_15_NE_PIT,2018,15,REG,PIT,NE,1,62,9.4937,0.153125
2018_15_NO_CAR,2018,15,REG,CAR,NO,1,57,-9.6748,-0.169734
2018_15_NO_CAR,2018,15,REG,NO,CAR,0,73,-8.9379,-0.122437
2018_15_OAK_CIN,2018,15,REG,CIN,LV,1,77,0.9173,0.011913
2018_15_OAK_CIN,2018,15,REG,LV,CIN,0,57,-10.7585,-0.188745
2018_15_PHI_LA,2018,15,REG,LA,PHI,1,76,-7.696,-0.101263
2018_15_PHI_LA,2018,15,REG,PHI,LA,0,64,3.231,0.050485
2018_15_SEA_SF,2018,15,REG,SEA,SF,0,75,6.6235,0.088313
2018_15_SEA_SF,2018,15,REG,SF,SEA,1,60,2.7947,0.046579
2018_15_TB_BAL,2018,15,REG,BAL,TB,1,73,4.6158,0.06323
2018_15_TB_BAL,2018,15,REG,TB,BAL,0,50,-8.6276,-0.172552
2018_15_TEN_NYG,2018,15,REG,NYG,TEN,1,66,-16.0037,-0.24248
2018_15_TEN_NYG,2018,15,REG,TEN,NYG,0,67,5.0431,0.07527
2018_15_WAS_JAX,2018,15,REG,JAX,WAS,1,52,-17.2799,-0.332305
2018_15_WAS_JAX,2018,15,REG,WAS,JAX,0,67,-2.5527,-0.0381
2018_16_ATL_CAR,2018,16,REG,ATL,CAR,0,47,7.0105,0.149161
2018_16_ATL_CAR,2018,16,REG,CAR,ATL,1,91,-16.0194,-0.176038
2018_16_BAL_LAC,2018,16,REG,BAL,LAC,0,60,-5.6851,-0.094751
2018_16_BAL_LAC,2018,16,REG,LAC,BAL,1,63,-26.5698,-0.421743
2018_16_BUF_NE,2018,16,REG,BUF,NE,0,62,-20.7309,-0.334369
2018_16_BUF_NE,2018,16,REG,NE,BUF,1,73,-13.5637,-0.185805
2018_16_CHI_SF,2018,16,REG,CHI,SF,0,62,5.3506,0.0863
2018_16_CHI_SF,2018,16,REG,SF,CHI,1,55,-6.6224,-0.120407
2018_16_CIN_CLE,2018,16,REG,CIN,CLE,0,47,1.7762,0.037792
2018_16_CIN_CLE,2018,16,REG,CLE,CIN,1,66,21.2995,0.32272
2018_16_DEN_OAK,2018,16,REG,DEN,LV,0,67,-1.4249,-0.021267
2018_16_DEN_OAK,2018,16,REG,LV,DEN,1,59,4.3979,0.07454
2018_16_GB_NYJ,2018,16,REG,GB,NYJ,0,89,31.5745,0.354769
2018_16_GB_NYJ,2018,16,REG,NYJ,GB,1,61,13.7627,0.225619
2018_16_HOU_PHI,2018,16,REG,HOU,PHI,0,65,9.1058,0.14009
2018_16_HOU_PHI,2018,16,REG,PHI,HOU,1,81,8.2871,0.10231
2018_16_JAX_MIA,2018,16,REG,JAX,MIA,0,65,-6.0701,-0.093386
2018_16_JAX_MIA,2018,16,REG,MIA,JAX,1,46,-17.902,-0.389174
2018_16_KC_SEA,2018,16,REG,KC,SEA,0,61,11.593,0.190049
2018_16_KC_SEA,2018,16,REG,SEA,KC,1,76,23.5669,0.31009
2018_16_LA_ARI,2018,16,REG,ARI,LA,1,54,-5.0048,-0.092681
2018_16_LA_ARI,2018,16,REG,LA,ARI,0,66,19.7429,0.299135
2018_16_MIN_DET,2018,16,REG,DET,MIN,1,75,-24.8545,-0.331393
2018_16_MIN_DET,2018,16,REG,MIN,DET,0,61,-1.3385,-0.021943
2018_16_NYG_IND,2018,16,REG,IND,NYG,1,65,15.2041,0.233909
2018_16_NYG_IND,2018,16,REG,NYG,IND,0,63,16.2761,0.258351
2018_16_PIT_NO,2018,16,REG,NO,PIT,1,65,10.9124,0.167883
2018_16_PIT_NO,2018,16,REG,PIT,NO,0,74,8.6506,0.1169
2018_16_TB_DAL,2018,16,REG,DAL,TB,1,50,-2.0614,-0.041228
2018_16_TB_DAL,2018,16,REG,TB,DAL,0,81,-7.69,-0.094938
2018_16_WAS_TEN,2018,16,REG,TEN,WAS,1,56,5.3122,0.09486
2018_16_WAS_TEN,2018,16,REG,WAS,TEN,0,62,-0.5226,-0.008429
2018_17_ARI_SEA,2018,17,REG,ARI,SEA,0,66,-23.3666,-0.354039
2018_17_ARI_SEA,2018,17,REG,SEA,ARI,1,62,-7.2004,-0.116135
2018_17_ATL_TB,2018,17,REG,ATL,TB,0,74,13.9688,0.188767
2018_17_ATL_TB,2018,17,REG,TB,ATL,1,61,9.6207,0.157716
2018_17_CAR_NO,2018,17,REG,CAR,NO,0,72,14.7619,0.205027
2018_17_CAR_NO,2018,17,REG,NO,CAR,1,52,-7.9527,-0.152936
2018_17_CHI_MIN,2018,17,REG,CHI,MIN,0,67,7.2802,0.10866
2018_17_CHI_MIN,2018,17,REG,MIN,CHI,1,57,-18.0289,-0.316296
2018_17_CIN_PIT,2018,17,REG,CIN,PIT,0,49,-10.2605,-0.209397
2018_17_CIN_PIT,2018,17,REG,PIT,CIN,1,66,-7.3864,-0.111915
2018_17_CLE_BAL,2018,17,REG,BAL,CLE,1,75,7.6539,0.102052
2018_17_CLE_BAL,2018,17,REG,CLE,BAL,0,59,7.5091,0.127274
2018_17_DAL_NYG,2018,17,REG,DAL,NYG,0,74,18.3366,0.247792
2018_17_DAL_NYG,2018,17,REG,NYG,DAL,1,71,9.3274,0.131372
2018_17_DET_GB,2018,17,REG,DET,GB,0,72,17.4628,0.242539
2018_17_DET_GB,2018,17,REG,GB,DET,1,55,-19.9834,-0.363334
2018_17_IND_TEN,2018,17,REG,IND,TEN,0,76,3.5524,0.046742
2018_17_IND_TEN,2018,17,REG,TEN,IND,1,49,-18.3544,-0.374579
2018_17_JAX_HOU,2018,17,REG,HOU,JAX,1,76,-1.2382,-0.016292
2018_17_JAX_HOU,2018,17,REG,JAX,HOU,0,47,-21.5527,-0.458569
2018_17_LAC_DEN,2018,17,REG,DEN,LAC,1,79,-22.1977,-0.280984
2018_17_LAC_DEN,2018,17,REG,LAC,DEN,0,57,-10.5009,-0.184227
2018_17_MIA_BUF,2018,17,REG,BUF,MIA,1,60,13.6242,0.227069
2018_17_MIA_BUF,2018,17,REG,MIA,BUF,0,61,-22.9213,-0.375758
2018_17_NYJ_NE,2018,17,REG,NE,NYJ,1,65,13.1729,0.20266
2018_17_NYJ_NE,2018,17,REG,NYJ,NE,0,56,-26.9789,-0.481767
2018_17_OAK_KC,2018,17,REG,KC,LV,1,53,14.7755,0.278783
2018_17_OAK_KC,2018,17,REG,LV,KC,0,66,-23.0763,-0.349641
2018_17_PHI_WAS,2018,17,REG,PHI,WAS,0,69,12.305,0.178333
2018_17_PHI_WAS,2018,17,REG,WAS,PHI,1,46,-22.6713,-0.492855
2018_17_SF_LA,2018,17,REG,LA,SF,1,70,11.5223,0.164604
2018_17_SF_LA,2018,17,REG,SF,LA,0,61,0.1263,0.00207
2018_18_IND_HOU,2018,18,POST,HOU,IND,1,70,-8.7621,-0.125173
2018_18_IND_HOU,2018,18,POST,IND,HOU,0,67,10.9779,0.163849
2018_18_LAC_BAL,2018,18,POST,BAL,LAC,1,58,-16.4319,-0.283308
2018_18_LAC_BAL,2018,18,POST,LAC,BAL,0,68,-9.6332,-0.141665
2018_18_PHI_CHI,2018,18,POST,CHI,PHI,1,63,1.8294,0.029039
2018_18_PHI_CHI,2018,18,POST,PHI,CHI,0,66,1.3079,0.019817
2018_18_SEA_DAL,2018,18,POST,DAL,SEA,1,72,2.4673,0.034268
2018_18_SEA_DAL,2018,18,POST,SEA,DAL,0,55,-1.4351,-0.026092
2018_19_DAL_LA,2018,19,POST,DAL,LA,0,58,10.1529,0.175049
2018_19_DAL_LA,2018,19,POST,LA,DAL,1,74,19.0286,0.257143
2018_19_IND_KC,2018,19,POST,IND,KC,0,55,-12.5128,-0.227506
2018_19_IND_KC,2018,19,POST,KC,IND,1,82,5.1043,0.062247
2018_19_LAC_NE,2018,19,POST,LAC,NE,0,69,11.1763,0.161975
2018_19_LAC_NE,2018,19,POST,NE,LAC,1,80,19.4129,0.242662
2018_19_PHI_NO,2018,19,POST,NO,PHI,1,73,6.7001,0.091782
2018_19_PHI_NO,2018,19,POST,PHI,NO,0,48,-2.1547,-0.04489
2018_20_LA_NO,2018,20,POST,LA,NO,0,69,1.0717,0.015532
2018_20_LA_NO,2018,20,POST,NO,LA,1,64,-5.9641,-0.093189
2018_20_NE_KC,2018,20,POST,KC,NE,1,51,12.1901,0.239022
2018_20_NE_KC,2018,20,POST,NE,KC,0,96,16.5809,0.172718
2018_21_NE_LA,2018,21,POST,LA,NE,1,62,-14.3294,-0.23112
2018_21_NE_LA,2018,21,POST,NE,LA,0,70,0.3357,0.004795
2019_01_ATL_MIN,2019,1,REG,ATL,MIN,0,74,-10.8627,-0.146793
2019_01_ATL_MIN,2019,1,REG,MIN,ATL,1,51,9.9267,0.194642
2019_01_BAL_MIA,2019,1,REG,BAL,MIA,0,75,46.5185,0.620247
2019_01_BAL_MIA,2019,1,REG,MIA,BAL,1,49,-13.3341,-0.272125
2019_01_BUF_NYJ,2019,1,REG,BUF,NYJ,0,65,-6.0644,-0.093299
2019_01_BUF_NYJ,2019,1,REG,NYJ,BUF,1,71,-9.6769,-0.136295
2019_01_CIN_SEA,2019,1,REG,CIN,SEA,0,75,-0.5911,-0.007881
2019_01_CIN_SEA,2019,1,REG,SEA,CIN,1,49,-7.9271,-0.161778
2019_01_DEN_OAK,2019,1,REG,DEN,LV,0,62,6.7156,0.108315
2019_01_DEN_OAK,2019,1,REG,LV,DEN,1,54,15.5961,0.288818
2019_01_DET_ARI,2019,1,REG,ARI,DET,1,88,-7.7923,-0.088549
2019_01_DET_ARI,2019,1,REG,DET,ARI,0,82,1.7079,0.020829
2019_01_GB_CHI,2019,1,REG,CHI,GB,1,71,-20.7216,-0.291854
2019_01_GB_CHI,2019,1,REG,GB,CHI,0,59,-8.5837,-0.145486
2019_01_HOU_NO,2019,1,REG,HOU,NO,0,64,15.9887,0.249823
2019_01_HOU_NO,2019,1,REG,NO,HOU,1,64,15.0047,0.234449
2019_01_IND_LAC,2019,1,REG,IND,LAC,0,63,16.9025,0.268293
2019_01_IND_LAC,2019,1,REG,LAC,IND,1,63,11.857,0.188206
2019_01_KC_JAX,2019,1,REG,JAX,KC,1,58,6.1765,0.106491
2019_01_KC_JAX,2019,1,REG,KC,JAX,0,67,24.5471,0.366375
2019_01_LA_CAR,2019,1,REG,CAR,LA,1,65,-9.3697,-0.144149
2019_01_LA_CAR,2019,1,REG,LA,CAR,0,74,1.3264,0.017925
2019_01_NYG_DAL,2019,1,REG,DAL,NYG,1,66,22.5585,0.341795
2019_01_NYG_DAL,2019,1,REG,NYG,DAL,0,68,6.3042,0.092708
2019_01_PIT_NE,2019,1,REG,NE,PIT,1,70,15.409,0.220129
2019_01_PIT_NE,2019,1,REG,PIT,NE,0,66,-11.9926,-0.181705
2019_01_SF_TB,2019,1,REG,SF,TB,0,65,-4.5812,-0.07048
2019_01_SF_TB,2019,1,REG,TB,SF,1,68,-21.4233,-0.315049
2019_01_TEN_CLE,2019,1,REG,CLE,TEN,1,71,-25.8052,-0.363454
2019_01_TEN_CLE,2019,1,REG,TEN,CLE,0,57,11.6193,0.203847
2019_01_WAS_PHI,2019,1,REG,PHI,WAS,1,73,14.173,0.19415
2019_01_WAS_PHI,2019,1,REG,WAS,PHI,0,62,13.2132,0.213117
2019_02_ARI_BAL,2019,2,REG,ARI,BAL,0,56,5.5354,0.098847
2019_02_ARI_BAL,2019,2,REG,BAL,ARI,1,75,9.4506,0.126008
2019_02_BUF_NYG,2019,2,REG,BUF,NYG,0,68,11.4513,0.168402
2019_02_BUF_NYG,2019,2,REG,NYG,BUF,1,68,-6.4076,-0.094229
2019_02_CHI_DEN,2019,2,REG,CHI,DEN,0,60,1.9896,0.033161
2019_02_CHI_DEN,2019,2,REG,DEN,CHI,1,81,3.6086,0.044551
2019_02_CLE_NYJ,2019,2,REG,CLE,NYJ,0,63,1.278,0.020286
2019_02_CLE_NYJ,2019,2,REG,NYJ,CLE,1,64,-20.043,-0.313171
2019_02_DAL_WAS,2019,2,REG,DAL,WAS,0,68,19.069,0.280426
2019_02_DAL_WAS,2019,2,REG,WAS,DAL,1,58,3.7185,0.064112
2019_02_IND_TEN,2019,2,REG,IND,TEN,0,68,2.4836,0.036523
2019_02_IND_TEN,2019,2,REG,TEN,IND,1,57,-2.4502,-0.042987
2019_02_JAX_HOU,2019,2,REG,HOU,JAX,1,63,-6.3341,-0.100541
2019_02_JAX_HOU,2019,2,REG,JAX,HOU,0,64,-10.9088,-0.170451
2019_02_KC_OAK,2019,2,REG,KC,LV,0,74,14.4001,0.194596
2019_02_KC_OAK,2019,2,REG,LV,KC,1,62,-6.5762,-0.106068
2019_02_LAC_DET,2019,2,REG,DET,LAC,1,59,-0.2032,-0.003443
2019_02_LAC_DET,2019,2,REG,LAC,DET,0,65,-0.2117,-0.003256
2019_02_MIN_GB,2019,2,REG,GB,MIN,1,71,-7.8608,-0.110715
2019_02_MIN_GB,2019,2,REG,MIN,GB,0,65,-8.3571,-0.128571
2019_02_NE_MIA,2019,2,REG,MIA,NE,1,62,-45.5738,-0.735061
2019_02_NE_MIA,2019,2,REG,NE,MIA,0,70,12.4483,0.177833
2019_02_NO_LA,2019,2,REG,LA,NO,1,64,6.5188,0.101856
2019_02_NO_LA,2019,2,REG,NO,LA,0,63,-14.3548,-0.227854
2019_02_PHI_ATL,2019,2,REG,ATL,PHI,1,62,-2.9113,-0.046956
2019_02_PHI_ATL,2019,2,REG,PHI,ATL,0,80,-8.7352,-0.10919
2019_02_SEA_PIT,2019,2,REG,PIT,SEA,1,56,-3.4859,-0.062248
2019_02_SEA_PIT,2019,2,REG,SEA,PIT,0,75,3.1195,0.041594
2019_02_SF_CIN,2019,2,REG,CIN,SF,1,69,-5.2388,-0.075924
2019_02_SF_CIN,2019,2,REG,SF,CIN,0,68,27.4526,0.403715
2019_02_TB_CAR,2019,2,REG,CAR,TB,1,75,-17.9772,-0.239697
2019_02_TB_CAR,2019,2,REG,TB,CAR,0,58,0.9986,0.017217
2019_03_ATL_IND,2019,3,REG,ATL,IND,0,59,17.8672,0.302833
2019_03_ATL_IND,2019,3,REG,IND,ATL,1,65,17.9988,0.276905
2019_03_BAL_KC,2019,3,REG,BAL,KC,0,82,15.4259,0.18812
2019_03_BAL_KC,2019,3,REG,KC,BAL,1,66,20.4568,0.309951
2019_03_CAR_ARI,2019,3,REG,ARI,CAR,1,75,-7.9129,-0.105505
2019_03_CAR_ARI,2019,3,REG,CAR,ARI,0,58,16.0673,0.277022
2019_03_CHI_WAS,2019,3,REG,CHI,WAS,0,63,6.4739,0.10276
2019_03_CHI_WAS,2019,3,REG,WAS,CHI,1,76,-18.3537,-0.241497
2019_03_CIN_BUF,2019,3,REG,BUF,CIN,1,74,-3.2243,-0.043571
2019_03_CIN_BUF,2019,3,REG,CIN,BUF,0,59,-10.7382,-0.182004
2019_03_DEN_GB,2019,3,REG,DEN,GB,0,72,-7.9273,-0.110101
2019_03_DEN_GB,2019,3,REG,GB,DEN,1,53,7.2157,0.136144
2019_03_DET_PHI,2019,3,REG,DET,PHI,0,59,3.4489,0.058455
2019_03_DET_PHI,2019,3,REG,PHI,DET,1,74,-7.4849,-0.101147
2019_03_HOU_LAC,2019,3,REG,HOU,LAC,0,58,12.9176,0.222718
2019_03_HOU_LAC,2019,3,REG,LAC,HOU,1,74,-0.211,-0.002851
2019_03_LA_CLE,2019,3,REG,CLE,LA,1,68,-11.0177,-0.162025
2019_03_LA_CLE,2019,3,REG,LA,CLE,0,63,2.7974,0.044404
2019_03_MIA_DAL,2019,3,REG,DAL,MIA,1,71,12.2658,0.172757
2019_03_MIA_DAL,2019,3,REG,MIA,DAL,0,70,-16.9226,-0.241752
2019_03_NO_SEA,2019,3,REG,NO,SEA,0,56,3.2856,0.058672
2019_03_NO_SEA,2019,3,REG,SEA,NO,1,82,-1.0693,-0.01304
2019_03_NYG_TB,2019,3,REG,NYG,TB,0,62,8.596,0.138645
2019_03_NYG_TB,2019,3,REG,TB,NYG,1,74,10.8194,0.146208
2019_03_NYJ_NE,2019,3,REG,NE,NYJ,1,74,-1.6325,-0.022061
2019_03_NYJ_NE,2019,3,REG,NYJ,NE,0,50,-30.5777,-0.611555
2019_03_OAK_MIN,2019,3,REG,LV,MIN,0,59,-4.3816,-0.074264
2019_03_OAK_MIN,2019,3,REG,MIN,LV,1,60,15.3661,0.256102
2019_03_PIT_SF,2019,3,REG,PIT,SF,0,53,-12.4777,-0.235429
2019_03_PIT_SF,2019,3,REG,SF,PIT,1,78,-10.9227,-0.140034
2019_03_TEN_JAX,2019,3,REG,JAX,TEN,1,53,-3.2514,-0.061348
2019_03_TEN_JAX,2019,3,REG,TEN,JAX,0,79,-10.9764,-0.138942
2019_04_CAR_HOU,2019,4,REG,CAR,HOU,0,67,-8.9164,-0.13308
2019_04_CAR_HOU,2019,4,REG,HOU,CAR,1,66,-14.9541,-0.226577
2019_04_CIN_PIT,2019,4,REG,CIN,PIT,0,66,-20.3381,-0.308153
2019_04_CIN_PIT,2019,4,REG,PIT,CIN,1,55,4.5575,0.082864
2019_04_CLE_BAL,2019,4,REG,BAL,CLE,1,68,-0.0147,-0.000216
2019_04_CLE_BAL,2019,4,REG,CLE,BAL,0,66,23.995,0.36356
2019_04_DAL_NO,2019,4,REG,DAL,NO,0,57,-7.9155,-0.138869
2019_04_DAL_NO,2019,4,REG,NO,DAL,1,70,-10.2735,-0.146764
2019_04_JAX_DEN,2019,4,REG,DEN,JAX,1,54,3.2181,0.059594
2019_04_JAX_DEN,2019,4,REG,JAX,DEN,0,82,8.6292,0.105235
2019_04_KC_DET,2019,4,REG,DET,KC,1,76,-7.9988,-0.105248
2019_04_KC_DET,2019,4,REG,KC,DET,0,68,9.0864,0.133624
2019_04_LAC_MIA,2019,4,REG,LAC,MIA,0,64,16.0465,0.250726
2019_04_LAC_MIA,2019,4,REG,MIA,LAC,1,52,-5.3745,-0.103356
2019_04_MIN_CHI,2019,4,REG,CHI,MIN,1,70,-3.3831,-0.04833
2019_04_MIN_CHI,2019,4,REG,MIN,CHI,0,60,-14.3646,-0.239411
2019_04_NE_BUF,2019,4,REG,BUF,NE,1,78,-16.6603,-0.213594
2019_04_NE_BUF,2019,4,REG,NE,BUF,0,60,-12.3954,-0.206589
2019_04_OAK_IND,2019,4,REG,IND,LV,1,76,-5.0029,-0.065828
2019_04_OAK_IND,2019,4,REG,LV,IND,0,63,8.175,0.129761
2019_04_PHI_GB,2019,4,REG,GB,PHI,1,78,15.4174,0.197658
2019_04_PHI_GB,2019,4,REG,PHI,GB,0,60,18.0199,0.300332
2019_04_SEA_ARI,2019,4,REG,ARI,SEA,1,62,-8.3759,-0.135095
2019_04_SEA_ARI,2019,4,REG,SEA,ARI,0,62,7.914,0.127644
2019_04_TB_LA,2019,4,REG,LA,TB,1,89,-3.8716,-0.043502
2019_04_TB_LA,2019,4,REG,TB,LA,0,73,20.0134,0.274156
2019_04_TEN_ATL,2019,4,REG,ATL,TEN,1,79,-8.8725,-0.11231
2019_04_TEN_ATL,2019,4,REG,TEN,ATL,0,62,4.4598,0.071932
2019_04_WAS_NYG,2019,4,REG,NYG,WAS,1,75,-3.7972,-0.050629
2019_04_WAS_NYG,2019,4,REG,WAS,NYG,0,49,-27.0948,-0.552956
2019_05_ARI_CIN,2019,5,REG,ARI,CIN,0,73,17.3767,0.238037
2019_05_ARI_CIN,2019,5,REG,CIN,ARI,1,66,5.5099,0.083483
2019_05_ATL_HOU,2019,5,REG,ATL,HOU,0,72,3.8408,0.053345
2019_05_ATL_HOU,2019,5,REG,HOU,ATL,1,70,33.8886,0.484123
2019_05_BAL_PIT,2019,5,REG,BAL,PIT,0,79,-7.666,-0.097038
2019_05_BAL_PIT,2019,5,REG,PIT,BAL,1,57,-5.7199,-0.100349
2019_05_BUF_TEN,2019,5,REG,BUF,TEN,0,62,-6.2191,-0.100308
2019_05_BUF_TEN,2019,5,REG,TEN,BUF,1,57,-4.6932,-0.082337
2019_05_CHI_OAK,2019,5,REG,CHI,LV,0,56,-0.1595,-0.002848
2019_05_CHI_OAK,2019,5,REG,LV,CHI,1,72,3.9791,0.055265
2019_05_CLE_SF,2019,5,REG,CLE,SF,0,46,-23.6683,-0.514527
2019_05_CLE_SF,2019,5,REG,SF,CLE,1,72,12.6867,0.176205
2019_05_DEN_LAC,2019,5,REG,DEN,LAC,0,59,-2.008,-0.034034
2019_05_DEN_LAC,2019,5,REG,LAC,DEN,1,69,-16.7328,-0.242505
2019_05_GB_DAL,2019,5,REG,DAL,GB,1,71,3.2687,0.046039
2019_05_GB_DAL,2019,5,REG,GB,DAL,0,69,9.6208,0.139431
2019_05_IND_KC,2019,5,REG,IND,KC,0,79,3.3463,0.042359
2019_05_IND_KC,2019,5,REG,KC,IND,1,60,-5.0924,-0.084874
2019_05_JAX_CAR,2019,5,REG,CAR,JAX,1,63,12.4506,0.197628
2019_05_JAX_CAR,2019,5,REG,JAX,CAR,0,82,-2.012,-0.024537
2019_05_LA_SEA,2019,5,REG,LA,SEA,0,70,10.3364,0.147663
2019_05_LA_SEA,2019,5,REG,SEA,LA,1,71,10.1482,0.142932
2019_05_MIN_NYG,2019,5,REG,MIN,NYG,0,66,20.4637,0.310057
2019_05_MIN_NYG,2019,5,REG,NYG,MIN,1,68,-11.6159,-0.170822
2019_05_NE_WAS,2019,5,REG,NE,WAS,0,77,11.0944,0.144084
2019_05_NE_WAS,2019,5,REG,WAS,NE,1,56,-27.0268,-0.482621
2019_05_NYJ_PHI,2019,5,REG,NYJ,PHI,0,58,-36.9532,-0.637125
2019_05_NYJ_PHI,2019,5,REG,PHI,NYJ,1,64,-7.9917,-0.124871
2019_05_TB_NO,2019,5,REG,NO,TB,1,68,9.4986,0.139685
2019_05_TB_NO,2019,5,REG,TB,NO,0,57,2.1719,0.038104
2019_06_ATL_ARI,2019,6,REG,ARI,ATL,1,65,17.737,0.272877
2019_06_ATL_ARI,2019,6,REG,ATL,ARI,0,67,21.4156,0.319636
2019_06_CAR_TB,2019,6,REG,CAR,TB,0,65,-1.2767,-0.019642
2019_06_CAR_TB,2019,6,REG,TB,CAR,1,80,-13.4248,-0.16781
2019_06_CIN_BAL,2019,6,REG,BAL,CIN,1,75,10.189,0.135853
2019_06_CIN_BAL,2019,6,REG,CIN,BAL,0,59,-4.1301,-0.070001
2019_06_DAL_NYJ,2019,6,REG,DAL,NYJ,0,82,9.5136,0.116019
2019_06_DAL_NYJ,2019,6,REG,NYJ,DAL,1,57,8.2269,0.144332
2019_06_DET_GB,2019,6,REG,DET,GB,0,54,-0.1725,-0.003194
2019_06_DET_GB,2019,6,REG,GB,DET,1,72,2.8099,0.039026
2019_06_HOU_KC,2019,6,REG,HOU,KC,0,87,18.1773,0.208934
2019_06_HOU_KC,2019,6,REG,KC,HOU,1,54,3.5752,0.066207
2019_06_NO_JAX,2019,6,REG,JAX,NO,1,57,-12.6672,-0.222232
2019_06_NO_JAX,2019,6,REG,NO,JAX,0,64,1.0604,0.016568
2019_06_NYG_NE,2019,6,REG,NE,NYG,1,79,-3.278,-0.041494
2019_06_NYG_NE,2019,6,REG,NYG,NE,0,49,-25.9805,-0.530214
2019_06_PHI_MIN,2019,6,REG,MIN,PHI,1,69,9.1094,0.13202
2019_06_PHI_MIN,2019,6,REG,PHI,MIN,0,65,-7.4282,-0.11428
2019_06_PIT_LAC,2019,6,REG,LAC,PIT,1,62,-5.5208,-0.089045
2019_06_PIT_LAC,2019,6,REG,PIT,LAC,0,59,-0.2727,-0.004622
2019_06_SEA_CLE,2019,6,REG,CLE,SEA,1,68,-3.3633,-0.04946
2019_06_SEA_CLE,2019,6,REG,SEA,CLE,0,79,14.5324,0.183954
2019_06_SF_LA,2019,6,REG,LA,SF,1,52,-30.539,-0.587289
2019_06_SF_LA,2019,6,REG,SF,LA,0,75,-5.2747,-0.07033
2019_06_TEN_DEN,2019,6,REG,DEN,TEN,1,58,-9.327,-0.16081
2019_06_TEN_DEN,2019,6,REG,TEN,DEN,0,65,-25.3856,-0.390548
2019_06_WAS_MIA,2019,6,REG,MIA,WAS,1,75,-12.1198,-0.161597
2019_06_WAS_MIA,2019,6,REG,WAS,MIA,0,58,0.8005,0.013802
2019_07_ARI_NYG,2019,7,REG,ARI,NYG,0,61,4.8664,0.079777
2019_07_ARI_NYG,2019,7,REG,NYG,ARI,1,70,-13.4759,-0.192513
2019_07_BAL_SEA,2019,7,REG,BAL,SEA,0,55,7.2171,0.13122
2019_07_BAL_SEA,2019,7,REG,SEA,BAL,1,71,-12.4235,-0.174978
2019_07_HOU_IND,2019,7,REG,HOU,IND,0,64,-1.1334,-0.017709
2019_07_HOU_IND,2019,7,REG,IND,HOU,1,71,4.3362,0.061073
2019_07_JAX_CIN,2019,7,REG,CIN,JAX,1,70,-18.7205,-0.267436
2019_07_JAX_CIN,2019,7,REG,JAX,CIN,0,78,0.7924,0.010159
2019_07_KC_DEN,2019,7,REG,DEN,KC,1,68,-25.8942,-0.380797
2019_07_KC_DEN,2019,7,REG,KC,DEN,0,60,-0.2789,-0.004649
2019_07_LAC_TEN,2019,7,REG,LAC,TEN,0,63,5.9268,0.094076
2019_07_LAC_TEN,2019,7,REG,TEN,LAC,1,62,9.0702,0.146294
2019_07_LA_ATL,2019,7,REG,ATL,LA,1,54,-16.0892,-0.297948
2019_07_LA_ATL,2019,7,REG,LA,ATL,0,76,11.2029,0.147406
2019_07_MIA_BUF,2019,7,REG,BUF,MIA,1,55,7.1187,0.129431
2019_07_MIA_BUF,2019,7,REG,MIA,BUF,0,72,3.5689,0.049568
2019_07_MIN_DET,2019,7,REG,DET,MIN,1,75,11.8057,0.157409
2019_07_MIN_DET,2019,7,REG,MIN,DET,0,69,32.3321,0.468581
2019_07_NE_NYJ,2019,7,REG,NE,NYJ,0,80,5.2666,0.065833
2019_07_NE_NYJ,2019,7,REG,NYJ,NE,1,59,-31.9601,-0.541697
2019_07_NO_CHI,2019,7,REG,CHI,NO,1,64,-13.9612,-0.218144
2019_07_NO_CHI,2019,7,REG,NO,CHI,0,74,13.6005,0.183791
2019_07_OAK_GB,2019,7,REG,GB,LV,1,55,32.6866,0.594302
2019_07_OAK_GB,2019,7,REG,LV,GB,0,65,10.6739,0.164213
2019_07_PHI_DAL,2019,7,REG,DAL,PHI,1,69,8.1885,0.118675
2019_07_PHI_DAL,2019,7,REG,PHI,DAL,0,60,-18.1462,-0.302437
2019_07_SF_WAS,2019,7,REG,SF,WAS,0,64,-3.5118,-0.054872
2019_07_SF_WAS,2019,7,REG,WAS,SF,1,45,-12.7986,-0.284412
2019_08_ARI_NO,2019,8,REG,ARI,NO,0,49,-16.0471,-0.327491
2019_08_ARI_NO,2019,8,REG,NO,ARI,1,72,14.0194,0.194713
2019_08_CAR_SF,2019,8,REG,CAR,SF,0,68,-33.7893,-0.496901
2019_08_CAR_SF,2019,8,REG,SF,CAR,1,63,12.0531,0.19132
2019_08_CIN_LA,2019,8,REG,CIN,LA,0,77,2.3087,0.029984
2019_08_CIN_LA,2019,8,REG,LA,CIN,1,60,18.5673,0.309455
2019_08_CLE_NE,2019,8,REG,CLE,NE,0,62,-18.9332,-0.305374
2019_08_CLE_NE,2019,8,REG,NE,CLE,1,69,-0.0451,-0.000653
2019_08_DEN_IND,2019,8,REG,DEN,IND,0,73,-5.9468,-0.081463
2019_08_DEN_IND,2019,8,REG,IND,DEN,1,63,-6.0307,-0.095726
2019_08_GB_KC,2019,8,REG,GB,KC,0,64,18.298,0.285906
2019_08_GB_KC,2019,8,REG,KC,GB,1,59,7.2799,0.123388
2019_08_LAC_CHI,2019,8,REG,CHI,LAC,1,78,-5.1255,-0.065712
2019_08_LAC_CHI,2019,8,REG,LAC,CHI,0,45,-6.6313,-0.147363
2019_08_MIA_PIT,2019,8,REG,MIA,PIT,0,56,-13.4155,-0.239562
2019_08_MIA_PIT,2019,8,REG,PIT,MIA,1,74,2.99,0.040406
2019_08_NYG_DET,2019,8,REG,DET,NYG,1,60,3.2679,0.054464
2019_08_NYG_DET,2019,8,REG,NYG,DET,0,73,2.0629,0.028259
2019_08_NYJ_JAX,2019,8,REG,JAX,NYJ,1,70,6.8468,0.097812
2019_08_NYJ_JAX,2019,8,REG,NYJ,JAX,0,57,-13.1022,-0.229863
2019_08_OAK_HOU,2019,8,REG,HOU,LV,1,76,13.8625,0.182401
2019_08_OAK_HOU,2019,8,REG,LV,HOU,0,55,9.8722,0.179495
2019_08_PHI_BUF,2019,8,REG,BUF,PHI,1,59,-11.2898,-0.191353
2019_08_PHI_BUF,2019,8,REG,PHI,BUF,0,70,13.3738,0.191054
2019_08_SEA_ATL,2019,8,REG,ATL,SEA,1,74,6.5766,0.088873
2019_08_SEA_ATL,2019,8,REG,SEA,ATL,0,58,6.5317,0.112616
2019_08_TB_TEN,2019,8,REG,TB,TEN,0,80,-3.4337,-0.042921
2019_08_TB_TEN,2019,8,REG,TEN,TB,1,58,-6.8755,-0.118543
2019_08_WAS_MIN,2019,8,REG,MIN,WAS,1,72,-2.1398,-0.029719
2019_08_WAS_MIN,2019,8,REG,WAS,MIN,0,43,-10.2913,-0.239332
2019_09_CHI_PHI,2019,9,REG,CHI,PHI,0,44,-5.3549,-0.121702
2019_09_CHI_PHI,2019,9,REG,PHI,CHI,1,83,5.4433,0.065581
2019_09_CLE_DEN,2019,9,REG,CLE,DEN,0,75,-0.0378,-0.000504
2019_09_CLE_DEN,2019,9,REG,DEN,CLE,1,44,3.327,0.075614
2019_09_DAL_NYG,2019,9,REG,DAL,NYG,0,69,7.3343,0.106294
2019_09_DAL_NYG,2019,9,REG,NYG,DAL,1,71,-16.3141,-0.229777
2019_09_DET_OAK,2019,9,REG,DET,LV,0,69,10.4159,0.150955
2019_09_DET_OAK,2019,9,REG,LV,DET,1,71,16.0529,0.226098
2019_09_GB_LAC,2019,9,REG,GB,LAC,0,50,-3.1606,-0.063211
2019_09_GB_LAC,2019,9,REG,LAC,GB,1,69,13.8594,0.200861
2019_09_HOU_JAX,2019,9,REG,HOU,JAX,0,68,10.7308,0.157806
2019_09_HOU_JAX,2019,9,REG,JAX,HOU,1,67,-19.543,-0.291686
2019_09_IND_PIT,2019,9,REG,IND,PIT,0,70,-2.5382,-0.03626
2019_09_IND_PIT,2019,9,REG,PIT,IND,1,60,-8.234,-0.137234
2019_09_MIN_KC,2019,9,REG,KC,MIN,1,58,6.258,0.107897
2019_09_MIN_KC,2019,9,REG,MIN,KC,0,70,1.8195,0.025993
2019_09_NE_BAL,2019,9,REG,BAL,NE,1,64,14.1399,0.220936
2019_09_NE_BAL,2019,9,REG,NE,BAL,0,67,-8.7321,-0.13033
2019_09_NYJ_MIA,2019,9,REG,MIA,NYJ,1,67,6.7935,0.101396
2019_09_NYJ_MIA,2019,9,REG,NYJ,MIA,0,66,-2.7695,-0.041962
2019_09_SF_ARI,2019,9,REG,ARI,SF,1,56,9.6536,0.172385
2019_09_SF_ARI,2019,9,REG,SF,ARI,0,68,16.6532,0.2449
2019_09_TB_SEA,2019,9,REG,SEA,TB,1,74,18.3743,0.248301
2019_09_TB_SEA,2019,9,REG,TB,SEA,0,76,15.0334,0.197808
2019_09_TEN_CAR,2019,9,REG,CAR,TEN,1,70,7.7751,0.111073
2019_09_TEN_CAR,2019,9,REG,TEN,CAR,0,70,3.7336,0.053337
2019_09_WAS_BUF,2019,9,REG,BUF,WAS,1,59,3.8717,0.065622
2019_09_WAS_BUF,2019,9,REG,WAS,BUF,0,50,-6.2927,-0.125854
2019_10_ARI_TB,2019,10,REG,ARI,TB,0,67,5.4622,0.081525
2019_10_ARI_TB,2019,10,REG,TB,ARI,1,83,4.0316,0.048574
2019_10_ATL_NO,2019,10,REG,ATL,NO,0,76,2.134,0.028079
2019_10_ATL_NO,2019,10,REG,NO,ATL,1,64,-17.9697,-0.280777
2019_10_BAL_CIN,2019,10,REG,BAL,CIN,0,44,23.7356,0.539447
2019_10_BAL_CIN,2019,10,REG,CIN,BAL,1,73,-24.6988,-0.33834
2019_10_BUF_CLE,2019,10,REG,BUF,CLE,0,68,2.5775,0.037904
2019_10_BUF_CLE,2019,10,REG,CLE,BUF,1,68,4.5142,0.066385
2019_10_CAR_GB,2019,10,REG,CAR,GB,0,72,0.0134,0.000186
2019_10_CAR_GB,2019,10,REG,GB,CAR,1,64,10.4841,0.163815
2019_10_DET_CHI,2019,10,REG,CHI,DET,1,56,-3.1747,-0.056691
2019_10_DET_CHI,2019,10,REG,DET,CHI,0,80,-12.3575,-0.154469
2019_10_KC_TEN,2019,10,REG,KC,TEN,0,83,10.3497,0.124695
2019_10_KC_TEN,2019,10,REG,TEN,KC,1,50,8.2721,0.165442
2019_10_LAC_OAK,2019,10,REG,LAC,LV,0,75,-1.6739,-0.022319
2019_10_LAC_OAK,2019,10,REG,LV,LAC,1,58,1.1497,0.019822
2019_10_LA_PIT,2019,10,REG,LA,PIT,0,76,-29.8496,-0.392758
2019_10_LA_PIT,2019,10,REG,PIT,LA,1,72,-22.1287,-0.307344
2019_10_MIA_IND,2019,10,REG,IND,MIA,1,68,-23.4699,-0.345145
2019_10_MIA_IND,2019,10,REG,MIA,IND,0,64,-18.788,-0.293563
2019_10_MIN_DAL,2019,10,REG,DAL,MIN,1,71,13.2829,0.187082
2019_10_MIN_DAL,2019,10,REG,MIN,DAL,0,72,18.1177,0.251634
2019_10_NYG_NYJ,2019,10,REG,NYG,NYJ,0,70,-2.0183,-0.028833
2019_10_NYG_NYJ,2019,10,REG,NYJ,NYG,1,64,4.8096,0.07515
2019_10_SEA_SF,2019,10,REG,SEA,SF,0,72,-21.4507,-0.297927
2019_10_SEA_SF,2019,10,REG,SF,SEA,1,81,-22.5531,-0.278433
2019_11_ARI_SF,2019,11,REG,ARI,SF,0,67,0.4171,0.006225
2019_11_ARI_SF,2019,11,REG,SF,ARI,1,73,4.3692,0.059852
2019_11_ATL_CAR,2019,11,REG,ATL,CAR,0,63,6.8217,0.108282
2019_11_ATL_CAR,2019,11,REG,CAR,ATL,1,74,-24.3746,-0.329386
2019_11_BUF_MIA,2019,11,REG,BUF,MIA,0,70,18.5646,0.265208
2019_11_BUF_MIA,2019,11,REG,MIA,BUF,1,69,-13.9,-0.201449
2019_11_CHI_LA,2019,11,REG,CHI,LA,0,76,-15.6565,-0.206007
2019_11_CHI_LA,2019,11,REG,LA,CHI,1,52,-7.3119,-0.140613
2019_11_CIN_OAK,2019,11,REG,CIN,LV,0,60,-12.4756,-0.207927
2019_11_CIN_OAK,2019,11,REG,LV,CIN,1,65,0.8779,0.013506
2019_11_DAL_DET,2019,11,REG,DAL,DET,0,70,18.9829,0.271184
2019_11_DAL_DET,2019,11,REG,DET,DAL,1,61,2.6047,0.042699
2019_11_DEN_MIN,2019,11,REG,DEN,MIN,0,79,-1.0515,-0.013311
2019_11_DEN_MIN,2019,11,REG,MIN,DEN,1,62,4.6137,0.074414
2019_11_HOU_BAL,2019,11,REG,BAL,HOU,1,66,25.7113,0.389566
2019_11_HOU_BAL,2019,11,REG,HOU,BAL,0,60,-18.1925,-0.303208
2019_11_JAX_IND,2019,11,REG,IND,JAX,1,64,14.909,0.232953
2019_11_JAX_IND,2019,11,REG,JAX,IND,0,62,-10.3972,-0.167696
2019_11_KC_LAC,2019,11,REG,KC,LAC,0,66,2.7866,0.042221
2019_11_KC_LAC,2019,11,REG,LAC,KC,1,77,-0.8289,-0.010765
2019_11_NE_PHI,2019,11,REG,NE,PHI,0,73,-4.6662,-0.063921
2019_11_NE_PHI,2019,11,REG,PHI,NE,1,71,-12.0878,-0.170251
2019_11_NO_TB,2019,11,REG,NO,TB,0,65,9.2641,0.142525
2019_11_NO_TB,2019,11,REG,TB,NO,1,67,-9.4783,-0.141467
2019_11_NYJ_WAS,2019,11,REG,NYJ,WAS,0,68,8.7455,0.12861
2019_11_NYJ_WAS,2019,11,REG,WAS,NYJ,1,65,-19.3446,-0.29761
2019_11_PIT_CLE,2019,11,REG,CLE,PIT,1,69,-4.8989,-0.070999
2019_11_PIT_CLE,2019,11,REG,PIT,CLE,0,72,-25.0018,-0.347247
2019_12_BAL_LA,2019,12,REG,BAL,LA,0,74,34.011,0.459608
2019_12_BAL_LA,2019,12,REG,LA,BAL,1,51,-9.0557,-0.177564
2019_12_CAR_NO,2019,12,REG,CAR,NO,0,74,13.8734,0.187478
2019_12_CAR_NO,2019,12,REG,NO,CAR,1,63,4.18,0.066349
2019_12_DAL_NE,2019,12,REG,DAL,NE,0,63,-10.5653,-0.167704
2019_12_DAL_NE,2019,12,REG,NE,DAL,1,66,-8.9746,-0.135978
2019_12_DEN_BUF,2019,12,REG,BUF,DEN,1,72,5.4167,0.075231
2019_12_DEN_BUF,2019,12,REG,DEN,BUF,0,49,-17.7819,-0.362895
2019_12_DET_WAS,2019,12,REG,DET,WAS,0,74,-7.6751,-0.103717
2019_12_DET_WAS,2019,12,REG,WAS,DET,1,56,-14.6938,-0.26239
2019_12_GB_SF,2019,12,REG,GB,SF,0,79,-18.0447,-0.228414
2019_12_GB_SF,2019,12,REG,SF,GB,1,47,6.7317,0.143227
2019_12_IND_HOU,2019,12,REG,HOU,IND,1,58,1.5107,0.026047
2019_12_IND_HOU,2019,12,REG,IND,HOU,0,66,0.1053,0.001596
2019_12_JAX_TEN,2019,12,REG,JAX,TEN,0,84,2.9357,0.034949
2019_12_JAX_TEN,2019,12,REG,TEN,JAX,1,49,18.6843,0.381312
2019_12_MIA_CLE,2019,12,REG,CLE,MIA,1,74,21.973,0.296932
2019_12_MIA_CLE,2019,12,REG,MIA,CLE,0,63,-2.5075,-0.039802
2019_12_NYG_CHI,2019,12,REG,CHI,NYG,1,70,-9.9483,-0.142118
2019_12_NYG_CHI,2019,12,REG,NYG,CHI,0,60,-14.4189,-0.240314
2019_12_OAK_NYJ,2019,12,REG,LV,NYJ,0,57,-19.1847,-0.336574
2019_12_OAK_NYJ,2019,12,REG,NYJ,LV,1,62,10.46,0.168709
2019_12_PIT_CIN,2019,12,REG,CIN,PIT,1,57,-17.8725,-0.313553
2019_12_PIT_CIN,2019,12,REG,PIT,CIN,0,69,-2.9745,-0.043108
2019_12_SEA_PHI,2019,12,REG,PHI,SEA,1,74,-23.4067,-0.316306
2019_12_SEA_PHI,2019,12,REG,SEA,PHI,0,60,-6.168,-0.1028
2019_12_TB_ATL,2019,12,REG,ATL,TB,1,85,-11.4211,-0.134366
2019_12_TB_ATL,2019,12,REG,TB,ATL,0,60,10.9198,0.181996
2019_13_BUF_DAL,2019,13,REG,BUF,DAL,0,65,14.2511,0.219247
2019_13_BUF_DAL,2019,13,REG,DAL,BUF,1,76,-1.638,-0.021553
2019_13_CHI_DET,2019,13,REG,CHI,DET,0,63,5.0853,0.08072
2019_13_CHI_DET,2019,13,REG,DET,CHI,1,74,-0.7292,-0.009854
2019_13_CLE_PIT,2019,13,REG,CLE,PIT,0,66,-4.4495,-0.067417
2019_13_CLE_PIT,2019,13,REG,PIT,CLE,1,54,3.2746,0.060641
2019_13_GB_NYG,2019,13,REG,GB,NYG,0,63,18.3188,0.290775
2019_13_GB_NYG,2019,13,REG,NYG,GB,1,66,-5.8446,-0.088554
2019_13_LAC_DEN,2019,13,REG,DEN,LAC,1,56,-9.7207,-0.173584
2019_13_LAC_DEN,2019,13,REG,LAC,DEN,0,62,-0.3743,-0.006037
2019_13_LA_ARI,2019,13,REG,ARI,LA,1,63,-25.2541,-0.400859
2019_13_LA_ARI,2019,13,REG,LA,ARI,0,78,15.2197,0.195125
2019_13_MIN_SEA,2019,13,REG,MIN,SEA,0,54,1.2807,0.023716
2019_13_MIN_SEA,2019,13,REG,SEA,MIN,1,75,7.4374,0.099165
2019_13_NE_HOU,2019,13,REG,HOU,NE,1,52,8.1204,0.156161
2019_13_NE_HOU,2019,13,REG,NE,HOU,0,86,4.8234,0.056086
2019_13_NO_ATL,2019,13,REG,ATL,NO,1,90,-13.7009,-0.152232
2019_13_NO_ATL,2019,13,REG,NO,ATL,0,48,-0.3906,-0.008137
2019_13_NYJ_CIN,2019,13,REG,CIN,NYJ,1,61,0.4365,0.007155
2019_13_NYJ_CIN,2019,13,REG,NYJ,CIN,0,72,-14.1951,-0.197155
2019_13_OAK_KC,2019,13,REG,KC,LV,1,64,10.6922,0.167066
2019_13_OAK_KC,2019,13,REG,LV,KC,0,59,-6.7175,-0.113856
2019_13_PHI_MIA,2019,13,REG,MIA,PHI,1,71,18.8392,0.265341
2019_13_PHI_MIA,2019,13,REG,PHI,MIA,0,69,12.237,0.177347
2019_13_SF_BAL,2019,13,REG,BAL,SF,1,64,0.7449,0.01164
2019_13_SF_BAL,2019,13,REG,SF,BAL,0,55,7.0468,0.128124
2019_13_TB_JAX,2019,13,REG,JAX,TB,1,68,-29.4925,-0.433713
2019_13_TB_JAX,2019,13,REG,TB,JAX,0,72,-3.612,-0.050166
2019_13_TEN_IND,2019,13,REG,IND,TEN,1,69,-7.3769,-0.106912
2019_13_TEN_IND,2019,13,REG,TEN,IND,0,56,-5.9395,-0.106063
2019_13_WAS_CAR,2019,13,REG,CAR,WAS,1,73,-7.5906,-0.103981
2019_13_WAS_CAR,2019,13,REG,WAS,CAR,0,63,4.6581,0.073938
2019_14_BAL_BUF,2019,14,REG,BAL,BUF,0,58,-1.3461,-0.023209
2019_14_BAL_BUF,2019,14,REG,BUF,BAL,1,73,-14.9517,-0.204817
2019_14_CAR_ATL,2019,14,REG,ATL,CAR,1,68,11.1069,0.163337
2019_14_CAR_ATL,2019,14,REG,CAR,ATL,0,71,-3.7785,-0.053218
2019_14_CIN_CLE,2019,14,REG,CIN,CLE,0,71,-0.726,-0.010225
2019_14_CIN_CLE,2019,14,REG,CLE,CIN,1,53,3.5445,0.066878
2019_14_DAL_CHI,2019,14,REG,CHI,DAL,1,69,6.1313,0.08886
2019_14_DAL_CHI,2019,14,REG,DAL,CHI,0,72,5.7751,0.080209
2019_14_DEN_HOU,2019,14,REG,DEN,HOU,0,58,15.5837,0.268684
2019_14_DEN_HOU,2019,14,REG,HOU,DEN,1,75,-4.3607,-0.058143
2019_14_DET_MIN,2019,14,REG,DET,MIN,0,71,-13.4754,-0.189794
2019_14_DET_MIN,2019,14,REG,MIN,DET,1,71,-2.8454,-0.040076
2019_14_IND_TB,2019,14,REG,IND,TB,0,63,2.6184,0.041563
2019_14_IND_TB,2019,14,REG,TB,IND,1,75,2.4009,0.032012
2019_14_KC_NE,2019,14,REG,KC,NE,0,74,-1.7141,-0.023163
2019_14_KC_NE,2019,14,REG,NE,KC,1,66,-9.868,-0.149516
2019_14_LAC_JAX,2019,14,REG,JAX,LAC,1,67,-7.1837,-0.107219
2019_14_LAC_JAX,2019,14,REG,LAC,JAX,0,58,36.5453,0.630092
2019_14_MIA_NYJ,2019,14,REG,MIA,NYJ,0,72,4.1564,0.057727
2019_14_MIA_NYJ,2019,14,REG,NYJ,MIA,1,69,0.6736,0.009762
2019_14_NYG_PHI,2019,14,REG,NYG,PHI,0,51,-5.2768,-0.103466
2019_14_NYG_PHI,2019,14,REG,PHI,NYG,1,88,0.8612,0.009786
2019_14_PIT_ARI,2019,14,REG,ARI,PIT,1,59,-7.4923,-0.126989
2019_14_PIT_ARI,2019,14,REG,PIT,ARI,0,59,-0.0482,-0.000816
2019_14_SEA_LA,2019,14,REG,LA,SEA,1,67,6.5388,0.097594
2019_14_SEA_LA,2019,14,REG,SEA,LA,0,66,-9.8377,-0.149056
2019_14_SF_NO,2019,14,REG,NO,SF,1,73,9.4976,0.130104
2019_14_SF_NO,2019,14,REG,SF,NO,0,63,23.5563,0.373909
2019_14_TEN_OAK,2019,14,REG,LV,TEN,1,62,-4.494,-0.072484
2019_14_TEN_OAK,2019,14,REG,TEN,LV,0,60,25.0714,0.417856
2019_14_WAS_GB,2019,14,REG,GB,WAS,1,57,3.8597,0.067714
2019_14_WAS_GB,2019,14,REG,WAS,GB,0,62,-2.13,-0.034355
2019_15_ATL_SF,2019,15,REG,ATL,SF,0,66,6.872,0.104121
2019_15_ATL_SF,2019,15,REG,SF,ATL,1,64,0.2508,0.003919
2019_15_BUF_PIT,2019,15,REG,BUF,PIT,0,64,-9.0545,-0.141476
2019_15_BUF_PIT,2019,15,REG,PIT,BUF,1,59,-22.0331,-0.373442
2019_15_CHI_GB,2019,15,REG,CHI,GB,0,83,-10.3742,-0.12499
2019_15_CHI_GB,2019,15,REG,GB,CHI,1,59,-6.9225,-0.11733
2019_15_CLE_ARI,2019,15,REG,ARI,CLE,1,60,19.2619,0.321032
2019_15_CLE_ARI,2019,15,REG,CLE,ARI,0,69,8.4354,0.122252
2019_15_DEN_KC,2019,15,REG,DEN,KC,0,59,-11.6989,-0.198286
2019_15_DEN_KC,2019,15,REG,KC,DEN,1,68,12.7938,0.188144
2019_15_HOU_TEN,2019,15,REG,HOU,TEN,0,63,7.8281,0.124255
2019_15_HOU_TEN,2019,15,REG,TEN,HOU,1,67,6.5276,0.097427
2019_15_IND_NO,2019,15,REG,IND,NO,0,56,-8.0587,-0.143906
2019_15_IND_NO,2019,15,REG,NO,IND,1,64,16.6303,0.259848
2019_15_JAX_OAK,2019,15,REG,JAX,LV,0,57,2.0648,0.036225
2019_15_JAX_OAK,2019,15,REG,LV,JAX,1,75,4.386,0.058479
2019_15_LA_DAL,2019,15,REG,DAL,LA,1,69,22.5572,0.326916
2019_15_LA_DAL,2019,15,REG,LA,DAL,0,74,-3.9461,-0.053325
2019_15_MIA_NYG,2019,15,REG,MIA,NYG,0,71,-3.5831,-0.050466
2019_15_MIA_NYG,2019,15,REG,NYG,MIA,1,67,6.2058,0.092624
2019_15_MIN_LAC,2019,15,REG,LAC,MIN,1,62,-28.4263,-0.458489
2019_15_MIN_LAC,2019,15,REG,MIN,LAC,0,62,7.3864,0.119136
2019_15_NE_CIN,2019,15,REG,CIN,NE,1,65,-14.8444,-0.228375
2019_15_NE_CIN,2019,15,REG,NE,CIN,0,63,3.733,0.059254
2019_15_NYJ_BAL,2019,15,REG,BAL,NYJ,1,61,27.137,0.444869
2019_15_NYJ_BAL,2019,15,REG,NYJ,BAL,0,59,-10.2098,-0.173048
2019_15_PHI_WAS,2019,15,REG,PHI,WAS,0,77,19.4998,0.253244
2019_15_PHI_WAS,2019,15,REG,WAS,PHI,1,53,1.8699,0.035282
2019_15_SEA_CAR,2019,15,REG,CAR,SEA,1,71,1.0118,0.014251
2019_15_SEA_CAR,2019,15,REG,SEA,CAR,0,65,15.7319,0.242029
2019_15_TB_DET,2019,15,REG,DET,TB,1,63,-22.2872,-0.353765
2019_15_TB_DET,2019,15,REG,TB,DET,0,71,15.6913,0.221004
2019_16_ARI_SEA,2019,16,REG,ARI,SEA,0,67,10.205,0.152313
2019_16_ARI_SEA,2019,16,REG,SEA,ARI,1,57,-14.8004,-0.259656
2019_16_BAL_CLE,2019,16,REG,BAL,CLE,0,71,18.1656,0.255854
2019_16_BAL_CLE,2019,16,REG,CLE,BAL,1,59,-1.1682,-0.019799
2019_16_BUF_NE,2019,16,REG,BUF,NE,0,54,0.296,0.005482
2019_16_BUF_NE,2019,16,REG,NE,BUF,1,71,5.6703,0.079863
2019_16_CAR_IND,2019,16,REG,CAR,IND,0,71,-13.4466,-0.189389
2019_16_CAR_IND,2019,16,REG,IND,CAR,1,61,8.9141,0.146133
2019_16_CIN_MIA,2019,16,REG,CIN,MIA,0,89,7.7279,0.086831
2019_16_CIN_MIA,2019,16,REG,MIA,CIN,1,86,18.9714,0.220598
2019_16_DAL_PHI,2019,16,REG,DAL,PHI,0,62,-9.84,-0.158709
2019_16_DAL_PHI,2019,16,REG,PHI,DAL,1,71,2.6,0.03662
2019_16_DET_DEN,2019,16,REG,DEN,DET,1,69,10.9196,0.158256
2019_16_DET_DEN,2019,16,REG,DET,DEN,0,50,-4.1175,-0.082351
2019_16_GB_MIN,2019,16,REG,GB,MIN,0,74,-12.7201,-0.171894
2019_16_GB_MIN,2019,16,REG,MIN,GB,1,54,-29.9248,-0.554163
2019_16_HOU_TB,2019,16,REG,HOU,TB,0,65,-14.4526,-0.222348
2019_16_HOU_TB,2019,16,REG,TB,HOU,1,73,-15.6487,-0.214366
2019_16_JAX_ATL,2019,16,REG,ATL,JAX,1,72,11.6527,0.161842
2019_16_JAX_ATL,2019,16,REG,JAX,ATL,0,62,-2.2901,-0.036938
2019_16_KC_CHI,2019,16,REG,CHI,KC,1,62,-12.5666,-0.202687
2019_16_KC_CHI,2019,16,REG,KC,CHI,0,65,13.0326,0.200502
2019_16_LA_SF,2019,16,REG,LA,SF,0,70,3.351,0.047872
2019_16_LA_SF,2019,16,REG,SF,LA,1,55,-3.1017,-0.056395
2019_16_NO_TEN,2019,16,REG,NO,TEN,0,68,10.721,0.157662
2019_16_NO_TEN,2019,16,REG,TEN,NO,1,62,2.4548,0.039594
2019_16_NYG_WAS,2019,16,REG,NYG,WAS,0,70,32.0444,0.457777
2019_16_NYG_WAS,2019,16,REG,WAS,NYG,1,70,14.5722,0.208174
2019_16_OAK_LAC,2019,16,REG,LAC,LV,1,60,5.0265,0.083775
2019_16_OAK_LAC,2019,16,REG,LV,LAC,0,63,8.9291,0.141732
2019_16_PIT_NYJ,2019,16,REG,NYJ,PIT,1,60,-10.4264,-0.173773
2019_16_PIT_NYJ,2019,16,REG,PIT,NYJ,0,67,-11.669,-0.174164
2019_17_ARI_LA,2019,17,REG,ARI,LA,0,67,0.2366,0.003531
2019_17_ARI_LA,2019,17,REG,LA,ARI,1,82,8.4775,0.103384
2019_17_ATL_TB,2019,17,REG,ATL,TB,0,88,-12.5347,-0.14244
2019_17_ATL_TB,2019,17,REG,TB,ATL,1,51,-10.5251,-0.206374
2019_17_CHI_MIN,2019,17,REG,CHI,MIN,0,75,-2.2451,-0.029935
2019_17_CHI_MIN,2019,17,REG,MIN,CHI,1,49,-7.2427,-0.147809
2019_17_CLE_CIN,2019,17,REG,CIN,CLE,1,66,10.7372,0.162685
2019_17_CLE_CIN,2019,17,REG,CLE,CIN,0,54,0.619,0.011463
2019_17_GB_DET,2019,17,REG,DET,GB,1,60,-7.5626,-0.126044
2019_17_GB_DET,2019,17,REG,GB,DET,0,87,3.4254,0.039373
2019_17_IND_JAX,2019,17,REG,IND,JAX,0,56,-8.7958,-0.157068
2019_17_IND_JAX,2019,17,REG,JAX,IND,1,66,10.6431,0.161259
2019_17_LAC_KC,2019,17,REG,KC,LAC,1,49,10.9327,0.223116
2019_17_LAC_KC,2019,17,REG,LAC,KC,0,77,9.876,0.12826
2019_17_MIA_NE,2019,17,REG,MIA,NE,0,69,10.0898,0.146228
2019_17_MIA_NE,2019,17,REG,NE,MIA,1,61,2.3833,0.039071
2019_17_NO_CAR,2019,17,REG,CAR,NO,1,71,-22.1301,-0.311692
2019_17_NO_CAR,2019,17,REG,NO,CAR,0,65,20.2985,0.312285
2019_17_NYJ_BUF,2019,17,REG,BUF,NYJ,1,63,-16.4366,-0.260899
2019_17_NYJ_BUF,2019,17,REG,NYJ,BUF,0,65,-5.3043,-0.081605
2019_17_OAK_DEN,2019,17,REG,DEN,LV,1,60,-6.2977,-0.104961
2019_17_OAK_DEN,2019,17,REG,LV,DEN,0,72,-1.3822,-0.019197
2019_17_PHI_NYG,2019,17,REG,NYG,PHI,1,74,-17.9855,-0.243048
2019_17_PHI_NYG,2019,17,REG,PHI,NYG,0,74,4.6335,0.062615
2019_17_PIT_BAL,2019,17,REG,BAL,PIT,1,69,-5.927,-0.085898
2019_17_PIT_BAL,2019,17,REG,PIT,BAL,0,50,-19.5087,-0.390173
2019_17_SF_SEA,2019,17,REG,SEA,SF,1,74,8.5008,0.114876
2019_17_SF_SEA,2019,17,REG,SF,SEA,0,50,17.6968,0.353936
2019_17_TEN_HOU,2019,17,REG,HOU,TEN,1,65,-2.2497,-0.03461
2019_17_TEN_HOU,2019,17,REG,TEN,HOU,0,59,27.7999,0.471185
2019_17_WAS_DAL,2019,17,REG,DAL,WAS,1,74,11.0617,0.149483
2019_17_WAS_DAL,2019,17,REG,WAS,DAL,0,62,-24.6571,-0.397695
2019_18_BUF_HOU,2019,18,POST,BUF,HOU,0,82,-2.033,-0.024793
2019_18_BUF_HOU,2019,18,POST,HOU,BUF,1,66,-2.8118,-0.042604
2019_18_MIN_NO,2019,18,POST,MIN,NO,0,77,-0.4911,-0.006378
2019_18_MIN_NO,2019,18,POST,NO,MIN,1,55,-6.537,-0.118855
2019_18_SEA_PHI,2019,18,POST,PHI,SEA,1,64,-3.6969,-0.057764
2019_18_SEA_PHI,2019,18,POST,SEA,PHI,0,57,11.3856,0.199748
2019_18_TEN_NE,2019,18,POST,NE,TEN,1,61,-5.6175,-0.09209
2019_18_TEN_NE,2019,18,POST,TEN,NE,0,61,2.0213,0.033137
2019_19_HOU_KC,2019,19,POST,HOU,KC,0,80,0.674,0.008425
2019_19_HOU_KC,2019,19,POST,KC,HOU,1,58,27.0558,0.46648
2019_19_MIN_SF,2019,19,POST,MIN,SF,0,46,-18.95,-0.411956
2019_19_MIN_SF,2019,19,POST,SF,MIN,1,66,-0.6724,-0.010189
2019_19_SEA_GB,2019,19,POST,GB,SEA,1,60,14.92,0.248667
2019_19_SEA_GB,2019,19,POST,SEA,GB,0,60,13.0018,0.216696
2019_19_TEN_BAL,2019,19,POST,BAL,TEN,1,93,-12.948,-0.139225
2019_19_TEN_BAL,2019,19,POST,TEN,BAL,0,51,11.3768,0.223074
2019_20_GB_SF,2019,20,POST,GB,SF,0,61,6.6291,0.108674
2019_20_GB_SF,2019,20,POST,SF,GB,1,51,17.6174,0.345439
2019_20_TEN_KC,2019,20,POST,KC,TEN,1,66,26.2536,0.397783
2019_20_TEN_KC,2019,20,POST,TEN,KC,0,61,7.6386,0.125222
2019_21_SF_KC,2019,21,POST,KC,SF,1,73,18.1182,0.248195
2019_21_SF_KC,2019,21,POST,SF,KC,0,55,6.2363,0.113387
2020_01_ARI_SF,2020,1,REG,ARI,SF,0,79,7.0409,0.089126
2020_01_ARI_SF,2020,1,REG,SF,ARI,1,62,-0.0153,-0.000247
2020_01_CHI_DET,2020,1,REG,CHI,DET,0,65,7.2382,0.111357
2020_01_CHI_DET,2020,1,REG,DET,CHI,1,77,-0.5061,-0.006572
2020_01_CLE_BAL,2020,1,REG,BAL,CLE,1,58,10.1735,0.175405
2020_01_CLE_BAL,2020,1,REG,CLE,BAL,0,73,-13.6596,-0.187118
2020_01_DAL_LA,2020,1,REG,DAL,LA,0,72,-2.1383,-0.029698
2020_01_DAL_LA,2020,1,REG,LA,DAL,1,72,3.5081,0.048724
2020_01_GB_MIN,2020,1,REG,GB,MIN,0,76,22.7891,0.299856
2020_01_GB_MIN,2020,1,REG,MIN,GB,1,52,16.119,0.309981
2020_01_HOU_KC,2020,1,REG,HOU,KC,0,58,8.837,0.152362
2020_01_HOU_KC,2020,1,REG,KC,HOU,1,69,16.9897,0.246228
2020_01_IND_JAX,2020,1,REG,IND,JAX,0,74,4.2063,0.056842
2020_01_IND_JAX,2020,1,REG,JAX,IND,1,49,7.5122,0.15331
2020_01_LAC_CIN,2020,1,REG,CIN,LAC,1,67,-15.7516,-0.235099
2020_01_LAC_CIN,2020,1,REG,LAC,CIN,0,73,-5.9951,-0.082124
2020_01_LV_CAR,2020,1,REG,CAR,LV,1,67,10.3576,0.154591
2020_01_LV_CAR,2020,1,REG,LV,CAR,0,63,18.172,0.288444
2020_01_MIA_NE,2020,1,REG,MIA,NE,0,61,-2.8531,-0.046772
2020_01_MIA_NE,2020,1,REG,NE,MIA,1,63,10.6321,0.168764
2020_01_NYJ_BUF,2020,1,REG,BUF,NYJ,1,85,8.2636,0.097219
2020_01_NYJ_BUF,2020,1,REG,NYJ,BUF,0,54,-5.0065,-0.092713
2020_01_PHI_WAS,2020,1,REG,PHI,WAS,0,68,-19.5617,-0.287673
2020_01_PHI_WAS,2020,1,REG,WAS,PHI,1,67,-10.5058,-0.156804
2020_01_PIT_NYG,2020,1,REG,NYG,PIT,1,67,-6.9304,-0.103439
2020_01_PIT_NYG,2020,1,REG,PIT,NYG,0,63,11.6301,0.184605
2020_01_SEA_ATL,2020,1,REG,ATL,SEA,1,80,-0.8314,-0.010393
2020_01_SEA_ATL,2020,1,REG,SEA,ATL,0,61,21.529,0.352935
2020_01_TB_NO,2020,1,REG,NO,TB,1,67,-8.6403,-0.128959
2020_01_TB_NO,2020,1,REG,TB,NO,0,70,-2.1593,-0.030848
2020_01_TEN_DEN,2020,1,REG,DEN,TEN,1,59,-5.0069,-0.084862
2020_01_TEN_DEN,2020,1,REG,TEN,DEN,0,81,12.9288,0.159615
2020_02_ATL_DAL,2020,2,REG,ATL,DAL,0,75,10.4412,0.139216
2020_02_ATL_DAL,2020,2,REG,DAL,ATL,1,83,4.4752,0.053918
2020_02_BAL_HOU,2020,2,REG,BAL,HOU,0,62,13.053,0.210532
2020_02_BAL_HOU,2020,2,REG,HOU,BAL,1,58,-10.8092,-0.186365
2020_02_BUF_MIA,2020,2,REG,BUF,MIA,0,59,22.5721,0.382578
2020_02_BUF_MIA,2020,2,REG,MIA,BUF,1,74,10.1878,0.137673
2020_02_CAR_TB,2020,2,REG,CAR,TB,0,74,-9.225,-0.124662
2020_02_CAR_TB,2020,2,REG,TB,CAR,1,61,3.1833,0.052186
2020_02_CIN_CLE,2020,2,REG,CIN,CLE,0,91,8.1772,0.089859
2020_02_CIN_CLE,2020,2,REG,CLE,CIN,1,56,19.2562,0.343861
2020_02_DEN_PIT,2020,2,REG,DEN,PIT,0,78,-7.7518,-0.099382
2020_02_DEN_PIT,2020,2,REG,PIT,DEN,1,63,-7.3865,-0.117247
2020_02_DET_GB,2020,2,REG,DET,GB,0,59,-0.5151,-0.00873
2020_02_DET_GB,2020,2,REG,GB,DET,1,71,26.3185,0.370683
2020_02_JAX_TEN,2020,2,REG,JAX,TEN,0,75,19.9275,0.2657
2020_02_JAX_TEN,2020,2,REG,TEN,JAX,1,60,18.9161,0.315268
2020_02_KC_LAC,2020,2,REG,KC,LAC,0,77,7.4671,0.096975
2020_02_KC_LAC,2020,2,REG,LAC,KC,1,82,4.7845,0.058348
2020_02_LA_PHI,2020,2,REG,LA,PHI,0,66,26.8219,0.406392
2020_02_LA_PHI,2020,2,REG,PHI,LA,1,71,-5.3173,-0.074892
2020_02_MIN_IND,2020,2,REG,IND,MIN,1,70,3.8819,0.055456
2020_02_MIN_IND,2020,2,REG,MIN,IND,0,53,-10.6347,-0.200655
2020_02_NE_SEA,2020,2,REG,NE,SEA,0,71,13.872,0.19538
2020_02_NE_SEA,2020,2,REG,SEA,NE,1,63,12.1853,0.193418
2020_02_NO_LV,2020,2,REG,LV,NO,1,80,15.1916,0.189895
2020_02_NO_LV,2020,2,REG,NO,LV,0,60,8.6682,0.14447
2020_02_NYG_CHI,2020,2,REG,CHI,NYG,1,65,-2.4318,-0.037412
2020_02_NYG_CHI,2020,2,REG,NYG,CHI,0,63,-6.6822,-0.106066
2020_02_SF_NYJ,2020,2,REG,NYJ,SF,1,64,-9.4297,-0.147339
2020_02_SF_NYJ,2020,2,REG,SF,NYJ,0,59,11.1649,0.189236
2020_02_WAS_ARI,2020,2,REG,ARI,WAS,1,77,4.822,0.062624
2020_02_WAS_ARI,2020,2,REG,WAS,ARI,0,66,-3.0154,-0.045687
2020_03_CAR_LAC,2020,3,REG,CAR,LAC,0,51,-5.1548,-0.101074
2020_03_CAR_LAC,2020,3,REG,LAC,CAR,1,77,-12.0542,-0.156548
2020_03_CHI_ATL,2020,3,REG,ATL,CHI,1,67,0.0761,0.001136
2020_03_CHI_ATL,2020,3,REG,CHI,ATL,0,79,0.341,0.004316
2020_03_CIN_PHI,2020,3,REG,CIN,PHI,0,71,0.9427,0.013277
2020_03_CIN_PHI,2020,3,REG,PHI,CIN,1,91,-3.2053,-0.035223
2020_03_DAL_SEA,2020,3,REG,DAL,SEA,0,81,9.951,0.122851
2020_03_DAL_SEA,2020,3,REG,SEA,DAL,1,75,10.2875,0.137167
2020_03_DET_ARI,2020,3,REG,ARI,DET,1,65,1.4001,0.02154
2020_03_DET_ARI,2020,3,REG,DET,ARI,0,66,4.6544,0.070521
2020_03_GB_NO,2020,3,REG,GB,NO,0,61,15.2931,0.250706
2020_03_GB_NO,2020,3,REG,NO,GB,1,60,6.906,0.1151
2020_03_HOU_PIT,2020,3,REG,HOU,PIT,0,47,2.0613,0.043857
2020_03_HOU_PIT,2020,3,REG,PIT,HOU,1,76,16.0359,0.210998
2020_03_KC_BAL,2020,3,REG,BAL,KC,1,55,-5.6463,-0.10266
2020_03_KC_BAL,2020,3,REG,KC,BAL,0,75,24.4102,0.325469
2020_03_LA_BUF,2020,3,REG,BUF,LA,1,62,11.4912,0.185342
2020_03_LA_BUF,2020,3,REG,LA,BUF,0,69,21.0703,0.305366
2020_03_LV_NE,2020,3,REG,LV,NE,0,59,-2.1383,-0.036242
2020_03_LV_NE,2020,3,REG,NE,LV,1,66,9.9486,0.150736
2020_03_MIA_JAX,2020,3,REG,JAX,MIA,1,66,-8.4438,-0.127937
2020_03_MIA_JAX,2020,3,REG,MIA,JAX,0,60,12.7936,0.213227
2020_03_NYJ_IND,2020,3,REG,IND,NYJ,1,57,5.925,0.103947
2020_03_NYJ_IND,2020,3,REG,NYJ,IND,0,64,-25.5658,-0.399466
2020_03_SF_NYG,2020,3,REG,NYG,SF,1,52,-14.2033,-0.27314
2020_03_SF_NYG,2020,3,REG,SF,NYG,0,76,21.574,0.283868
2020_03_TB_DEN,2020,3,REG,DEN,TB,1,63,-16.5695,-0.263009
2020_03_TB_DEN,2020,3,REG,TB,DEN,0,65,8.6771,0.133494
2020_03_TEN_MIN,2020,3,REG,MIN,TEN,1,65,2.7124,0.04173
2020_03_TEN_MIN,2020,3,REG,TEN,MIN,0,73,-0.5353,-0.007333
2020_03_WAS_CLE,2020,3,REG,CLE,WAS,1,63,3.2452,0.051511
2020_03_WAS_CLE,2020,3,REG,WAS,CLE,0,64,-9.3554,-0.146177
2020_04_ARI_CAR,2020,4,REG,ARI,CAR,0,57,5.6987,0.099977
2020_04_ARI_CAR,2020,4,REG,CAR,ARI,1,73,21.4623,0.294003
2020_04_ATL_GB,2020,4,REG,ATL,GB,0,70,6.8293,0.097562
2020_04_ATL_GB,2020,4,REG,GB,ATL,1,62,16.6587,0.268689
2020_04_BAL_WAS,2020,4,REG,BAL,WAS,0,56,13.6543,0.243827
2020_04_BAL_WAS,2020,4,REG,WAS,BAL,1,71,-1.2094,-0.017034
2020_04_BUF_LV,2020,4,REG,BUF,LV,0,59,13.1547,0.222961
2020_04_BUF_LV,2020,4,REG,LV,BUF,1,73,-0.5855,-0.008021
2020_04_CLE_DAL,2020,4,REG,CLE,DAL,0,73,25.8694,0.354375
2020_04_CLE_DAL,2020,4,REG,DAL,CLE,1,82,12.3889,0.151084
2020_04_DEN_NYJ,2020,4,REG,DEN,NYJ,0,65,8.7796,0.135071
2020_04_DEN_NYJ,2020,4,REG,NYJ,DEN,1,77,-11.0162,-0.143067
2020_04_IND_CHI,2020,4,REG,CHI,IND,1,61,-4.247,-0.069622
2020_04_IND_CHI,2020,4,REG,IND,CHI,0,69,1.0992,0.01593
2020_04_JAX_CIN,2020,4,REG,CIN,JAX,1,73,16.1155,0.22076
2020_04_JAX_CIN,2020,4,REG,JAX,CIN,0,67,10.6871,0.159508
2020_04_LAC_TB,2020,4,REG,LAC,TB,0,52,6.0543,0.116429
2020_04_LAC_TB,2020,4,REG,TB,LAC,1,73,11.1001,0.152057
2020_04_MIN_HOU,2020,4,REG,HOU,MIN,1,65,1.8498,0.028459
2020_04_MIN_HOU,2020,4,REG,MIN,HOU,0,64,13.9524,0.218006
2020_04_NE_KC,2020,4,REG,KC,NE,1,53,5.2356,0.098785
2020_04_NE_KC,2020,4,REG,NE,KC,0,75,-14.1636,-0.188848
2020_04_NO_DET,2020,4,REG,DET,NO,1,61,8.7079,0.142752
2020_04_NO_DET,2020,4,REG,NO,DET,0,67,19.1871,0.286374
2020_04_NYG_LA,2020,4,REG,LA,NYG,1,54,-5.4171,-0.100316
2020_04_NYG_LA,2020,4,REG,NYG,LA,0,68,-12.1827,-0.179158
2020_04_PHI_SF,2020,4,REG,PHI,SF,0,62,-1.0661,-0.017195
2020_04_PHI_SF,2020,4,REG,SF,PHI,1,72,-6.3503,-0.088198
2020_04_SEA_MIA,2020,4,REG,MIA,SEA,1,71,3.3663,0.047412
2020_04_SEA_MIA,2020,4,REG,SEA,MIA,0,60,14.8686,0.24781
2020_05_ARI_NYJ,2020,5,REG,ARI,NYJ,0,71,15.1702,0.213665
2020_05_ARI_NYJ,2020,5,REG,NYJ,ARI,1,69,-6.4273,-0.09315
2020_05_BUF_TEN,2020,5,REG,BUF,TEN,0,71,1.1614,0.016358
2020_05_BUF_TEN,2020,5,REG,TEN,BUF,1,66,19.1398,0.289997
2020_05_CAR_ATL,2020,5,REG,ATL,CAR,1,63,0.86,0.01365
2020_05_CAR_ATL,2020,5,REG,CAR,ATL,0,64,15.1414,0.236585
2020_05_CIN_BAL,2020,5,REG,BAL,CIN,1,62,-3.285,-0.052984
2020_05_CIN_BAL,2020,5,REG,CIN,BAL,0,67,-30.3762,-0.453376
2020_05_IND_CLE,2020,5,REG,CLE,IND,1,73,3.4569,0.047354
2020_05_IND_CLE,2020,5,REG,IND,CLE,0,55,-3.5679,-0.064871
2020_05_JAX_HOU,2020,5,REG,HOU,JAX,1,58,11.6455,0.200784
2020_05_JAX_HOU,2020,5,REG,JAX,HOU,0,75,-2.8474,-0.037965
2020_05_LAC_NO,2020,5,REG,LAC,NO,0,70,0.7869,0.011241
2020_05_LAC_NO,2020,5,REG,NO,LAC,1,76,-3.8914,-0.051203
2020_05_LA_WAS,2020,5,REG,LA,WAS,0,66,10.0685,0.152554
2020_05_LA_WAS,2020,5,REG,WAS,LA,1,54,-20.7081,-0.383483
2020_05_LV_KC,2020,5,REG,KC,LV,1,72,8.321,0.11557
2020_05_LV_KC,2020,5,REG,LV,KC,0,68,21.8304,0.321035
2020_05_MIA_SF,2020,5,REG,MIA,SF,0,66,21.5815,0.326993
2020_05_MIA_SF,2020,5,REG,SF,MIA,1,64,-13.4224,-0.209724
2020_05_MIN_SEA,2020,5,REG,MIN,SEA,0,87,4.4195,0.050798
2020_05_MIN_SEA,2020,5,REG,SEA,MIN,1,54,4.1336,0.076548
2020_05_NYG_DAL,2020,5,REG,DAL,NYG,1,66,3.2736,0.0496
2020_05_NYG_DAL,2020,5,REG,NYG,DAL,0,68,-1.2999,-0.019116
2020_05_PHI_PIT,2020,5,REG,PHI,PIT,0,59,10.3735,0.175823
2020_05_PHI_PIT,2020,5,REG,PIT,PHI,1,73,15.6875,0.214897
2020_05_TB_CHI,2020,5,REG,CHI,TB,1,61,-4.0124,-0.065777
2020_05_TB_CHI,2020,5,REG,TB,CHI,0,70,-1.5839,-0.022626
2020_06_ARI_DAL,2020,6,REG,ARI,DAL,0,61,19.5588,0.320636
2020_06_ARI_DAL,2020,6,REG,DAL,ARI,1,89,-13.2449,-0.148819
2020_06_ATL_MIN,2020,6,REG,ATL,MIN,0,79,14.6276,0.185159
2020_06_ATL_MIN,2020,6,REG,MIN,ATL,1,56,-5.2643,-0.094006
2020_06_BAL_PHI,2020,6,REG,BAL,PHI,0,71,0.4125,0.00581
2020_06_BAL_PHI,2020,6,REG,PHI,BAL,1,72,-1.5012,-0.020849
2020_06_CHI_CAR,2020,6,REG,CAR,CHI,1,68,-9.5795,-0.140875
2020_06_CHI_CAR,2020,6,REG,CHI,CAR,0,62,1.6558,0.026706
2020_06_CIN_IND,2020,6,REG,CIN,IND,0,72,14.5567,0.202176
2020_06_CIN_IND,2020,6,REG,IND,CIN,1,62,10.1323,0.163424
2020_06_CLE_PIT,2020,6,REG,CLE,PIT,0,57,-28.4773,-0.499602
2020_06_CLE_PIT,2020,6,REG,PIT,CLE,1,61,6.414,0.105148
2020_06_DEN_NE,2020,6,REG,DEN,NE,0,61,-6.2755,-0.102878
2020_06_DEN_NE,2020,6,REG,NE,DEN,1,56,-15.5669,-0.27798
2020_06_DET_JAX,2020,6,REG,DET,JAX,0,74,16.7906,0.226899
2020_06_DET_JAX,2020,6,REG,JAX,DET,1,63,-5.9013,-0.093671
2020_06_GB_TB,2020,6,REG,GB,TB,0,63,-19.4699,-0.309047
2020_06_GB_TB,2020,6,REG,TB,GB,1,62,12.2842,0.198132
2020_06_HOU_TEN,2020,6,REG,HOU,TEN,0,70,19.6934,0.281335
2020_06_HOU_TEN,2020,6,REG,TEN,HOU,1,75,30.5811,0.407748
2020_06_KC_BUF,2020,6,REG,BUF,KC,1,53,3.4618,0.065317
2020_06_KC_BUF,2020,6,REG,KC,BUF,0,71,23.5901,0.332254
2020_06_LA_SF,2020,6,REG,LA,SF,0,60,1.1203,0.018671
2020_06_LA_SF,2020,6,REG,SF,LA,1,71,6.2195,0.087598
2020_06_NYJ_MIA,2020,6,REG,MIA,NYJ,1,56,-4.1477,-0.074065
2020_06_NYJ_MIA,2020,6,REG,NYJ,MIA,0,71,-22.3226,-0.314403
2020_06_WAS_NYG,2020,6,REG,NYG,WAS,1,45,0.7654,0.017009
2020_06_WAS_NYG,2020,6,REG,WAS,NYG,0,73,0.5647,0.007736
2020_07_BUF_NYJ,2020,7,REG,BUF,NYJ,0,72,7.1618,0.099469
2020_07_BUF_NYJ,2020,7,REG,NYJ,BUF,1,57,-10.6488,-0.186821
2020_07_CAR_NO,2020,7,REG,CAR,NO,0,46,13.5132,0.293765
2020_07_CAR_NO,2020,7,REG,NO,CAR,1,68,15.5845,0.229183
2020_07_CHI_LA,2020,7,REG,CHI,LA,0,63,-23.3628,-0.370838
2020_07_CHI_LA,2020,7,REG,LA,CHI,1,70,-5.3539,-0.076484
2020_07_CLE_CIN,2020,7,REG,CIN,CLE,1,75,18.723,0.249639
2020_07_CLE_CIN,2020,7,REG,CLE,CIN,0,50,22.9952,0.459904
2020_07_DAL_WAS,2020,7,REG,DAL,WAS,0,57,-15.6849,-0.275174
2020_07_DAL_WAS,2020,7,REG,WAS,DAL,1,67,10.0568,0.150101
2020_07_DET_ATL,2020,7,REG,ATL,DET,1,75,6.3059,0.084078
2020_07_DET_ATL,2020,7,REG,DET,ATL,0,58,8.1197,0.139994
2020_07_GB_HOU,2020,7,REG,GB,HOU,0,60,18.3411,0.305685
2020_07_GB_HOU,2020,7,REG,HOU,GB,1,68,-2.3028,-0.033864
2020_07_JAX_LAC,2020,7,REG,JAX,LAC,0,63,-6.0976,-0.096787
2020_07_JAX_LAC,2020,7,REG,LAC,JAX,1,77,15.5276,0.201657
2020_07_KC_DEN,2020,7,REG,DEN,KC,1,77,-20.1654,-0.261889
2020_07_KC_DEN,2020,7,REG,KC,DEN,0,48,3.0626,0.063804
2020_07_NYG_PHI,2020,7,REG,NYG,PHI,0,59,-0.317,-0.005372
2020_07_NYG_PHI,2020,7,REG,PHI,NYG,1,80,2.3114,0.028893
2020_07_PIT_TEN,2020,7,REG,PIT,TEN,0,78,6.9362,0.088926
2020_07_PIT_TEN,2020,7,REG,TEN,PIT,1,58,2.9951,0.05164
2020_07_SEA_ARI,2020,7,REG,ARI,SEA,1,80,8.2005,0.102506
2020_07_SEA_ARI,2020,7,REG,SEA,ARI,0,84,9.2341,0.109929
2020_07_SF_NE,2020,7,REG,NE,SF,1,52,-14.0442,-0.27008
2020_07_SF_NE,2020,7,REG,SF,NE,0,66,20.9951,0.318107
2020_07_TB_LV,2020,7,REG,LV,TB,1,66,-3.7564,-0.056915
2020_07_TB_LV,2020,7,REG,TB,LV,0,70,26.6623,0.38089
2020_08_ATL_CAR,2020,8,REG,ATL,CAR,0,68,15.4561,0.227296
2020_08_ATL_CAR,2020,8,REG,CAR,ATL,1,55,0.3639,0.006616
2020_08_DAL_PHI,2020,8,REG,DAL,PHI,0,79,-25.7815,-0.326348
2020_08_DAL_PHI,2020,8,REG,PHI,DAL,1,63,-14.3073,-0.227101
2020_08_IND_DET,2020,8,REG,DET,IND,1,60,-12.2383,-0.203972
2020_08_IND_DET,2020,8,REG,IND,DET,0,75,18.9529,0.252705
2020_08_LAC_DEN,2020,8,REG,DEN,LAC,1,63,4.5502,0.072225
2020_08_LAC_DEN,2020,8,REG,LAC,DEN,0,87,3.3744,0.038787
2020_08_LA_MIA,2020,8,REG,LA,MIA,0,94,-24.1373,-0.25678
2020_08_LA_MIA,2020,8,REG,MIA,LA,1,48,-24.46,-0.509583
2020_08_LV_CLE,2020,8,REG,CLE,LV,1,49,-2.5362,-0.05176
2020_08_LV_CLE,2020,8,REG,LV,CLE,0,70,11.4915,0.164165
2020_08_MIN_GB,2020,8,REG,GB,MIN,1,73,9.9001,0.135617
2020_08_MIN_GB,2020,8,REG,MIN,GB,0,52,22.0139,0.423345
2020_08_NE_BUF,2020,8,REG,BUF,NE,1,54,7.958,0.14737
2020_08_NE_BUF,2020,8,REG,NE,BUF,0,65,6.1531,0.094663
2020_08_NO_CHI,2020,8,REG,CHI,NO,1,70,-2.4895,-0.035564
2020_08_NO_CHI,2020,8,REG,NO,CHI,0,73,6.04,0.08274
2020_08_NYJ_KC,2020,8,REG,KC,NYJ,1,67,19.869,0.296552
2020_08_NYJ_KC,2020,8,REG,NYJ,KC,0,56,-12.4199,-0.221784
2020_08_PIT_BAL,2020,8,REG,BAL,PIT,1,81,-8.0367,-0.099218
2020_08_PIT_BAL,2020,8,REG,PIT,BAL,0,53,4.4869,0.084658
2020_08_SF_SEA,2020,8,REG,SEA,SF,1,65,17.641,0.2714
2020_08_SF_SEA,2020,8,REG,SF,SEA,0,69,12.7717,0.185097
2020_08_TB_NYG,2020,8,REG,NYG,TB,1,73,-0.5992,-0.008208
2020_08_TB_NYG,2020,8,REG,TB,NYG,0,69,4.1944,0.060788
2020_08_TEN_CIN,2020,8,REG,CIN,TEN,1,73,22.4807,0.307955
2020_08_TEN_CIN,2020,8,REG,TEN,CIN,0,63,13.3934,0.212593
2020_09_BAL_IND,2020,9,REG,BAL,IND,0,64,-0.8446,-0.013197
2020_09_BAL_IND,2020,9,REG,IND,BAL,1,66,-21.5079,-0.325878
2020_09_CAR_KC,2020,9,REG,CAR,KC,0,83,23.4708,0.282781
2020_09_CAR_KC,2020,9,REG,KC,CAR,1,61,15.453,0.253328
2020_09_CHI_TEN,2020,9,REG,CHI,TEN,0,78,-10.9936,-0.140944
2020_09_CHI_TEN,2020,9,REG,TEN,CHI,1,53,-5.0689,-0.095639
2020_09_DEN_ATL,2020,9,REG,ATL,DEN,1,69,7.2534,0.105122
2020_09_DEN_ATL,2020,9,REG,DEN,ATL,0,73,0.5329,0.0073
2020_09_DET_MIN,2020,9,REG,DET,MIN,0,74,-6.4504,-0.087167
2020_09_DET_MIN,2020,9,REG,MIN,DET,1,58,15.3746,0.265079
2020_09_GB_SF,2020,9,REG,GB,SF,0,65,20.456,0.314708
2020_09_GB_SF,2020,9,REG,SF,GB,1,57,-3.839,-0.067351
2020_09_HOU_JAX,2020,9,REG,HOU,JAX,0,61,8.7032,0.142676
2020_09_HOU_JAX,2020,9,REG,JAX,HOU,1,69,2.2741,0.032958
2020_09_LV_LAC,2020,9,REG,LAC,LV,1,78,9.9798,0.127946
2020_09_LV_LAC,2020,9,REG,LV,LAC,0,50,9.0,0.18
2020_09_MIA_ARI,2020,9,REG,ARI,MIA,1,69,13.3539,0.193534
2020_09_MIA_ARI,2020,9,REG,MIA,ARI,0,58,11.8242,0.203865
2020_09_NE_NYJ,2020,9,REG,NE,NYJ,0,79,16.4096,0.207717
2020_09_NE_NYJ,2020,9,REG,NYJ,NE,1,46,16.7511,0.364154
2020_09_NO_TB,2020,9,REG,NO,TB,0,68,15.392,0.226353
2020_09_NO_TB,2020,9,REG,TB,NO,1,49,-23.4741,-0.479063
2020_09_NYG_WAS,2020,9,REG,NYG,WAS,0,74,1.4903,0.020139
2020_09_NYG_WAS,2020,9,REG,WAS,NYG,1,54,-2.4274,-0.044951
2020_09_PIT_DAL,2020,9,REG,DAL,PIT,1,71,-9.3047,-0.131052
2020_09_PIT_DAL,2020,9,REG,PIT,DAL,0,69,2.8648,0.041519
2020_09_SEA_BUF,2020,9,REG,BUF,SEA,1,65,15.4018,0.23695
2020_09_SEA_BUF,2020,9,REG,SEA,BUF,0,65,5.0833,0.078204
2020_10_BAL_NE,2020,10,REG,BAL,NE,0,66,2.1829,0.033075
2020_10_BAL_NE,2020,10,REG,NE,BAL,1,56,10.8575,0.193885
2020_10_BUF_ARI,2020,10,REG,ARI,BUF,1,73,3.3255,0.045555
2020_10_BUF_ARI,2020,10,REG,BUF,ARI,0,73,-0.5825,-0.007979
2020_10_CIN_PIT,2020,10,REG,CIN,PIT,0,65,-14.9891,-0.230602
2020_10_CIN_PIT,2020,10,REG,PIT,CIN,1,73,4.2944,0.058828
2020_10_DEN_LV,2020,10,REG,DEN,LV,0,71,-20.9712,-0.295369
2020_10_DEN_LV,2020,10,REG,LV,DEN,1,70,5.3985,0.077122
2020_10_HOU_CLE,2020,10,REG,CLE,HOU,1,63,5.1126,0.081153
2020_10_HOU_CLE,2020,10,REG,HOU,CLE,0,56,-0.0096,-0.000172
2020_10_IND_TEN,2020,10,REG,IND,TEN,0,69,15.032,0.217855
2020_10_IND_TEN,2020,10,REG,TEN,IND,1,65,0.5537,0.008518
2020_10_JAX_GB,2020,10,REG,GB,JAX,1,63,-0.394,-0.006254
2020_10_JAX_GB,2020,10,REG,JAX,GB,0,64,-13.4203,-0.209693
2020_10_LAC_MIA,2020,10,REG,LAC,MIA,0,62,-2.3513,-0.037924
2020_10_LAC_MIA,2020,10,REG,MIA,LAC,1,55,-2.2724,-0.041317
2020_10_MIN_CHI,2020,10,REG,CHI,MIN,1,49,-21.3799,-0.436325
2020_10_MIN_CHI,2020,10,REG,MIN,CHI,0,73,-6.2744,-0.085951
2020_10_PHI_NYG,2020,10,REG,NYG,PHI,1,69,11.6693,0.169121
2020_10_PHI_NYG,2020,10,REG,PHI,NYG,0,67,5.2441,0.078271
2020_10_SEA_LA,2020,10,REG,LA,SEA,1,68,7.114,0.104617
2020_10_SEA_LA,2020,10,REG,SEA,LA,0,67,-8.8106,-0.131502
2020_10_SF_NO,2020,10,REG,NO,SF,1,55,-5.8068,-0.105579
2020_10_SF_NO,2020,10,REG,SF,NO,0,71,-13.0421,-0.183691
2020_10_TB_CAR,2020,10,REG,CAR,TB,1,49,-10.3421,-0.211063
2020_10_TB_CAR,2020,10,REG,TB,CAR,0,77,26.6637,0.346282
2020_10_WAS_DET,2020,10,REG,DET,WAS,1,59,10.1259,0.171626
2020_10_WAS_DET,2020,10,REG,WAS,DET,0,87,16.2267,0.186513
2020_11_ARI_SEA,2020,11,REG,ARI,SEA,0,67,10.8625,0.162127
2020_11_ARI_SEA,2020,11,REG,SEA,ARI,1,65,12.1623,0.187112
2020_11_ATL_NO,2020,11,REG,ATL,NO,0,62,-15.8991,-0.256437
2020_11_ATL_NO,2020,11,REG,NO,ATL,1,66,2.8944,0.043854
2020_11_CIN_WAS,2020,11,REG,CIN,WAS,0,68,-10.3876,-0.152759
2020_11_CIN_WAS,2020,11,REG,WAS,CIN,1,59,-0.8287,-0.014046
2020_11_DAL_MIN,2020,11,REG,DAL,MIN,0,64,10.9813,0.171583
2020_11_DAL_MIN,2020,11,REG,MIN,DAL,1,65,2.9073,0.044728
2020_11_DET_CAR,2020,11,REG,CAR,DET,1,68,-3.9659,-0.058322
2020_11_DET_CAR,2020,11,REG,DET,CAR,0,55,-21.1241,-0.384074
2020_11_GB_IND,2020,11,REG,GB,IND,0,58,0.0212,0.000365
2020_11_GB_IND,2020,11,REG,IND,GB,1,83,-2.6182,-0.031544
2020_11_KC_LV,2020,11,REG,KC,LV,0,76,25.1199,0.330525
2020_11_KC_LV,2020,11,REG,LV,KC,1,58,17.357,0.299259
2020_11_LA_TB,2020,11,REG,LA,TB,0,71,-0.391,-0.005507
2020_11_LA_TB,2020,11,REG,TB,LA,1,69,-8.0117,-0.116112
2020_11_MIA_DEN,2020,11,REG,DEN,MIA,1,65,1.1348,0.017459
2020_11_MIA_DEN,2020,11,REG,MIA,DEN,0,65,-9.2735,-0.142669
2020_11_NE_HOU,2020,11,REG,HOU,NE,1,61,11.9281,0.195542
2020_11_NE_HOU,2020,11,REG,NE,HOU,0,68,7.5187,0.110569
2020_11_NYJ_LAC,2020,11,REG,LAC,NYJ,1,83,8.9199,0.107468
2020_11_NYJ_LAC,2020,11,REG,NYJ,LAC,0,60,2.9339,0.048898
2020_11_PHI_CLE,2020,11,REG,CLE,PHI,1,65,-8.8802,-0.136619
2020_11_PHI_CLE,2020,11,REG,PHI,CLE,0,68,-12.4077,-0.182466
2020_11_PIT_JAX,2020,11,REG,JAX,PIT,1,58,-25.359,-0.437224
2020_11_PIT_JAX,2020,11,REG,PIT,JAX,0,72,10.5319,0.146276
2020_11_TEN_BAL,2020,11,REG,BAL,TEN,1,65,7.5823,0.116651
2020_11_TEN_BAL,2020,11,REG,TEN,BAL,0,70,16.8907,0.241296
2020_12_ARI_NE,2020,12,REG,ARI,NE,0,73,-0.1614,-0.002211
2020_12_ARI_NE,2020,12,REG,NE,ARI,1,52,-9.5741,-0.184117
2020_12_BAL_PIT,2020,12,REG,BAL,PIT,0,53,-21.0641,-0.397437
2020_12_BAL_PIT,2020,12,REG,PIT,BAL,1,71,-4.7202,-0.066481
2020_12_CAR_MIN,2020,12,REG,CAR,MIN,0,64,1.1894,0.018585
2020_12_CAR_MIN,2020,12,REG,MIN,CAR,1,71,-1.4443,-0.020343
2020_12_CHI_GB,2020,12,REG,CHI,GB,0,68,3.0873,0.045401
2020_12_CHI_GB,2020,12,REG,GB,CHI,1,69,22.8658,0.331389
2020_12_CLE_JAX,2020,12,REG,CLE,JAX,0,64,12.0702,0.188597
2020_12_CLE_JAX,2020,12,REG,JAX,CLE,1,64,11.5514,0.180491
2020_12_HOU_DET,2020,12,REG,DET,HOU,1,82,-12.6257,-0.153972
2020_12_HOU_DET,2020,12,REG,HOU,DET,0,52,12.1526,0.233703
2020_12_KC_TB,2020,12,REG,KC,TB,0,78,18.0397,0.231278
2020_12_KC_TB,2020,12,REG,TB,KC,1,58,7.4664,0.128731
2020_12_LAC_BUF,2020,12,REG,BUF,LAC,1,61,0.6616,0.010845
2020_12_LAC_BUF,2020,12,REG,LAC,BUF,0,83,-3.5503,-0.042775
2020_12_LV_ATL,2020,12,REG,ATL,LV,1,75,-2.3075,-0.030767
2020_12_LV_ATL,2020,12,REG,LV,ATL,0,63,-42.5566,-0.675501
2020_12_MIA_NYJ,2020,12,REG,MIA,NYJ,0,69,1.1494,0.016658
2020_12_MIA_NYJ,2020,12,REG,NYJ,MIA,1,55,-20.6328,-0.375143
2020_12_NO_DEN,2020,12,REG,DEN,NO,1,43,-30.9791,-0.720444
2020_12_NO_DEN,2020,12,REG,NO,DEN,0,64,2.3375,0.036523
2020_12_NYG_CIN,2020,12,REG,CIN,NYG,1,49,-17.1047,-0.349076
2020_12_NYG_CIN,2020,12,REG,NYG,CIN,0,79,1.9024,0.024081
2020_12_SEA_PHI,2020,12,REG,PHI,SEA,1,70,-8.8703,-0.126718
2020_12_SEA_PHI,2020,12,REG,SEA,PHI,0,65,-0.8825,-0.013577
2020_12_SF_LA,2020,12,REG,LA,SF,1,61,-29.6907,-0.486734
2020_12_SF_LA,2020,12,REG,SF,LA,0,72,-21.4662,-0.298142
2020_12_TEN_IND,2020,12,REG,IND,TEN,1,73,3.8938,0.053339
2020_12_TEN_IND,2020,12,REG,TEN,IND,0,69,25.187,0.365029
2020_12_WAS_DAL,2020,12,REG,DAL,WAS,1,60,-27.9431,-0.465719
2020_12_WAS_DAL,2020,12,REG,WAS,DAL,0,67,7.0429,0.105118
2020_13_BUF_SF,2020,13,REG,BUF,SF,0,72,16.7288,0.232344
2020_13_BUF_SF,2020,13,REG,SF,BUF,1,61,7.935,0.130081
2020_13_CIN_MIA,2020,13,REG,CIN,MIA,0,52,-11.1729,-0.214864
2020_13_CIN_MIA,2020,13,REG,MIA,CIN,1,69,0.8577,0.012431
2020_13_CLE_TEN,2020,13,REG,CLE,TEN,0,71,16.2302,0.228594
2020_13_CLE_TEN,2020,13,REG,TEN,CLE,1,72,6.5621,0.09114
2020_13_DAL_BAL,2020,13,REG,BAL,DAL,1,55,16.0312,0.291476
2020_13_DAL_BAL,2020,13,REG,DAL,BAL,0,79,2.6249,0.033227
2020_13_DEN_KC,2020,13,REG,DEN,KC,0,66,6.5904,0.099854
2020_13_DEN_KC,2020,13,REG,KC,DEN,1,63,9.4027,0.14925
2020_13_DET_CHI,2020,13,REG,CHI,DET,1,69,4.9587,0.071866
2020_13_DET_CHI,2020,13,REG,DET,CHI,0,67,16.0274,0.239214
2020_13_IND_HOU,2020,13,REG,HOU,IND,1,64,-1.8169,-0.028388
2020_13_IND_HOU,2020,13,REG,IND,HOU,0,66,6.1589,0.093316
2020_13_JAX_MIN,2020,13,REG,JAX,MIN,0,70,-6.9795,-0.099707
2020_13_JAX_MIN,2020,13,REG,MIN,JAX,1,91,-9.5064,-0.104466
2020_13_LA_ARI,2020,13,REG,ARI,LA,1,63,-7.3379,-0.116475
2020_13_LA_ARI,2020,13,REG,LA,ARI,0,80,15.1314,0.189143
2020_13_LV_NYJ,2020,13,REG,LV,NYJ,0,77,7.3276,0.095164
2020_13_LV_NYJ,2020,13,REG,NYJ,LV,1,62,6.0837,0.098125
2020_13_NE_LAC,2020,13,REG,LAC,NE,1,71,-26.6901,-0.375916
2020_13_NE_LAC,2020,13,REG,NE,LAC,0,65,7.2117,0.110949
2020_13_NO_ATL,2020,13,REG,ATL,NO,1,67,-10.5364,-0.15726
2020_13_NO_ATL,2020,13,REG,NO,ATL,0,78,5.1349,0.065832
2020_13_NYG_SEA,2020,13,REG,NYG,SEA,0,55,-2.5115,-0.045663
2020_13_NYG_SEA,2020,13,REG,SEA,NYG,1,72,-15.8885,-0.220674
2020_13_PHI_GB,2020,13,REG,GB,PHI,1,58,18.2948,0.315428
2020_13_PHI_GB,2020,13,REG,PHI,GB,0,62,-6.3521,-0.102454
2020_13_WAS_PIT,2020,13,REG,PIT,WAS,1,71,-8.8064,-0.124033
2020_13_WAS_PIT,2020,13,REG,WAS,PIT,0,72,-4.7929,-0.066568
2020_14_ARI_NYG,2020,14,REG,ARI,NYG,0,76,3.5535,0.046756
2020_14_ARI_NYG,2020,14,REG,NYG,ARI,1,49,-18.2173,-0.371781
2020_14_ATL_LAC,2020,14,REG,ATL,LAC,0,57,0.7396,0.012975
2020_14_ATL_LAC,2020,14,REG,LAC,ATL,1,73,3.7781,0.051755
2020_14_BAL_CLE,2020,14,REG,BAL,CLE,0,59,25.7365,0.436211
2020_14_BAL_CLE,2020,14,REG,CLE,BAL,1,83,25.1204,0.302656
2020_14_DAL_CIN,2020,14,REG,CIN,DAL,1,72,-18.6606,-0.259176
2020_14_DAL_CIN,2020,14,REG,DAL,CIN,0,50,8.6704,0.173408
2020_14_DEN_CAR,2020,14,REG,CAR,DEN,1,67,4.5172,0.067421
2020_14_DEN_CAR,2020,14,REG,DEN,CAR,0,58,11.8084,0.203593
2020_14_GB_DET,2020,14,REG,DET,GB,1,66,9.6935,0.146872
2020_14_GB_DET,2020,14,REG,GB,DET,0,65,21.5883,0.332127
2020_14_HOU_CHI,2020,14,REG,CHI,HOU,1,60,14.3969,0.239948
2020_14_HOU_CHI,2020,14,REG,HOU,CHI,0,65,-12.7474,-0.196114
2020_14_IND_LV,2020,14,REG,IND,LV,0,59,24.4315,0.414093
2020_14_IND_LV,2020,14,REG,LV,IND,1,68,0.1943,0.002858
2020_14_KC_MIA,2020,14,REG,KC,MIA,0,61,0.8673,0.014217
2020_14_KC_MIA,2020,14,REG,MIA,KC,1,82,2.3222,0.028319
2020_14_MIN_TB,2020,14,REG,MIN,TB,0,79,13.7894,0.17455
2020_14_MIN_TB,2020,14,REG,TB,MIN,1,47,14.0151,0.298193
2020_14_NE_LA,2020,14,REG,LA,NE,1,62,-2.8477,-0.04593
2020_14_NE_LA,2020,14,REG,NE,LA,0,59,-32.989,-0.559135
2020_14_NO_PHI,2020,14,REG,NO,PHI,0,63,3.5318,0.05606
2020_14_NO_PHI,2020,14,REG,PHI,NO,1,65,3.1316,0.048179
2020_14_NYJ_SEA,2020,14,REG,NYJ,SEA,0,53,-15.6483,-0.295251
2020_14_NYJ_SEA,2020,14,REG,SEA,NYJ,1,72,17.3173,0.240518
2020_14_PIT_BUF,2020,14,REG,BUF,PIT,1,73,-1.0154,-0.013909
2020_14_PIT_BUF,2020,14,REG,PIT,BUF,0,57,-15.378,-0.26979
2020_14_TEN_JAX,2020,14,REG,JAX,TEN,1,71,-9.0728,-0.127786
2020_14_TEN_JAX,2020,14,REG,TEN,JAX,0,67,13.3256,0.198889
2020_14_WAS_SF,2020,14,REG,SF,WAS,1,81,-29.4635,-0.363747
2020_14_WAS_SF,2020,14,REG,WAS,SF,0,59,-17.8242,-0.302105
2020_15_BUF_DEN,2020,15,REG,BUF,DEN,0,73,28.8659,0.395424
2020_15_BUF_DEN,2020,15,REG,DEN,BUF,1,64,-7.4364,-0.116193
2020_15_CAR_GB,2020,15,REG,CAR,GB,0,69,-1.7467,-0.025314
2020_15_CAR_GB,2020,15,REG,GB,CAR,1,61,7.0377,0.115373
2020_15_CHI_MIN,2020,15,REG,CHI,MIN,0,64,8.7084,0.136068
2020_15_CHI_MIN,2020,15,REG,MIN,CHI,1,67,3.9871,0.059509
2020_15_CLE_NYG,2020,15,REG,CLE,NYG,0,64,14.8107,0.231417
2020_15_CLE_NYG,2020,15,REG,NYG,CLE,1,54,-4.1422,-0.076707
2020_15_DET_TEN,2020,15,REG,DET,TEN,0,66,9.4076,0.142539
2020_15_DET_TEN,2020,15,REG,TEN,DET,1,65,32.9974,0.507652
2020_15_HOU_IND,2020,15,REG,HOU,IND,0,69,9.4861,0.13748
2020_15_HOU_IND,2020,15,REG,IND,HOU,1,53,13.8668,0.261638
2020_15_JAX_BAL,2020,15,REG,BAL,JAX,1,64,22.2897,0.348277
2020_15_JAX_BAL,2020,15,REG,JAX,BAL,0,58,-1.581,-0.027259
2020_15_KC_NO,2020,15,REG,KC,NO,0,95,7.5526,0.079501
2020_15_KC_NO,2020,15,REG,NO,KC,1,55,-5.9686,-0.108521
2020_15_LAC_LV,2020,15,REG,LAC,LV,0,66,21.6365,0.327826
2020_15_LAC_LV,2020,15,REG,LV,LAC,1,76,9.6405,0.126849
2020_15_NE_MIA,2020,15,REG,MIA,NE,1,73,12.1227,0.166065
2020_15_NE_MIA,2020,15,REG,NE,MIA,0,55,-3.285,-0.059728
2020_15_NYJ_LA,2020,15,REG,LA,NYJ,1,59,-12.865,-0.218051
2020_15_NYJ_LA,2020,15,REG,NYJ,LA,0,62,-0.3011,-0.004856
2020_15_PHI_ARI,2020,15,REG,ARI,PHI,1,69,-0.5809,-0.008418
2020_15_PHI_ARI,2020,15,REG,PHI,ARI,0,84,6.1557,0.073283
2020_15_PIT_CIN,2020,15,REG,CIN,PIT,1,55,-6.371,-0.115836
2020_15_PIT_CIN,2020,15,REG,PIT,CIN,0,64,-17.4463,-0.272598
2020_15_SEA_WAS,2020,15,REG,SEA,WAS,0,54,5.214,0.096556
2020_15_SEA_WAS,2020,15,REG,WAS,SEA,1,80,0.2621,0.003276
2020_15_SF_DAL,2020,15,REG,DAL,SF,1,58,0.2629,0.004533
2020_15_SF_DAL,2020,15,REG,SF,DAL,0,84,6.9679,0.082951
2020_15_TB_ATL,2020,15,REG,ATL,TB,1,65,1.8245,0.028069
2020_15_TB_ATL,2020,15,REG,TB,ATL,0,66,16.2974,0.24693
2020_16_ATL_KC,2020,16,REG,ATL,KC,0,67,3.7035,0.055276
2020_16_ATL_KC,2020,16,REG,KC,ATL,1,66,1.5245,0.023099
2020_16_BUF_NE,2020,16,REG,BUF,NE,0,69,27.782,0.402637
2020_16_BUF_NE,2020,16,REG,NE,BUF,1,50,-4.3081,-0.086161
2020_16_CAR_WAS,2020,16,REG,CAR,WAS,0,63,-7.0458,-0.111839
2020_16_CAR_WAS,2020,16,REG,WAS,CAR,1,71,-8.649,-0.121817
2020_16_CHI_JAX,2020,16,REG,CHI,JAX,0,70,20.7977,0.29711
2020_16_CHI_JAX,2020,16,REG,JAX,CHI,1,56,-8.7629,-0.15648
2020_16_CIN_HOU,2020,16,REG,CIN,HOU,0,75,22.3525,0.298033
2020_16_CIN_HOU,2020,16,REG,HOU,CIN,1,52,12.874,0.247577
2020_16_CLE_NYJ,2020,16,REG,CLE,NYJ,0,79,-8.0496,-0.101893
2020_16_CLE_NYJ,2020,16,REG,NYJ,CLE,1,66,-1.1067,-0.016769
2020_16_DEN_LAC,2020,16,REG,DEN,LAC,0,76,1.5188,0.019984
2020_16_DEN_LAC,2020,16,REG,LAC,DEN,1,57,-1.2342,-0.021652
2020_16_IND_PIT,2020,16,REG,IND,PIT,0,69,1.4162,0.020525
2020_16_IND_PIT,2020,16,REG,PIT,IND,1,66,4.5815,0.069417
2020_16_LA_SEA,2020,16,REG,LA,SEA,0,75,-10.079,-0.134387
2020_16_LA_SEA,2020,16,REG,SEA,LA,1,61,0.2374,0.003892
2020_16_MIA_LV,2020,16,REG,LV,MIA,1,62,3.3557,0.054124
2020_16_MIA_LV,2020,16,REG,MIA,LV,0,63,5.5099,0.087459
2020_16_MIN_NO,2020,16,REG,MIN,NO,0,64,12.6747,0.198043
2020_16_MIN_NO,2020,16,REG,NO,MIN,1,72,28.4384,0.394978
2020_16_NYG_BAL,2020,16,REG,BAL,NYG,1,66,15.2232,0.230655
2020_16_NYG_BAL,2020,16,REG,NYG,BAL,0,64,-2.9413,-0.045958
2020_16_PHI_DAL,2020,16,REG,DAL,PHI,1,69,16.6942,0.241945
2020_16_PHI_DAL,2020,16,REG,PHI,DAL,0,73,-1.4386,-0.019706
2020_16_SF_ARI,2020,16,REG,ARI,SF,1,81,-13.627,-0.168235
2020_16_SF_ARI,2020,16,REG,SF,ARI,0,55,8.8257,0.160467
2020_16_TB_DET,2020,16,REG,DET,TB,1,53,-28.6665,-0.540877
2020_16_TB_DET,2020,16,REG,TB,DET,0,76,30.7427,0.404509
2020_16_TEN_GB,2020,16,REG,GB,TEN,1,63,22.5266,0.357565
2020_16_TEN_GB,2020,16,REG,TEN,GB,0,55,-5.9259,-0.107744
2020_17_ARI_LA,2020,17,REG,ARI,LA,0,52,-18.1082,-0.348235
2020_17_ARI_LA,2020,17,REG,LA,ARI,1,73,-7.6559,-0.104875
2020_17_ATL_TB,2020,17,REG,ATL,TB,0,72,7.0168,0.097456
2020_17_ATL_TB,2020,17,REG,TB,ATL,1,63,27.103,0.430206
2020_17_BAL_CIN,2020,17,REG,BAL,CIN,0,74,24.4077,0.329834
2020_17_BAL_CIN,2020,17,REG,CIN,BAL,1,43,-22.7427,-0.528901
2020_17_DAL_NYG,2020,17,REG,DAL,NYG,0,82,-5.3627,-0.065399
2020_17_DAL_NYG,2020,17,REG,NYG,DAL,1,55,-1.5828,-0.028779
2020_17_GB_CHI,2020,17,REG,CHI,GB,1,75,-8.2358,-0.109811
2020_17_GB_CHI,2020,17,REG,GB,CHI,0,46,22.7796,0.495208
2020_17_JAX_IND,2020,17,REG,IND,JAX,1,65,8.1476,0.125348
2020_17_JAX_IND,2020,17,REG,JAX,IND,0,65,-16.8572,-0.259341
2020_17_LAC_KC,2020,17,REG,KC,LAC,1,53,8.1165,0.153142
2020_17_LAC_KC,2020,17,REG,LAC,KC,0,69,26.0299,0.377245
2020_17_LV_DEN,2020,17,REG,DEN,LV,1,81,4.51,0.055679
2020_17_LV_DEN,2020,17,REG,LV,DEN,0,68,1.4172,0.020841
2020_17_MIA_BUF,2020,17,REG,BUF,MIA,1,60,15.148,0.252467
2020_17_MIA_BUF,2020,17,REG,MIA,BUF,0,83,-9.5503,-0.115064
2020_17_MIN_DET,2020,17,REG,DET,MIN,1,58,13.6917,0.236064
2020_17_MIN_DET,2020,17,REG,MIN,DET,0,77,24.1835,0.314071
2020_17_NO_CAR,2020,17,REG,CAR,NO,1,62,-23.3055,-0.375895
2020_17_NO_CAR,2020,17,REG,NO,CAR,0,63,10.3278,0.163933
2020_17_NYJ_NE,2020,17,REG,NE,NYJ,1,65,14.2902,0.219849
2020_17_NYJ_NE,2020,17,REG,NYJ,NE,0,63,1.308,0.020761
2020_17_PIT_CLE,2020,17,REG,CLE,PIT,1,61,10.6242,0.174167
2020_17_PIT_CLE,2020,17,REG,PIT,CLE,0,67,6.5944,0.098424
2020_17_SEA_SF,2020,17,REG,SEA,SF,0,64,5.461,0.085328
2020_17_SEA_SF,2020,17,REG,SF,SEA,1,66,-0.1564,-0.002369
2020_17_TEN_HOU,2020,17,REG,HOU,TEN,1,64,16.3906,0.256103
2020_17_TEN_HOU,2020,17,REG,TEN,HOU,0,70,19.1042,0.272917
2020_17_WAS_PHI,2020,17,REG,PHI,WAS,1,68,-15.4206,-0.226773
2020_17_WAS_PHI,2020,17,REG,WAS,PHI,0,63,-14.2291,-0.225859
2020_18_BAL_TEN,2020,18,POST,BAL,TEN,0,63,10.1116,0.160502
2020_18_BAL_TEN,2020,18,POST,TEN,BAL,1,50,-4.291,-0.08582
2020_18_CHI_NO,2020,18,POST,CHI,NO,0,49,-11.2094,-0.228764
2020_18_CHI_NO,2020,18,POST,NO,CHI,1,77,1.1762,0.015276
2020_18_CLE_PIT,2020,18,POST,CLE,PIT,0,64,13.7643,0.215068
2020_18_CLE_PIT,2020,18,POST,PIT,CLE,1,89,-1.3161,-0.014788
2020_18_IND_BUF,2020,18,POST,BUF,IND,1,59,11.7804,0.199667
2020_18_IND_BUF,2020,18,POST,IND,BUF,0,77,15.4396,0.200514
2020_18_LA_SEA,2020,18,POST,LA,SEA,0,69,-4.3058,-0.062402
2020_18_LA_SEA,2020,18,POST,SEA,LA,1,61,-18.9778,-0.311112
2020_18_TB_WAS,2020,18,POST,TB,WAS,0,70,16.7859,0.239799
2020_18_TB_WAS,2020,18,POST,WAS,TB,1,72,1.1213,0.015574
2020_19_BAL_BUF,2020,19,POST,BAL,BUF,0,75,-16.0662,-0.214216
2020_19_BAL_BUF,2020,19,POST,BUF,BAL,1,52,-5.4134,-0.104104
2020_19_CLE_KC,2020,19,POST,CLE,KC,0,64,3.6931,0.057705
2020_19_CLE_KC,2020,19,POST,KC,CLE,1,64,11.5471,0.180423
2020_19_LA_GB,2020,19,POST,GB,LA,1,73,21.6694,0.296842
2020_19_LA_GB,2020,19,POST,LA,GB,0,51,2.729,0.053509
2020_19_TB_NO,2020,19,POST,NO,TB,1,63,-14.6959,-0.233268
2020_19_TB_NO,2020,19,POST,TB,NO,0,67,3.3113,0.049422
2020_20_BUF_KC,2020,20,POST,BUF,KC,0,72,2.0711,0.028765
2020_20_BUF_KC,2020,20,POST,KC,BUF,1,61,28.4584,0.466531
2020_20_TB_GB,2020,20,POST,GB,TB,1,71,3.3061,0.046564
2020_20_TB_GB,2020,20,POST,TB,GB,0,63,8.8392,0.140305
2020_21_KC_TB,2020,21,POST,KC,TB,0,73,-8.962,-0.122767
2020_21_KC_TB,2020,21,POST,TB,KC,1,64,13.036,0.203687
2021_01_ARI_TEN,2021,1,REG,ARI,TEN,0,69,13.5624,0.196556
2021_01_ARI_TEN,2021,1,REG,TEN,ARI,1,65,-20.5911,-0.316787
2021_01_BAL_LV,2021,1,REG,BAL,LV,0,67,-2.2099,-0.032984
2021_01_BAL_LV,2021,1,REG,LV,BAL,1,84,3.181,0.037869
2021_01_CHI_LA,2021,1,REG,CHI,LA,0,69,-6.606,-0.095739
2021_01_CHI_LA,2021,1,REG,LA,CHI,1,48,17.6259,0.367206
2021_01_CLE_KC,2021,1,REG,CLE,KC,0,60,13.4074,0.223456
2021_01_CLE_KC,2021,1,REG,KC,CLE,1,63,20.1057,0.319138
2021_01_DAL_TB,2021,1,REG,DAL,TB,0,84,10.9573,0.130445
2021_01_DAL_TB,2021,1,REG,TB,DAL,1,65,3.5256,0.054241
2021_01_DEN_NYG,2021,1,REG,DEN,NYG,0,66,18.575,0.281439
2021_01_DEN_NYG,2021,1,REG,NYG,DEN,1,59,1.1446,0.019401
2021_01_GB_NO,2021,1,REG,GB,NO,0,57,-19.7941,-0.347265
2021_01_GB_NO,2021,1,REG,NO,GB,1,60,18.9491,0.315818
2021_01_JAX_HOU,2021,1,REG,HOU,JAX,1,77,11.9058,0.154621
2021_01_JAX_HOU,2021,1,REG,JAX,HOU,0,72,-4.1064,-0.057034
2021_01_LAC_WAS,2021,1,REG,LAC,WAS,0,78,7.3772,0.09458
2021_01_LAC_WAS,2021,1,REG,WAS,LAC,1,55,-2.6887,-0.048885
2021_01_MIA_NE,2021,1,REG,MIA,NE,0,51,0.3449,0.006764
2021_01_MIA_NE,2021,1,REG,NE,MIA,1,75,0.6563,0.00875
2021_01_MIN_CIN,2021,1,REG,CIN,MIN,1,68,0.492,0.007236
2021_01_MIN_CIN,2021,1,REG,MIN,CIN,0,82,3.283,0.040036
2021_01_NYJ_CAR,2021,1,REG,CAR,NYJ,1,61,-2.3682,-0.038822
2021_01_NYJ_CAR,2021,1,REG,NYJ,CAR,0,65,-9.8611,-0.151709
2021_01_PHI_ATL,2021,1,REG,ATL,PHI,1,71,-19.6794,-0.277175
2021_01_PHI_ATL,2021,1,REG,PHI,ATL,0,70,10.9989,0.157128
2021_01_PIT_BUF,2021,1,REG,BUF,PIT,1,85,-11.2584,-0.132452
2021_01_PIT_BUF,2021,1,REG,PIT,BUF,0,55,0.5714,0.01039
2021_01_SEA_IND,2021,1,REG,IND,SEA,1,76,-7.6598,-0.100786
2021_01_SEA_IND,2021,1,REG,SEA,IND,0,54,9.8655,0.182695
2021_01_SF_DET,2021,1,REG,DET,SF,1,92,-1.5375,-0.016712
2021_01_SF_DET,2021,1,REG,SF,DET,0,53,13.2695,0.250368
2021_02_ATL_TB,2021,2,REG,ATL,TB,0,72,-18.5124,-0.257117
2021_02_ATL_TB,2021,2,REG,TB,ATL,1,60,4.919,0.081983
2021_02_BUF_MIA,2021,2,REG,BUF,MIA,0,63,9.946,0.157873
2021_02_BUF_MIA,2021,2,REG,MIA,BUF,1,73,-30.4077,-0.416543
2021_02_CIN_CHI,2021,2,REG,CHI,CIN,1,62,-12.0515,-0.194379
2021_02_CIN_CHI,2021,2,REG,CIN,CHI,0,55,-18.9374,-0.344317
2021_02_DAL_LAC,2021,2,REG,DAL,LAC,0,62,7.4107,0.119527
2021_02_DAL_LAC,2021,2,REG,LAC,DAL,1,71,1.79,0.025211
2021_02_DEN_JAX,2021,2,REG,DEN,JAX,0,67,12.7888,0.190877
2021_02_DEN_JAX,2021,2,REG,JAX,DEN,1,56,-6.8771,-0.122805
2021_02_DET_GB,2021,2,REG,DET,GB,0,57,-1.0966,-0.019238
2021_02_DET_GB,2021,2,REG,GB,DET,1,61,18.8444,0.308925
2021_02_HOU_CLE,2021,2,REG,CLE,HOU,1,58,7.5735,0.130577
2021_02_HOU_CLE,2021,2,REG,HOU,CLE,0,61,9.0287,0.148012
2021_02_KC_BAL,2021,2,REG,BAL,KC,1,74,11.1917,0.151239
2021_02_KC_BAL,2021,2,REG,KC,BAL,0,51,13.5934,0.266537
2021_02_LA_IND,2021,2,REG,IND,LA,1,66,-5.2879,-0.08012
2021_02_LA_IND,2021,2,REG,LA,IND,0,60,4.5633,0.076055
2021_02_LV_PIT,2021,2,REG,LV,PIT,0,66,12.1524,0.184128
2021_02_LV_PIT,2021,2,REG,PIT,LV,1,56,0.0914,0.001631
2021_02_MIN_ARI,2021,2,REG,ARI,MIN,1,61,6.3249,0.103688
2021_02_MIN_ARI,2021,2,REG,MIN,ARI,0,61,10.6793,0.17507
2021_02_NE_NYJ,2021,2,REG,NE,NYJ,0,59,-0.8587,-0.014554
2021_02_NE_NYJ,2021,2,REG,NYJ,NE,1,72,-21.5134,-0.298797
2021_02_NO_CAR,2021,2,REG,CAR,NO,1,76,6.5869,0.086669
2021_02_NO_CAR,2021,2,REG,NO,CAR,0,43,-21.2728,-0.494716
2021_02_NYG_WAS,2021,2,REG,NYG,WAS,0,68,10.7976,0.158789
2021_02_NYG_WAS,2021,2,REG,WAS,NYG,1,70,6.6537,0.095053
2021_02_SF_PHI,2021,2,REG,PHI,SF,1,57,3.3176,0.058203
2021_02_SF_PHI,2021,2,REG,SF,PHI,0,67,6.8986,0.102964
2021_02_TEN_SEA,2021,2,REG,SEA,TEN,1,54,8.4899,0.157221
2021_02_TEN_SEA,2021,2,REG,TEN,SEA,0,87,14.4443,0.166026
2021_03_ARI_JAX,2021,3,REG,ARI,JAX,0,66,11.3437,0.171874
2021_03_ARI_JAX,2021,3,REG,JAX,ARI,1,67,-12.2705,-0.183141
2021_03_ATL_NYG,2021,3,REG,ATL,NYG,0,62,4.2869,0.069143
2021_03_ATL_NYG,2021,3,REG,NYG,ATL,1,69,2.9358,0.042547
2021_03_BAL_DET,2021,3,REG,BAL,DET,0,57,1.8555,0.032552
2021_03_BAL_DET,2021,3,REG,DET,BAL,1,63,-0.1989,-0.003157
2021_03_CAR_HOU,2021,3,REG,CAR,HOU,0,70,14.1214,0.201735
2021_03_CAR_HOU,2021,3,REG,HOU,CAR,1,54,-9.3832,-0.173764
2021_03_CHI_CLE,2021,3,REG,CHI,CLE,0,45,-20.6617,-0.459149
2021_03_CHI_CLE,2021,3,REG,CLE,CHI,1,78,1.7284,0.022159
2021_03_CIN_PIT,2021,3,REG,CIN,PIT,0,44,3.6431,0.082798
2021_03_CIN_PIT,2021,3,REG,PIT,CIN,1,83,-13.3451,-0.160784
2021_03_GB_SF,2021,3,REG,GB,SF,0,61,13.3177,0.218324
2021_03_GB_SF,2021,3,REG,SF,GB,1,70,9.7941,0.139916
2021_03_IND_TEN,2021,3,REG,IND,TEN,0,61,0.374,0.006131
2021_03_IND_TEN,2021,3,REG,TEN,IND,1,66,4.3474,0.06587
2021_03_LAC_KC,2021,3,REG,KC,LAC,1,79,4.7424,0.06003
2021_03_LAC_KC,2021,3,REG,LAC,KC,0,65,17.6627,0.271733
2021_03_MIA_LV,2021,3,REG,LV,MIA,1,81,-0.9257,-0.011428
2021_03_MIA_LV,2021,3,REG,MIA,LV,0,82,-0.9672,-0.011795
2021_03_NO_NE,2021,3,REG,NE,NO,1,72,-18.6894,-0.259575
2021_03_NO_NE,2021,3,REG,NO,NE,0,60,3.9415,0.065692
2021_03_NYJ_DEN,2021,3,REG,DEN,NYJ,1,66,2.0835,0.031568
2021_03_NYJ_DEN,2021,3,REG,NYJ,DEN,0,54,-27.7172,-0.513281
2021_03_PHI_DAL,2021,3,REG,DAL,PHI,1,73,5.7239,0.07841
2021_03_PHI_DAL,2021,3,REG,PHI,DAL,0,58,-15.2751,-0.263363
2021_03_SEA_MIN,2021,3,REG,MIN,SEA,1,75,16.6473,0.221964
2021_03_SEA_MIN,2021,3,REG,SEA,MIN,0,53,6.1093,0.115269
2021_03_TB_LA,2021,3,REG,LA,TB,1,63,14.9743,0.237687
2021_03_TB_LA,2021,3,REG,TB,LA,0,73,11.5876,0.158734
2021_03_WAS_BUF,2021,3,REG,BUF,WAS,1,76,19.3453,0.254544
2021_03_WAS_BUF,2021,3,REG,WAS,BUF,0,54,-11.5068,-0.213088
2021_04_ARI_LA,2021,4,REG,ARI,LA,0,76,21.334,0.280711
2021_04_ARI_LA,2021,4,REG,LA,ARI,1,67,2.0291,0.030285
2021_04_BAL_DEN,2021,4,REG,BAL,DEN,0,72,4.644,0.064501
2021_04_BAL_DEN,2021,4,REG,DEN,BAL,1,61,-14.1819,-0.23249
2021_04_CAR_DAL,2021,4,REG,CAR,DAL,0,70,6.6993,0.095704
2021_04_CAR_DAL,2021,4,REG,DAL,CAR,1,58,14.0015,0.241405
2021_04_CLE_MIN,2021,4,REG,CLE,MIN,0,78,-4.4975,-0.05766
2021_04_CLE_MIN,2021,4,REG,MIN,CLE,1,66,-16.0711,-0.243501
2021_04_DET_CHI,2021,4,REG,CHI,DET,1,56,11.5778,0.206747
2021_04_DET_CHI,2021,4,REG,DET,CHI,0,71,-0.2797,-0.00394
2021_04_HOU_BUF,2021,4,REG,BUF,HOU,1,70,8.166,0.116658
2021_04_HOU_BUF,2021,4,REG,HOU,BUF,0,47,-39.3042,-0.836259
2021_04_IND_MIA,2021,4,REG,IND,MIA,0,68,10.0347,0.147569
2021_04_IND_MIA,2021,4,REG,MIA,IND,1,52,-4.2564,-0.081855
2021_04_JAX_CIN,2021,4,REG,CIN,JAX,1,58,16.6915,0.287784
2021_04_JAX_CIN,2021,4,REG,JAX,CIN,0,56,11.1481,0.199073
2021_04_KC_PHI,2021,4,REG,KC,PHI,0,66,31.2443,0.473399
2021_04_KC_PHI,2021,4,REG,PHI,KC,1,74,18.225,0.246284
2021_04_LV_LAC,2021,4,REG,LAC,LV,1,74,4.2976,0.058075
2021_04_LV_LAC,2021,4,REG,LV,LAC,0,57,-10.1829,-0.178647
2021_04_NYG_NO,2021,4,REG,NO,NYG,1,68,5.2705,0.077507
2021_04_NYG_NO,2021,4,REG,NYG,NO,0,64,12.3642,0.19319
2021_04_PIT_GB,2021,4,REG,GB,PIT,1,70,2.7427,0.039181
2021_04_PIT_GB,2021,4,REG,PIT,GB,0,60,-6.6933,-0.111555
2021_04_SEA_SF,2021,4,REG,SEA,SF,0,54,0.7218,0.013368
2021_04_SEA_SF,2021,4,REG,SF,SEA,1,76,4.332,0.057
2021_04_TB_NE,2021,4,REG,NE,TB,1,58,-3.0201,-0.052071
2021_04_TB_NE,2021,4,REG,TB,NE,0,74,7.149,0.096608
2021_04_TEN_NYJ,2021,4,REG,NYJ,TEN,1,60,4.4688,0.074481
2021_04_TEN_NYJ,2021,4,REG,TEN,NYJ,0,100,3.3304,0.033304
2021_04_WAS_ATL,2021,4,REG,ATL,WAS,1,75,13.9255,0.185673
2021_04_WAS_ATL,2021,4,REG,WAS,ATL,0,66,15.811,0.239561
2021_05_BUF_KC,2021,5,REG,BUF,KC,0,54,17.737,0.328462
2021_05_BUF_KC,2021,5,REG,KC,BUF,1,86,-2.982,-0.034675
2021_05_CHI_LV,2021,5,REG,CHI,LV,0,63,1.3276,0.021072
2021_05_CHI_LV,2021,5,REG,LV,CHI,1,67,-12.2259,-0.182475
2021_05_CLE_LAC,2021,5,REG,CLE,LAC,0,71,20.3748,0.286969
2021_05_CLE_LAC,2021,5,REG,LAC,CLE,1,74,26.719,0.361068
2021_05_DEN_PIT,2021,5,REG,DEN,PIT,0,60,6.3444,0.105739
2021_05_DEN_PIT,2021,5,REG,PIT,DEN,1,64,9.2909,0.14517
2021_05_DET_MIN,2021,5,REG,DET,MIN,0,68,-12.0407,-0.177069
2021_05_DET_MIN,2021,5,REG,MIN,DET,1,66,-8.3644,-0.126733
2021_05_GB_CIN,2021,5,REG,CIN,GB,1,67,-0.9501,-0.01418
2021_05_GB_CIN,2021,5,REG,GB,CIN,0,63,9.6107,0.152551
2021_05_IND_BAL,2021,5,REG,BAL,IND,1,73,21.216,0.290631
2021_05_IND_BAL,2021,5,REG,IND,BAL,0,69,20.5434,0.297731
2021_05_LA_SEA,2021,5,REG,LA,SEA,0,66,14.1908,0.215013
2021_05_LA_SEA,2021,5,REG,SEA,LA,1,65,-0.2518,-0.003874
2021_05_MIA_TB,2021,5,REG,MIA,TB,0,54,2.3414,0.04336
2021_05_MIA_TB,2021,5,REG,TB,MIA,1,70,38.3887,0.54841
2021_05_NE_HOU,2021,5,REG,HOU,NE,1,59,11.7021,0.19834
2021_05_NE_HOU,2021,5,REG,NE,HOU,0,63,2.7325,0.043373
2021_05_NO_WAS,2021,5,REG,NO,WAS,0,55,8.3282,0.151421
2021_05_NO_WAS,2021,5,REG,WAS,NO,1,83,-10.7255,-0.129222
2021_05_NYG_DAL,2021,5,REG,DAL,NYG,1,78,15.5037,0.198766
2021_05_NYG_DAL,2021,5,REG,NYG,DAL,0,67,-7.5376,-0.112501
2021_05_NYJ_ATL,2021,5,REG,ATL,NYJ,1,77,17.0161,0.220989
2021_05_NYJ_ATL,2021,5,REG,NYJ,ATL,0,56,2.3068,0.041192
2021_05_PHI_CAR,2021,5,REG,CAR,PHI,1,71,-21.431,-0.301845
2021_05_PHI_CAR,2021,5,REG,PHI,CAR,0,65,-15.94,-0.24523
2021_05_SF_ARI,2021,5,REG,ARI,SF,1,58,-0.1392,-0.0024
2021_05_SF_ARI,2021,5,REG,SF,ARI,0,65,-12.8823,-0.198189
2021_05_TEN_JAX,2021,5,REG,JAX,TEN,1,71,-3.0588,-0.043082
2021_05_TEN_JAX,2021,5,REG,TEN,JAX,0,64,16.1442,0.252253
2021_06_ARI_CLE,2021,6,REG,ARI,CLE,0,72,19.0213,0.264184
2021_06_ARI_CLE,2021,6,REG,CLE,ARI,1,59,-17.8428,-0.30242
2021_06_BUF_TEN,2021,6,REG,BUF,TEN,0,77,12.6295,0.164019
2021_06_BUF_TEN,2021,6,REG,TEN,BUF,1,52,11.5824,0.222738
2021_06_CIN_DET,2021,6,REG,CIN,DET,0,69,14.8853,0.215729
2021_06_CIN_DET,2021,6,REG,DET,CIN,1,62,-10.9024,-0.175846
2021_06_DAL_NE,2021,6,REG,DAL,NE,0,89,9.6433,0.108352
2021_06_DAL_NE,2021,6,REG,NE,DAL,1,51,-0.9549,-0.018724
2021_06_GB_CHI,2021,6,REG,CHI,GB,1,61,1.4645,0.024009
2021_06_GB_CHI,2021,6,REG,GB,CHI,0,55,13.5013,0.245478
2021_06_HOU_IND,2021,6,REG,HOU,IND,0,75,-17.0286,-0.227048
2021_06_HOU_IND,2021,6,REG,IND,HOU,1,47,13.2927,0.282823
2021_06_KC_WAS,2021,6,REG,KC,WAS,0,82,9.9621,0.121489
2021_06_KC_WAS,2021,6,REG,WAS,KC,1,59,-10.2313,-0.173411
2021_06_LAC_BAL,2021,6,REG,BAL,LAC,1,67,2.823,0.042134
2021_06_LAC_BAL,2021,6,REG,LAC,BAL,0,56,-18.5475,-0.331205
2021_06_LA_NYG,2021,6,REG,LA,NYG,0,66,10.7686,0.16316
2021_06_LA_NYG,2021,6,REG,NYG,LA,1,75,-19.2484,-0.256646
2021_06_LV_DEN,2021,6,REG,DEN,LV,1,81,-0.1929,-0.002381
2021_06_LV_DEN,2021,6,REG,LV,DEN,0,54,15.3046,0.283419
2021_06_MIA_JAX,2021,6,REG,JAX,MIA,1,65,3.6412,0.056018
2021_06_MIA_JAX,2021,6,REG,MIA,JAX,0,69,6.9546,0.100792
2021_06_MIN_CAR,2021,6,REG,CAR,MIN,1,73,-13.1402,-0.180003
2021_06_MIN_CAR,2021,6,REG,MIN,CAR,0,88,5.7986,0.065893
2021_06_SEA_PIT,2021,6,REG,PIT,SEA,1,74,-3.3381,-0.04511
2021_06_SEA_PIT,2021,6,REG,SEA,PIT,0,63,-4.1949,-0.066586
2021_06_TB_PHI,2021,6,REG,PHI,TB,1,52,5.8966,0.113395
2021_06_TB_PHI,2021,6,REG,TB,PHI,0,72,18.1824,0.252534
2021_07_ATL_MIA,2021,7,REG,ATL,MIA,0,61,7.0906,0.11624
2021_07_ATL_MIA,2021,7,REG,MIA,ATL,1,73,5.2558,0.071997
2021_07_CAR_NYG,2021,7,REG,CAR,NYG,0,64,-24.0292,-0.375456
2021_07_CAR_NYG,2021,7,REG,NYG,CAR,1,69,-8.3149,-0.120506
2021_07_CHI_TB,2021,7,REG,CHI,TB,0,66,-29.8443,-0.452186
2021_07_CHI_TB,2021,7,REG,TB,CHI,1,73,10.5261,0.144194
2021_07_CIN_BAL,2021,7,REG,BAL,CIN,1,73,-11.1955,-0.153363
2021_07_CIN_BAL,2021,7,REG,CIN,BAL,0,62,18.736,0.302194
2021_07_DEN_CLE,2021,7,REG,CLE,DEN,1,70,12.2188,0.174555
2021_07_DEN_CLE,2021,7,REG,DEN,CLE,0,50,5.1484,0.102967
2021_07_DET_LA,2021,7,REG,DET,LA,0,69,1.8249,0.026448
2021_07_DET_LA,2021,7,REG,LA,DET,1,63,14.7158,0.233585
2021_07_HOU_ARI,2021,7,REG,ARI,HOU,1,69,8.8607,0.128415
2021_07_HOU_ARI,2021,7,REG,HOU,ARI,0,56,-29.4567,-0.526012
2021_07_IND_SF,2021,7,REG,IND,SF,0,68,0.3725,0.005477
2021_07_IND_SF,2021,7,REG,SF,IND,1,55,-16.3701,-0.297639
2021_07_KC_TEN,2021,7,REG,KC,TEN,0,71,-8.7959,-0.123886
2021_07_KC_TEN,2021,7,REG,TEN,KC,1,66,13.0323,0.197459
2021_07_NO_SEA,2021,7,REG,NO,SEA,0,72,-8.1789,-0.113596
2021_07_NO_SEA,2021,7,REG,SEA,NO,1,55,-6.8393,-0.12435
2021_07_NYJ_NE,2021,7,REG,NE,NYJ,1,73,35.085,0.480616
2021_07_NYJ_NE,2021,7,REG,NYJ,NE,0,66,-4.7788,-0.072407
2021_07_PHI_LV,2021,7,REG,LV,PHI,1,65,12.8702,0.198002
2021_07_PHI_LV,2021,7,REG,PHI,LV,0,68,1.9399,0.028528
2021_07_WAS_GB,2021,7,REG,GB,WAS,1,56,4.5523,0.08129
2021_07_WAS_GB,2021,7,REG,WAS,GB,0,70,-5.4733,-0.07819
2021_08_CAR_ATL,2021,8,REG,ATL,CAR,1,53,-7.6089,-0.143565
2021_08_CAR_ATL,2021,8,REG,CAR,ATL,0,73,2.6752,0.036646
2021_08_CIN_NYJ,2021,8,REG,CIN,NYJ,0,54,1.4757,0.027327
2021_08_CIN_NYJ,2021,8,REG,NYJ,CIN,1,81,6.8413,0.08446
2021_08_DAL_MIN,2021,8,REG,DAL,MIN,0,73,1.6346,0.022392
2021_08_DAL_MIN,2021,8,REG,MIN,DAL,1,65,-11.3518,-0.174642
2021_08_GB_ARI,2021,8,REG,ARI,GB,1,59,4.0952,0.06941
2021_08_GB_ARI,2021,8,REG,GB,ARI,0,72,6.3548,0.088262
2021_08_JAX_SEA,2021,8,REG,JAX,SEA,0,75,-10.3624,-0.138166
2021_08_JAX_SEA,2021,8,REG,SEA,JAX,1,56,3.7353,0.066702
2021_08_LA_HOU,2021,8,REG,HOU,LA,1,61,-7.9049,-0.129589
2021_08_LA_HOU,2021,8,REG,LA,HOU,0,67,17.5906,0.262546
2021_08_MIA_BUF,2021,8,REG,BUF,MIA,1,72,3.7674,0.052325
2021_08_MIA_BUF,2021,8,REG,MIA,BUF,0,69,-5.9281,-0.085915
2021_08_NE_LAC,2021,8,REG,LAC,NE,1,59,-3.4022,-0.057665
2021_08_NE_LAC,2021,8,REG,NE,LAC,0,76,-3.2227,-0.042403
2021_08_NYG_KC,2021,8,REG,KC,NYG,1,80,-0.4986,-0.006232
2021_08_NYG_KC,2021,8,REG,NYG,KC,0,59,-1.6063,-0.027225
2021_08_PHI_DET,2021,8,REG,DET,PHI,1,62,-25.0187,-0.403527
2021_08_PHI_DET,2021,8,REG,PHI,DET,0,64,15.7889,0.246702
2021_08_PIT_CLE,2021,8,REG,CLE,PIT,1,59,-4.4828,-0.075979
2021_08_PIT_CLE,2021,8,REG,PIT,CLE,0,74,2.4115,0.032588
2021_08_SF_CHI,2021,8,REG,CHI,SF,1,70,6.4003,0.091433
2021_08_SF_CHI,2021,8,REG,SF,CHI,0,52,23.27,0.447501
2021_08_TB_NO,2021,8,REG,NO,TB,1,75,6.8307,0.091076
2021_08_TB_NO,2021,8,REG,TB,NO,0,61,-4.0524,-0.066433
2021_08_TEN_IND,2021,8,REG,IND,TEN,1,80,-4.3647,-0.054559
2021_08_TEN_IND,2021,8,REG,TEN,IND,0,72,3.5008,0.048623
2021_08_WAS_DEN,2021,8,REG,DEN,WAS,1,53,2.9449,0.055563
2021_08_WAS_DEN,2021,8,REG,WAS,DEN,0,70,-0.2556,-0.003652
2021_09_ARI_SF,2021,9,REG,ARI,SF,0,69,17.6568,0.255896
2021_09_ARI_SF,2021,9,REG,SF,ARI,1,59,-5.3696,-0.09101
2021_09_ATL_NO,2021,9,REG,ATL,NO,0,57,4.1855,0.07343
2021_09_ATL_NO,2021,9,REG,NO,ATL,1,76,-4.9735,-0.06544
2021_09_BUF_JAX,2021,9,REG,BUF,JAX,0,67,-13.1368,-0.196072
2021_09_BUF_JAX,2021,9,REG,JAX,BUF,1,60,-8.7447,-0.145745
2021_09_CHI_PIT,2021,9,REG,CHI,PIT,0,62,3.3456,0.053961
2021_09_CHI_PIT,2021,9,REG,PIT,CHI,1,70,6.3393,0.090562
2021_09_CLE_CIN,2021,9,REG,CIN,CLE,1,75,-20.9588,-0.279451
2021_09_CLE_CIN,2021,9,REG,CLE,CIN,0,48,14.8286,0.308929
2021_09_DEN_DAL,2021,9,REG,DAL,DEN,1,62,-10.6064,-0.171071
2021_09_DEN_DAL,2021,9,REG,DEN,DAL,0,76,11.6535,0.153336
2021_09_GB_KC,2021,9,REG,GB,KC,0,63,-0.688,-0.010921
2021_09_GB_KC,2021,9,REG,KC,GB,1,63,-6.9517,-0.110344
2021_09_HOU_MIA,2021,9,REG,HOU,MIA,0,68,-22.8374,-0.335845
2021_09_HOU_MIA,2021,9,REG,MIA,HOU,1,75,-12.3355,-0.164473
2021_09_LAC_PHI,2021,9,REG,LAC,PHI,0,68,17.908,0.263352
2021_09_LAC_PHI,2021,9,REG,PHI,LAC,1,57,12.7168,0.223102
2021_09_LV_NYG,2021,9,REG,LV,NYG,0,69,-3.7756,-0.054719
2021_09_LV_NYG,2021,9,REG,NYG,LV,1,55,-1.525,-0.027726
2021_09_MIN_BAL,2021,9,REG,BAL,MIN,1,98,13.1496,0.13418
2021_09_MIN_BAL,2021,9,REG,MIN,BAL,0,55,10.2365,0.186118
2021_09_NE_CAR,2021,9,REG,CAR,NE,1,59,-30.2063,-0.51197
2021_09_NE_CAR,2021,9,REG,NE,CAR,0,59,-1.9915,-0.033754
2021_09_NYJ_IND,2021,9,REG,IND,NYJ,1,61,26.5941,0.435969
2021_09_NYJ_IND,2021,9,REG,NYJ,IND,0,76,15.88,0.208947
2021_09_TEN_LA,2021,9,REG,LA,TEN,1,78,-18.6704,-0.239364
2021_09_TEN_LA,2021,9,REG,TEN,LA,0,57,-1.079,-0.018929
2021_10_ATL_DAL,2021,10,REG,ATL,DAL,0,54,-25.8482,-0.47867
2021_10_ATL_DAL,2021,10,REG,DAL,ATL,1,74,11.4146,0.154251
2021_10_BAL_MIA,2021,10,REG,BAL,MIA,0,70,-15.4581,-0.22083
2021_10_BAL_MIA,2021,10,REG,MIA,BAL,1,66,-4.9411,-0.074866
2021_10_BUF_NYJ,2021,10,REG,BUF,NYJ,0,55,21.4713,0.390388
2021_10_BUF_NYJ,2021,10,REG,NYJ,BUF,1,77,-10.2565,-0.133201
2021_10_CAR_ARI,2021,10,REG,ARI,CAR,1,55,-29.6801,-0.539638
2021_10_CAR_ARI,2021,10,REG,CAR,ARI,0,74,-0.7515,-0.010155
2021_10_CLE_NE,2021,10,REG,CLE,NE,0,59,-9.6525,-0.163603
2021_10_CLE_NE,2021,10,REG,NE,CLE,1,64,29.5872,0.4623
2021_10_DET_PIT,2021,10,REG,DET,PIT,0,71,-6.9841,-0.098367
2021_10_DET_PIT,2021,10,REG,PIT,DET,1,85,-10.6139,-0.124869
2021_10_JAX_IND,2021,10,REG,IND,JAX,1,61,-4.6559,-0.076325
2021_10_JAX_IND,2021,10,REG,JAX,IND,0,66,-1.5312,-0.0232
2021_10_KC_LV,2021,10,REG,KC,LV,0,75,27.6545,0.368726
2021_10_KC_LV,2021,10,REG,LV,KC,1,54,-7.092,-0.131333
2021_10_LA_SF,2021,10,REG,LA,SF,0,56,-10.4761,-0.187074
2021_10_LA_SF,2021,10,REG,SF,LA,1,67,11.2844,0.168424
2021_10_MIN_LAC,2021,10,REG,LAC,MIN,1,59,-2.449,-0.041509
2021_10_MIN_LAC,2021,10,REG,MIN,LAC,0,76,5.6755,0.074677
2021_10_NO_TEN,2021,10,REG,NO,TEN,0,67,7.0408,0.105087
2021_10_NO_TEN,2021,10,REG,TEN,NO,1,58,-0.6661,-0.011484
2021_10_PHI_DEN,2021,10,REG,DEN,PHI,1,58,-12.7458,-0.219755
2021_10_PHI_DEN,2021,10,REG,PHI,DEN,0,61,8.1937,0.134323
2021_10_SEA_GB,2021,10,REG,GB,SEA,1,74,4.2906,0.05798
2021_10_SEA_GB,2021,10,REG,SEA,GB,0,61,-17.0959,-0.28026
2021_10_TB_WAS,2021,10,REG,TB,WAS,0,48,-1.9686,-0.041012
2021_10_TB_WAS,2021,10,REG,WAS,TB,1,73,4.3411,0.059467
2021_11_ARI_SEA,2021,11,REG,ARI,SEA,0,81,17.5831,0.217076
2021_11_ARI_SEA,2021,11,REG,SEA,ARI,1,49,-5.6845,-0.116011
2021_11_BAL_CHI,2021,11,REG,BAL,CHI,0,81,-4.7789,-0.058999
2021_11_BAL_CHI,2021,11,REG,CHI,BAL,1,59,-1.2182,-0.020647
2021_11_CIN_LV,2021,11,REG,CIN,LV,0,74,5.7894,0.078235
2021_11_CIN_LV,2021,11,REG,LV,CIN,1,47,-12.9373,-0.275261
2021_11_DAL_KC,2021,11,REG,DAL,KC,0,66,-15.7621,-0.238819
2021_11_DAL_KC,2021,11,REG,KC,DAL,1,66,-7.4509,-0.112892
2021_11_DET_CLE,2021,11,REG,CLE,DET,1,72,-1.8855,-0.026187
2021_11_DET_CLE,2021,11,REG,DET,CLE,0,48,-11.5372,-0.240358
2021_11_GB_MIN,2021,11,REG,GB,MIN,0,58,21.9837,0.37903
2021_11_GB_MIN,2021,11,REG,MIN,GB,1,67,22.9225,0.342127
2021_11_HOU_TEN,2021,11,REG,HOU,TEN,0,64,-5.1783,-0.080911
2021_11_HOU_TEN,2021,11,REG,TEN,HOU,1,80,-14.3049,-0.178811
2021_11_IND_BUF,2021,11,REG,BUF,IND,1,56,-0.8009,-0.014303
2021_11_IND_BUF,2021,11,REG,IND,BUF,0,69,20.1232,0.291641
2021_11_MIA_NYJ,2021,11,REG,MIA,NYJ,0,71,13.6579,0.192365
2021_11_MIA_NYJ,2021,11,REG,NYJ,MIA,1,60,2.5273,0.042121
2021_11_NE_ATL,2021,11,REG,ATL,NE,1,54,-30.035,-0.556203
2021_11_NE_ATL,2021,11,REG,NE,ATL,0,61,-2.565,-0.04205
2021_11_NO_PHI,2021,11,REG,NO,PHI,0,64,-10.7731,-0.168329
2021_11_NO_PHI,2021,11,REG,PHI,NO,1,76,-0.7254,-0.009545
2021_11_NYG_TB,2021,11,REG,NYG,TB,0,58,-19.0084,-0.327732
2021_11_NYG_TB,2021,11,REG,TB,NYG,1,77,7.1588,0.092972
2021_11_PIT_LAC,2021,11,REG,LAC,PIT,1,73,18.5427,0.25401
2021_11_PIT_LAC,2021,11,REG,PIT,LAC,0,69,4.0169,0.058216
2021_11_SF_JAX,2021,11,REG,JAX,SF,1,46,-3.8935,-0.084642
2021_11_SF_JAX,2021,11,REG,SF,JAX,0,67,16.5992,0.247749
2021_11_WAS_CAR,2021,11,REG,CAR,WAS,1,50,5.6444,0.112889
2021_11_WAS_CAR,2021,11,REG,WAS,CAR,0,65,13.9204,0.21416
2021_12_ATL_JAX,2021,12,REG,ATL,JAX,0,58,7.1234,0.122817
2021_12_ATL_JAX,2021,12,REG,JAX,ATL,1,73,-2.4009,-0.032889
2021_12_BUF_NO,2021,12,REG,BUF,NO,0,66,8.268,0.125273
2021_12_BUF_NO,2021,12,REG,NO,BUF,1,57,-19.4163,-0.340637
2021_12_CAR_MIA,2021,12,REG,CAR,MIA,0,56,-18.9374,-0.338168
2021_12_CAR_MIA,2021,12,REG,MIA,CAR,1,72,2.5539,0.035471
2021_12_CHI_DET,2021,12,REG,CHI,DET,0,67,1.7455,0.026053
2021_12_CHI_DET,2021,12,REG,DET,CHI,1,49,-4.3214,-0.088192
2021_12_CLE_BAL,2021,12,REG,BAL,CLE,1,77,-10.1935,-0.132383
2021_12_CLE_BAL,2021,12,REG,CLE,BAL,0,60,-8.6341,-0.143902
2021_12_LAC_DEN,2021,12,REG,DEN,LAC,1,60,5.9317,0.098861
2021_12_LAC_DEN,2021,12,REG,LAC,DEN,0,71,-4.862,-0.068479
2021_12_LA_GB,2021,12,REG,GB,LA,1,81,4.2272,0.052188
2021_12_LA_GB,2021,12,REG,LA,GB,0,61,-7.1751,-0.117624
2021_12_LV_DAL,2021,12,REG,DAL,LV,1,74,6.2069,0.083877
2021_12_LV_DAL,2021,12,REG,LV,DAL,0,86,12.941,0.150477
2021_12_MIN_SF,2021,12,REG,MIN,SF,0,55,-5.3472,-0.097221
2021_12_MIN_SF,2021,12,REG,SF,MIN,1,68,7.3118,0.107526
2021_12_NYJ_HOU,2021,12,REG,HOU,NYJ,1,57,-13.3936,-0.234975
2021_12_NYJ_HOU,2021,12,REG,NYJ,HOU,0,66,-3.3189,-0.050286
2021_12_PHI_NYG,2021,12,REG,NYG,PHI,1,59,-2.0991,-0.035578
2021_12_PHI_NYG,2021,12,REG,PHI,NYG,0,66,-13.5366,-0.2051
2021_12_PIT_CIN,2021,12,REG,CIN,PIT,1,68,11.6161,0.170826
2021_12_PIT_CIN,2021,12,REG,PIT,CIN,0,62,-19.2898,-0.311126
2021_12_SEA_WAS,2021,12,REG,SEA,WAS,0,47,-2.7192,-0.057856
2021_12_SEA_WAS,2021,12,REG,WAS,SEA,1,82,3.2012,0.039039
2021_12_TB_IND,2021,12,REG,IND,TB,1,69,-0.8572,-0.012423
2021_12_TB_IND,2021,12,REG,TB,IND,0,66,11.232,0.170182
2021_12_TEN_NE,2021,12,REG,NE,TEN,1,59,13.2508,0.22459
2021_12_TEN_NE,2021,12,REG,TEN,NE,0,62,-4.8203,-0.077747
2021_13_ARI_CHI,2021,13,REG,ARI,CHI,0,54,8.5424,0.158192
2021_13_ARI_CHI,2021,13,REG,CHI,ARI,1,76,-9.6459,-0.12692
2021_13_BAL_PIT,2021,13,REG,BAL,PIT,0,74,6.9185,0.093494
2021_13_BAL_PIT,2021,13,REG,PIT,BAL,1,58,7.3081,0.126002
2021_13_DAL_NO,2021,13,REG,DAL,NO,0,67,-8.8187,-0.131622
2021_13_DAL_NO,2021,13,REG,NO,DAL,1,70,-19.9482,-0.284975
2021_13_DEN_KC,2021,13,REG,DEN,KC,0,77,-12.0987,-0.157126
2021_13_DEN_KC,2021,13,REG,KC,DEN,1,55,-5.2345,-0.095173
2021_13_IND_HOU,2021,13,REG,HOU,IND,1,52,-32.2977,-0.62111
2021_13_IND_HOU,2021,13,REG,IND,HOU,0,70,10.9067,0.15581
2021_13_JAX_LA,2021,13,REG,JAX,LA,0,59,-19.1646,-0.324823
2021_13_JAX_LA,2021,13,REG,LA,JAX,1,68,16.0069,0.235396
2021_13_LAC_CIN,2021,13,REG,CIN,LAC,1,75,-24.3792,-0.325056
2021_13_LAC_CIN,2021,13,REG,LAC,CIN,0,64,-1.084,-0.016937
2021_13_MIN_DET,2021,13,REG,DET,MIN,1,70,-3.5113,-0.050161
2021_13_MIN_DET,2021,13,REG,MIN,DET,0,75,1.1753,0.01567
2021_13_NE_BUF,2021,13,REG,BUF,NE,1,58,-12.1188,-0.208946
2021_13_NE_BUF,2021,13,REG,NE,BUF,0,49,-0.9462,-0.019311
2021_13_NYG_MIA,2021,13,REG,MIA,NYG,1,68,-1.9823,-0.029151
2021_13_NYG_MIA,2021,13,REG,NYG,MIA,0,63,-9.7306,-0.154454
2021_13_PHI_NYJ,2021,13,REG,NYJ,PHI,1,57,1.582,0.027755
2021_13_PHI_NYJ,2021,13,REG,PHI,NYJ,0,71,17.8931,0.252015
2021_13_SF_SEA,2021,13,REG,SEA,SF,1,70,-3.431,-0.049014
2021_13_SF_SEA,2021,13,REG,SF,SEA,0,57,-1.4319,-0.02512
2021_13_TB_ATL,2021,13,REG,ATL,TB,1,71,-4.6775,-0.06588
2021_13_TB_ATL,2021,13,REG,TB,ATL,0,69,13.4979,0.195622
2021_13_WAS_LV,2021,13,REG,LV,WAS,1,59,0.9165,0.015534
2021_13_WAS_LV,2021,13,REG,WAS,LV,0,66,6.3392,0.096049
2021_14_ATL_CAR,2021,14,REG,ATL,CAR,0,66,2.4086,0.036494
2021_14_ATL_CAR,2021,14,REG,CAR,ATL,1,64,-9.6699,-0.151092
2021_14_BAL_CLE,2021,14,REG,BAL,CLE,0,73,-11.2112,-0.153579
2021_14_BAL_CLE,2021,14,REG,CLE,BAL,1,63,-0.2186,-0.00347
2021_14_BUF_TB,2021,14,REG,BUF,TB,0,79,6.3673,0.080599
2021_14_BUF_TB,2021,14,REG,TB,BUF,1,80,16.2361,0.202951
2021_14_CHI_GB,2021,14,REG,CHI,GB,0,62,-6.3381,-0.102227
2021_14_CHI_GB,2021,14,REG,GB,CHI,1,63,18.8513,0.299226
2021_14_DAL_WAS,2021,14,REG,DAL,WAS,0,82,-11.1105,-0.135493
2021_14_DAL_WAS,2021,14,REG,WAS,DAL,1,67,-28.1671,-0.420404
2021_14_DET_DEN,2021,14,REG,DEN,DET,1,67,17.929,0.267597
2021_14_DET_DEN,2021,14,REG,DET,DEN,0,63,-9.6443,-0.153084
2021_14_JAX_TEN,2021,14,REG,JAX,TEN,0,55,-25.0066,-0.454665
2021_14_JAX_TEN,2021,14,REG,TEN,JAX,1,68,1.1526,0.01695
2021_14_LA_ARI,2021,14,REG,ARI,LA,1,78,-6.0974,-0.078171
2021_14_LA_ARI,2021,14,REG,LA,ARI,0,58,10.8076,0.186338
2021_14_LV_KC,2021,14,REG,KC,LV,1,63,24.2533,0.384973
2021_14_LV_KC,2021,14,REG,LV,KC,0,64,-16.0708,-0.251106
2021_14_NO_NYJ,2021,14,REG,NO,NYJ,0,70,10.3153,0.147362
2021_14_NO_NYJ,2021,14,REG,NYJ,NO,1,66,-18.384,-0.278545
2021_14_NYG_LAC,2021,14,REG,LAC,NYG,1,69,15.4207,0.223489
2021_14_NYG_LAC,2021,14,REG,NYG,LAC,0,69,-3.0566,-0.044299
2021_14_PIT_MIN,2021,14,REG,MIN,PIT,1,70,-0.5634,-0.008049
2021_14_PIT_MIN,2021,14,REG,PIT,MIN,0,73,-2.8099,-0.038492
2021_14_SEA_HOU,2021,14,REG,HOU,SEA,1,80,-11.8473,-0.148091
2021_14_SEA_HOU,2021,14,REG,SEA,HOU,0,61,20.1386,0.330141
2021_14_SF_CIN,2021,14,REG,CIN,SF,1,66,8.509,0.128925
2021_14_SF_CIN,2021,14,REG,SF,CIN,0,71,6.1153,0.086131
2021_15_ARI_DET,2021,15,REG,ARI,DET,0,74,-12.6579,-0.171053
2021_15_ARI_DET,2021,15,REG,DET,ARI,1,65,5.2586,0.080901
2021_15_ATL_SF,2021,15,REG,ATL,SF,0,59,-11.8134,-0.200227
2021_15_ATL_SF,2021,15,REG,SF,ATL,1,57,17.8722,0.313548
2021_15_CAR_BUF,2021,15,REG,BUF,CAR,1,68,5.3522,0.07871
2021_15_CAR_BUF,2021,15,REG,CAR,BUF,0,76,-11.3183,-0.148925
2021_15_CIN_DEN,2021,15,REG,CIN,DEN,0,52,-2.546,-0.048962
2021_15_CIN_DEN,2021,15,REG,DEN,CIN,1,75,-9.7125,-0.1295
2021_15_DAL_NYG,2021,15,REG,DAL,NYG,0,69,2.5193,0.036511
2021_15_DAL_NYG,2021,15,REG,NYG,DAL,1,63,-18.9227,-0.30036
2021_15_GB_BAL,2021,15,REG,BAL,GB,1,69,14.1257,0.20472
2021_15_GB_BAL,2021,15,REG,GB,BAL,0,60,23.1383,0.385638
2021_15_HOU_JAX,2021,15,REG,HOU,JAX,0,59,-2.7379,-0.046405
2021_15_HOU_JAX,2021,15,REG,JAX,HOU,1,69,-6.5774,-0.095325
2021_15_KC_LAC,2021,15,REG,KC,LAC,0,70,13.2399,0.189141
2021_15_KC_LAC,2021,15,REG,LAC,KC,1,79,-0.234,-0.002962
2021_15_LV_CLE,2021,15,REG,CLE,LV,1,55,-1.3517,-0.024577
2021_15_LV_CLE,2021,15,REG,LV,CLE,0,69,-1.0719,-0.015535
2021_15_MIN_CHI,2021,15,REG,CHI,MIN,1,71,-11.9945,-0.168937
2021_15_MIN_CHI,2021,15,REG,MIN,CHI,0,63,-3.7515,-0.059547
2021_15_NE_IND,2021,15,REG,IND,NE,1,50,0.137,0.00274
2021_15_NE_IND,2021,15,REG,NE,IND,0,68,-6.9101,-0.10162
2021_15_NO_TB,2021,15,REG,NO,TB,0,61,-18.0554,-0.29599
2021_15_NO_TB,2021,15,REG,TB,NO,1,74,-20.005,-0.270338
2021_15_NYJ_MIA,2021,15,REG,MIA,NYJ,1,69,-1.1641,-0.016871
2021_15_NYJ_MIA,2021,15,REG,NYJ,MIA,0,56,-8.6985,-0.155331
2021_15_SEA_LA,2021,15,REG,LA,SEA,1,63,-2.5837,-0.041011
2021_15_SEA_LA,2021,15,REG,SEA,LA,0,57,-11.5217,-0.202135
2021_15_TEN_PIT,2021,15,REG,PIT,TEN,1,48,-7.6493,-0.15936
2021_15_TEN_PIT,2021,15,REG,TEN,PIT,0,80,-17.9896,-0.22487
2021_15_WAS_PHI,2021,15,REG,PHI,WAS,1,71,7.7379,0.108984
2021_15_WAS_PHI,2021,15,REG,WAS,PHI,0,55,-4.6698,-0.084905
2021_16_BAL_CIN,2021,16,REG,BAL,CIN,0,59,5.2188,0.088455
2021_16_BAL_CIN,2021,16,REG,CIN,BAL,1,75,33.5753,0.447671
2021_16_BUF_NE,2021,16,REG,BUF,NE,0,77,21.0721,0.273664
2021_16_BUF_NE,2021,16,REG,NE,BUF,1,63,6.48,0.102858
2021_16_CHI_SEA,2021,16,REG,CHI,SEA,0,73,8.138,0.11148
2021_16_CHI_SEA,2021,16,REG,SEA,CHI,1,56,6.7811,0.121091
2021_16_CLE_GB,2021,16,REG,CLE,GB,0,67,9.1433,0.136467
2021_16_CLE_GB,2021,16,REG,GB,CLE,1,58,8.591,0.148121
2021_16_DEN_LV,2021,16,REG,DEN,LV,0,42,-8.6394,-0.2057
2021_16_DEN_LV,2021,16,REG,LV,DEN,1,65,-4.4617,-0.068642
2021_16_DET_ATL,2021,16,REG,ATL,DET,1,45,1.8889,0.041976
2021_16_DET_ATL,2021,16,REG,DET,ATL,0,68,5.7977,0.085261
2021_16_IND_ARI,2021,16,REG,ARI,IND,1,65,2.6868,0.041335
2021_16_IND_ARI,2021,16,REG,IND,ARI,0,68,3.871,0.056926
2021_16_JAX_NYJ,2021,16,REG,JAX,NYJ,0,73,10.8108,0.148093
2021_16_JAX_NYJ,2021,16,REG,NYJ,JAX,1,59,8.5591,0.145069
2021_16_LAC_HOU,2021,16,REG,HOU,LAC,1,67,20.8681,0.311464
2021_16_LAC_HOU,2021,16,REG,LAC,HOU,0,62,4.0933,0.066021
2021_16_LA_MIN,2021,16,REG,LA,MIN,0,69,-2.9104,-0.04218
2021_16_LA_MIN,2021,16,REG,MIN,LA,1,62,-3.7924,-0.061167
2021_16_MIA_NO,2021,16,REG,MIA,NO,0,65,-6.5771,-0.101187
2021_16_MIA_NO,2021,16,REG,NO,MIA,1,52,-34.3669,-0.660901
2021_16_NYG_PHI,2021,16,REG,NYG,PHI,0,76,-26.1228,-0.343721
2021_16_NYG_PHI,2021,16,REG,PHI,NYG,1,63,-0.2158,-0.003425
2021_16_PIT_KC,2021,16,REG,KC,PIT,1,69,14.574,0.211217
2021_16_PIT_KC,2021,16,REG,PIT,KC,0,71,-14.621,-0.20593
2021_16_SF_TEN,2021,16,REG,SF,TEN,0,60,2.3641,0.039401
2021_16_SF_TEN,2021,16,REG,TEN,SF,1,62,0.5211,0.008404
2021_16_TB_CAR,2021,16,REG,CAR,TB,1,70,-21.3763,-0.305376
2021_16_TB_CAR,2021,16,REG,TB,CAR,0,67,12.5681,0.187583
2021_16_WAS_DAL,2021,16,REG,DAL,WAS,1,72,24.6895,0.342909
2021_16_WAS_DAL,2021,16,REG,WAS,DAL,0,59,-17.2803,-0.292886
2021_17_ARI_DAL,2021,17,REG,ARI,DAL,0,74,11.9292,0.161205
2021_17_ARI_DAL,2021,17,REG,DAL,ARI,1,64,2.5629,0.040045
2021_17_ATL_BUF,2021,17,REG,ATL,BUF,0,53,-7.3066,-0.137861
2021_17_ATL_BUF,2021,17,REG,BUF,ATL,1,73,7.9682,0.109153
2021_17_CAR_NO,2021,17,REG,CAR,NO,0,61,-15.8223,-0.259382
2021_17_CAR_NO,2021,17,REG,NO,CAR,1,54,-7.2222,-0.133744
2021_17_CLE_PIT,2021,17,REG,CLE,PIT,0,71,-13.2729,-0.186943
2021_17_CLE_PIT,2021,17,REG,PIT,CLE,1,80,-5.8777,-0.073472
2021_17_DEN_LAC,2021,17,REG,DEN,LAC,0,60,-6.3756,-0.106261
2021_17_DEN_LAC,2021,17,REG,LAC,DEN,1,65,10.1663,0.156404
2021_17_DET_SEA,2021,17,REG,DET,SEA,0,63,2.056,0.032635
2021_17_DET_SEA,2021,17,REG,SEA,DET,1,70,28.5638,0.408054
2021_17_HOU_SF,2021,17,REG,HOU,SF,0,67,-12.239,-0.182672
2021_17_HOU_SF,2021,17,REG,SF,HOU,1,63,2.7809,0.044141
2021_17_JAX_NE,2021,17,REG,JAX,NE,0,47,-12.4078,-0.263996
2021_17_JAX_NE,2021,17,REG,NE,JAX,1,72,29.0954,0.404102
2021_17_KC_CIN,2021,17,REG,CIN,KC,1,68,25.8172,0.379664
2021_17_KC_CIN,2021,17,REG,KC,CIN,0,61,20.8454,0.341729
2021_17_LA_BAL,2021,17,REG,BAL,LA,1,69,-2.2099,-0.032027
2021_17_LA_BAL,2021,17,REG,LA,BAL,0,57,4.0715,0.071431
2021_17_LV_IND,2021,17,REG,IND,LV,1,58,-2.2378,-0.038582
2021_17_LV_IND,2021,17,REG,LV,IND,0,62,3.638,0.058677
2021_17_MIA_TEN,2021,17,REG,MIA,TEN,0,62,-19.0793,-0.30773
2021_17_MIA_TEN,2021,17,REG,TEN,MIA,1,63,4.4731,0.071001
2021_17_MIN_GB,2021,17,REG,GB,MIN,1,74,17.0486,0.230387
2021_17_MIN_GB,2021,17,REG,MIN,GB,0,54,-14.9764,-0.277341
2021_17_NYG_CHI,2021,17,REG,CHI,NYG,1,65,-8.8745,-0.13653
2021_17_NYG_CHI,2021,17,REG,NYG,CHI,0,56,-34.3404,-0.613222
2021_17_PHI_WAS,2021,17,REG,PHI,WAS,0,60,9.6644,0.161074
2021_17_PHI_WAS,2021,17,REG,WAS,PHI,1,62,-0.5535,-0.008927
2021_17_TB_NYJ,2021,17,REG,NYJ,TB,1,61,8.7113,0.142808
2021_17_TB_NYJ,2021,17,REG,TB,NYJ,0,73,18.0622,0.247427
2021_18_CAR_TB,2021,18,REG,CAR,TB,0,71,-14.2812,-0.201143
2021_18_CAR_TB,2021,18,REG,TB,CAR,1,59,17.4812,0.296291
2021_18_CHI_MIN,2021,18,REG,CHI,MIN,0,82,-20.9347,-0.255302
2021_18_CHI_MIN,2021,18,REG,MIN,CHI,1,47,3.6464,0.077583
2021_18_CIN_CLE,2021,18,REG,CIN,CLE,0,54,-8.1947,-0.151753
2021_18_CIN_CLE,2021,18,REG,CLE,CIN,1,65,-0.5184,-0.007975
2021_18_DAL_PHI,2021,18,REG,DAL,PHI,0,59,36.4465,0.617737
2021_18_DAL_PHI,2021,18,REG,PHI,DAL,1,73,5.1393,0.070402
2021_18_GB_DET,2021,18,REG,DET,GB,1,59,9.2734,0.157177
2021_18_GB_DET,2021,18,REG,GB,DET,0,67,1.3283,0.019825
2021_18_IND_JAX,2021,18,REG,IND,JAX,0,57,-16.7587,-0.294012
2021_18_IND_JAX,2021,18,REG,JAX,IND,1,64,5.0422,0.078784
2021_18_KC_DEN,2021,18,REG,DEN,KC,1,54,2.0704,0.038341
2021_18_KC_DEN,2021,18,REG,KC,DEN,0,75,16.8029,0.224038
2021_18_LAC_LV,2021,18,REG,LAC,LV,0,93,12.5534,0.134982
2021_18_LAC_LV,2021,18,REG,LV,LAC,1,79,3.8175,0.048323
2021_18_NE_MIA,2021,18,REG,MIA,NE,1,69,5.2222,0.075684
2021_18_NE_MIA,2021,18,REG,NE,MIA,0,62,0.2143,0.003456
2021_18_NO_ATL,2021,18,REG,ATL,NO,1,50,-12.2789,-0.245578
2021_18_NO_ATL,2021,18,REG,NO,ATL,0,71,11.6257,0.163742
2021_18_NYJ_BUF,2021,18,REG,BUF,NYJ,1,79,2.4645,0.031197
2021_18_NYJ_BUF,2021,18,REG,NYJ,BUF,0,46,-23.8634,-0.518769
2021_18_PIT_BAL,2021,18,REG,BAL,PIT,1,72,-16.0694,-0.223186
2021_18_PIT_BAL,2021,18,REG,PIT,BAL,0,73,-5.6258,-0.077066
2021_18_SEA_ARI,2021,18,REG,ARI,SEA,1,77,-6.3124,-0.081979
2021_18_SEA_ARI,2021,18,REG,SEA,ARI,0,57,8.9502,0.157022
2021_18_SF_LA,2021,18,REG,LA,SF,1,65,3.6021,0.055418
2021_18_SF_LA,2021,18,REG,SF,LA,0,68,6.878,0.101147
2021_18_TEN_HOU,2021,18,REG,HOU,TEN,1,56,10.1765,0.181723
2021_18_TEN_HOU,2021,18,REG,TEN,HOU,0,67,18.2305,0.272097
2021_18_WAS_NYG,2021,18,REG,NYG,WAS,1,60,-25.5518,-0.425863
2021_18_WAS_NYG,2021,18,REG,WAS,NYG,0,59,-1.6607,-0.028147
2021_19_ARI_LA,2021,19,POST,ARI,LA,0,56,-21.9865,-0.392616
2021_19_ARI_LA,2021,19,POST,LA,ARI,1,60,5.4785,0.091308
2021_19_LV_CIN,2021,19,POST,CIN,LV,1,60,6.253,0.104216
2021_19_LV_CIN,2021,19,POST,LV,CIN,0,76,3.57,0.046974
2021_19_NE_BUF,2021,19,POST,BUF,NE,1,53,38.3171,0.722965
2021_19_NE_BUF,2021,19,POST,NE,BUF,0,61,6.6173,0.10848
2021_19_PHI_TB,2021,19,POST,PHI,TB,0,66,-7.6118,-0.11533
2021_19_PHI_TB,2021,19,POST,TB,PHI,1,73,5.2931,0.072509
2021_19_PIT_KC,2021,19,POST,KC,PIT,1,65,13.8609,0.213245
2021_19_PIT_KC,2021,19,POST,PIT,KC,0,67,-6.4155,-0.095754
2021_19_SF_DAL,2021,19,POST,DAL,SF,1,72,-11.9726,-0.166286
2021_19_SF_DAL,2021,19,POST,SF,DAL,0,65,-0.4805,-0.007392
2021_20_BUF_KC,2021,20,POST,BUF,KC,0,64,25.3175,0.395585
2021_20_BUF_KC,2021,20,POST,KC,BUF,1,76,28.5111,0.375145
2021_20_CIN_TEN,2021,20,POST,CIN,TEN,0,63,-5.1912,-0.082401
2021_20_CIN_TEN,2021,20,POST,TEN,CIN,1,53,-8.5831,-0.161946
2021_20_LA_TB,2021,20,POST,LA,TB,0,71,-8.9045,-0.125416
2021_20_LA_TB,2021,20,POST,TB,LA,1,71,-9.5606,-0.134656
2021_20_SF_GB,2021,20,POST,GB,SF,1,55,-6.9444,-0.126262
2021_20_SF_GB,2021,20,POST,SF,GB,0,54,-14.833,-0.274685
2021_21_CIN_KC,2021,21,POST,CIN,KC,0,69,6.7549,0.097896
2021_21_CIN_KC,2021,21,POST,KC,CIN,1,69,0.5274,0.007644
2021_21_SF_LA,2021,21,POST,LA,SF,1,74,6.3214,0.085424
2021_21_SF_LA,2021,21,POST,SF,LA,0,50,-2.4506,-0.049012
2021_22_LA_CIN,2021,22,POST,CIN,LA,1,60,-7.1765,-0.119608
2021_22_LA_CIN,2021,22,POST,LA,CIN,0,69,-2.1439,-0.031071
2022_01_BAL_NYJ,2022,1,REG,BAL,NYJ,0,54,2.6443,0.048969
2022_01_BAL_NYJ,2022,1,REG,NYJ,BAL,1,84,-13.2146,-0.157316
2022_01_BUF_LA,2022,1,REG,BUF,LA,0,57,9.9948,0.175348
2022_01_BUF_LA,2022,1,REG,LA,BUF,1,67,-16.8433,-0.251393
2022_01_CLE_CAR,2022,1,REG,CAR,CLE,1,52,2.6984,0.051892
2022_01_CLE_CAR,2022,1,REG,CLE,CAR,0,78,6.382,0.08182
2022_01_DEN_SEA,2022,1,REG,DEN,SEA,0,66,10.6554,0.161445
2022_01_DEN_SEA,2022,1,REG,SEA,DEN,1,52,3.186,0.061269
2022_01_GB_MIN,2022,1,REG,GB,MIN,0,59,-11.3007,-0.191538
2022_01_GB_MIN,2022,1,REG,MIN,GB,1,62,5.9644,0.0962
2022_01_IND_HOU,2022,1,REG,HOU,IND,1,69,-7.7044,-0.111658
2022_01_IND_HOU,2022,1,REG,IND,HOU,0,92,0.2029,0.002205
2022_01_JAX_WAS,2022,1,REG,JAX,WAS,0,70,4.2607,0.060868
2022_01_JAX_WAS,2022,1,REG,WAS,JAX,1,74,6.3961,0.086434
2022_01_KC_ARI,2022,1,REG,ARI,KC,1,64,0.4511,0.007049
2022_01_KC_ARI,2022,1,REG,KC,ARI,0,70,30.4466,0.434951
2022_01_LV_LAC,2022,1,REG,LAC,LV,1,64,4.2987,0.067167
2022_01_LV_LAC,2022,1,REG,LV,LAC,0,58,-7.9545,-0.137147
2022_01_NE_MIA,2022,1,REG,MIA,NE,1,58,2.9814,0.051404
2022_01_NE_MIA,2022,1,REG,NE,MIA,0,55,-11.0821,-0.201494
2022_01_NO_ATL,2022,1,REG,ATL,NO,1,74,0.1964,0.002654
2022_01_NO_ATL,2022,1,REG,NO,ATL,0,59,7.5673,0.12826
2022_01_NYG_TEN,2022,1,REG,NYG,TEN,0,61,0.7807,0.012798
2022_01_NYG_TEN,2022,1,REG,TEN,NYG,1,64,3.8992,0.060925
2022_01_PHI_DET,2022,1,REG,DET,PHI,1,68,8.8156,0.129641
2022_01_PHI_DET,2022,1,REG,PHI,DET,0,74,19.8511,0.268258
2022_01_PIT_CIN,2022,1,REG,CIN,PIT,1,100,-16.215,-0.16215
2022_01_PIT_CIN,2022,1,REG,PIT,CIN,0,61,-7.1624,-0.117417
2022_01_SF_CHI,2022,1,REG,CHI,SF,1,55,-0.2142,-0.003895
2022_01_SF_CHI,2022,1,REG,SF,CHI,0,69,-13.1379,-0.190405
2022_01_TB_DAL,2022,1,REG,DAL,TB,1,68,-22.9238,-0.337115
2022_01_TB_DAL,2022,1,REG,TB,DAL,0,60,0.8207,0.013679
2022_02_ARI_LV,2022,2,REG,ARI,LV,0,87,6.8325,0.078535
2022_02_ARI_LV,2022,2,REG,LV,ARI,1,67,-3.2278,-0.048176
2022_02_ATL_LA,2022,2,REG,ATL,LA,0,61,-5.7342,-0.094003
2022_02_ATL_LA,2022,2,REG,LA,ATL,1,63,0.7172,0.011384
2022_02_CAR_NYG,2022,2,REG,CAR,NYG,0,58,-3.4737,-0.059892
2022_02_CAR_NYG,2022,2,REG,NYG,CAR,1,71,-9.3642,-0.13189
2022_02_CHI_GB,2022,2,REG,CHI,GB,0,41,-3.1379,-0.076534
2022_02_CHI_GB,2022,2,REG,GB,CHI,1,67,14.0294,0.209395
2022_02_CIN_DAL,2022,2,REG,CIN,DAL,0,68,2.237,0.032897
2022_02_CIN_DAL,2022,2,REG,DAL,CIN,1,60,1.6356,0.027261
2022_02_HOU_DEN,2022,2,REG,DEN,HOU,1,71,2.2261,0.031353
2022_02_HOU_DEN,2022,2,REG,HOU,DEN,0,61,-10.0496,-0.164747
2022_02_IND_JAX,2022,2,REG,IND,JAX,0,50,-20.9641,-0.419283
2022_02_IND_JAX,2022,2,REG,JAX,IND,1,70,7.2654,0.103791
2022_02_LAC_KC,2022,2,REG,KC,LAC,1,55,5.3174,0.09668
2022_02_LAC_KC,2022,2,REG,LAC,KC,0,74,1.9255,0.02602
2022_02_MIA_BAL,2022,2,REG,BAL,MIA,1,58,16.417,0.283051
2022_02_MIA_BAL,2022,2,REG,MIA,BAL,0,71,29.1025,0.409894
2022_02_MIN_PHI,2022,2,REG,MIN,PHI,0,61,-12.4675,-0.204385
2022_02_MIN_PHI,2022,2,REG,PHI,MIN,1,73,11.9447,0.163626
2022_02_NE_PIT,2022,2,REG,NE,PIT,0,65,7.1277,0.109656
2022_02_NE_PIT,2022,2,REG,PIT,NE,1,59,-3.6933,-0.062599
2022_02_NYJ_CLE,2022,2,REG,CLE,NYJ,1,66,19.2651,0.291896
2022_02_NYJ_CLE,2022,2,REG,NYJ,CLE,0,70,14.5842,0.208345
2022_02_SEA_SF,2022,2,REG,SEA,SF,0,49,-13.8633,-0.282925
2022_02_SEA_SF,2022,2,REG,SF,SEA,1,76,11.4345,0.150453
2022_02_TB_NO,2022,2,REG,NO,TB,1,68,-25.7309,-0.378395
2022_02_TB_NO,2022,2,REG,TB,NO,0,65,-13.8931,-0.21374
2022_02_TEN_BUF,2022,2,REG,BUF,TEN,1,66,16.9884,0.257401
2022_02_TEN_BUF,2022,2,REG,TEN,BUF,0,56,-22.2062,-0.396539
2022_02_WAS_DET,2022,2,REG,DET,WAS,1,59,3.5054,0.059413
2022_02_WAS_DET,2022,2,REG,WAS,DET,0,74,3.7448,0.050606
2022_03_ATL_SEA,2022,3,REG,ATL,SEA,0,55,17.0524,0.310043
2022_03_ATL_SEA,2022,3,REG,SEA,ATL,1,71,11.0719,0.155943
2022_03_BAL_NE,2022,3,REG,BAL,NE,0,56,12.4449,0.222231
2022_03_BAL_NE,2022,3,REG,NE,BAL,1,66,-1.5908,-0.024103
2022_03_BUF_MIA,2022,3,REG,BUF,MIA,0,90,9.132,0.101466
2022_03_BUF_MIA,2022,3,REG,MIA,BUF,1,43,7.2554,0.168729
2022_03_CIN_NYJ,2022,3,REG,CIN,NYJ,0,66,4.6688,0.070739
2022_03_CIN_NYJ,2022,3,REG,NYJ,CIN,1,78,-24.6218,-0.315665
2022_03_DAL_NYG,2022,3,REG,DAL,NYG,0,62,9.5956,0.154768
2022_03_DAL_NYG,2022,3,REG,NYG,DAL,1,72,-1.3409,-0.018624
2022_03_DET_MIN,2022,3,REG,DET,MIN,0,77,4.7073,0.061134
2022_03_DET_MIN,2022,3,REG,MIN,DET,1,70,2.8089,0.040128
2022_03_GB_TB,2022,3,REG,GB,TB,0,61,-5.5725,-0.091352
2022_03_GB_TB,2022,3,REG,TB,GB,1,64,-12.1404,-0.189693
2022_03_HOU_CHI,2022,3,REG,CHI,HOU,1,61,-1.7088,-0.028014
2022_03_HOU_CHI,2022,3,REG,HOU,CHI,0,60,-3.8121,-0.063536
2022_03_JAX_LAC,2022,3,REG,JAX,LAC,0,74,16.0768,0.217253
2022_03_JAX_LAC,2022,3,REG,LAC,JAX,1,61,-17.4509,-0.28608
2022_03_KC_IND,2022,3,REG,IND,KC,1,70,-10.8664,-0.155234
2022_03_KC_IND,2022,3,REG,KC,IND,0,64,3.1913,0.049864
2022_03_LA_ARI,2022,3,REG,ARI,LA,1,83,-4.8509,-0.058445
2022_03_LA_ARI,2022,3,REG,LA,ARI,0,46,7.7336,0.168121
2022_03_LV_TEN,2022,3,REG,LV,TEN,0,70,10.8091,0.154415
2022_03_LV_TEN,2022,3,REG,TEN,LV,1,55,8.0302,0.146003
2022_03_NO_CAR,2022,3,REG,CAR,NO,1,60,-8.7033,-0.145055
2022_03_NO_CAR,2022,3,REG,NO,CAR,0,69,-7.3316,-0.106255
2022_03_PHI_WAS,2022,3,REG,PHI,WAS,0,68,5.1519,0.075764
2022_03_PHI_WAS,2022,3,REG,WAS,PHI,1,77,-21.1674,-0.274902
2022_03_PIT_CLE,2022,3,REG,CLE,PIT,1,72,6.4097,0.089024
2022_03_PIT_CLE,2022,3,REG,PIT,CLE,0,59,-1.5468,-0.026217
2022_03_SF_DEN,2022,3,REG,DEN,SF,1,71,-15.7195,-0.221401
2022_03_SF_DEN,2022,3,REG,SF,DEN,0,56,-17.1754,-0.306704
2022_04_ARI_CAR,2022,4,REG,ARI,CAR,0,73,-5.0177,-0.068735
2022_04_ARI_CAR,2022,4,REG,CAR,ARI,1,53,-24.8522,-0.46891
2022_04_BUF_BAL,2022,4,REG,BAL,BUF,1,69,-4.0974,-0.059383
2022_04_BUF_BAL,2022,4,REG,BUF,BAL,0,61,2.8025,0.045942
2022_04_CHI_NYG,2022,4,REG,CHI,NYG,0,62,-5.118,-0.082548
2022_04_CHI_NYG,2022,4,REG,NYG,CHI,1,65,5.6886,0.087518
2022_04_CLE_ATL,2022,4,REG,ATL,CLE,1,52,1.9079,0.036691
2022_04_CLE_ATL,2022,4,REG,CLE,ATL,0,73,1.024,0.014028
2022_04_DEN_LV,2022,4,REG,DEN,LV,0,53,-12.3729,-0.23345
2022_04_DEN_LV,2022,4,REG,LV,DEN,1,73,3.1287,0.042859
2022_04_JAX_PHI,2022,4,REG,JAX,PHI,0,47,-14.5588,-0.309761
2022_04_JAX_PHI,2022,4,REG,PHI,JAX,1,79,-2.6296,-0.033286
2022_04_KC_TB,2022,4,REG,KC,TB,0,80,18.5234,0.231542
2022_04_KC_TB,2022,4,REG,TB,KC,1,64,8.7811,0.137205
2022_04_LAC_HOU,2022,4,REG,HOU,LAC,1,57,-3.824,-0.067088
2022_04_LAC_HOU,2022,4,REG,LAC,HOU,0,66,16.3341,0.247486
2022_04_LA_SF,2022,4,REG,LA,SF,0,74,-14.9985,-0.202682
2022_04_LA_SF,2022,4,REG,SF,LA,1,50,8.5933,0.171866
2022_04_MIA_CIN,2022,4,REG,CIN,MIA,1,61,5.6823,0.093153
2022_04_MIA_CIN,2022,4,REG,MIA,CIN,0,64,-1.2068,-0.018856
2022_04_MIN_NO,2022,4,REG,MIN,NO,0,73,6.1079,0.08367
2022_04_MIN_NO,2022,4,REG,NO,MIN,1,60,8.8051,0.146752
2022_04_NE_GB,2022,4,REG,GB,NE,1,73,1.1533,0.015798
2022_04_NE_GB,2022,4,REG,NE,GB,0,58,1.3067,0.02253
2022_04_NYJ_PIT,2022,4,REG,NYJ,PIT,0,70,1.165,0.016642
2022_04_NYJ_PIT,2022,4,REG,PIT,NYJ,1,64,-5.7823,-0.090349
2022_04_SEA_DET,2022,4,REG,DET,SEA,1,75,15.7154,0.209538
2022_04_SEA_DET,2022,4,REG,SEA,DET,0,65,32.322,0.497262
2022_04_TEN_IND,2022,4,REG,IND,TEN,1,65,-4.7111,-0.072479
2022_04_TEN_IND,2022,4,REG,TEN,IND,0,51,2.9088,0.057035
2022_04_WAS_DAL,2022,4,REG,DAL,WAS,1,61,-2.6183,-0.042922
2022_04_WAS_DAL,2022,4,REG,WAS,DAL,0,74,-20.168,-0.27254
2022_05_ATL_TB,2022,5,REG,ATL,TB,0,66,2.9107,0.044101
2022_05_ATL_TB,2022,5,REG,TB,ATL,1,76,12.3725,0.162796
2022_05_CHI_MIN,2022,5,REG,CHI,MIN,0,50,1.5896,0.031792
2022_05_CHI_MIN,2022,5,REG,MIN,CHI,1,76,17.9959,0.236788
2022_05_CIN_BAL,2022,5,REG,BAL,CIN,1,64,-2.0289,-0.031702
2022_05_CIN_BAL,2022,5,REG,CIN,BAL,0,63,0.4024,0.006388
2022_05_DAL_LA,2022,5,REG,DAL,LA,0,53,-8.3894,-0.158291
2022_05_DAL_LA,2022,5,REG,LA,DAL,1,66,-20.2595,-0.306962
2022_05_DET_NE,2022,5,REG,DET,NE,0,65,-26.399,-0.406138
2022_05_DET_NE,2022,5,REG,NE,DET,1,58,7.5045,0.129388
2022_05_HOU_JAX,2022,5,REG,HOU,JAX,0,57,-3.3848,-0.059383
2022_05_HOU_JAX,2022,5,REG,JAX,HOU,1,73,-9.0196,-0.123556
2022_05_IND_DEN,2022,5,REG,DEN,IND,1,71,-14.2497,-0.2007
2022_05_IND_DEN,2022,5,REG,IND,DEN,0,78,-17.8011,-0.228219
2022_05_LAC_CLE,2022,5,REG,CLE,LAC,1,67,12.7018,0.18958
2022_05_LAC_CLE,2022,5,REG,LAC,CLE,0,69,19.3981,0.281133
2022_05_LV_KC,2022,5,REG,KC,LV,1,71,14.1481,0.199268
2022_05_LV_KC,2022,5,REG,LV,KC,0,64,11.3949,0.178045
2022_05_MIA_NYJ,2022,5,REG,MIA,NYJ,0,67,-7.2294,-0.107902
2022_05_MIA_NYJ,2022,5,REG,NYJ,MIA,1,56,10.0277,0.179066
2022_05_NYG_GB,2022,5,REG,GB,NYG,1,63,8.1685,0.129659
2022_05_NYG_GB,2022,5,REG,NYG,GB,0,59,15.8782,0.269122
2022_05_PHI_ARI,2022,5,REG,ARI,PHI,1,68,5.6259,0.082733
2022_05_PHI_ARI,2022,5,REG,PHI,ARI,0,72,7.8591,0.109154
2022_05_PIT_BUF,2022,5,REG,BUF,PIT,1,53,19.9823,0.377024
2022_05_PIT_BUF,2022,5,REG,PIT,BUF,0,75,-8.8356,-0.117807
2022_05_SEA_NO,2022,5,REG,NO,SEA,1,72,7.1525,0.099341
2022_05_SEA_NO,2022,5,REG,SEA,NO,0,53,0.928,0.017509
2022_05_SF_CAR,2022,5,REG,CAR,SF,1,70,-14.2459,-0.203513
2022_05_SF_CAR,2022,5,REG,SF,CAR,0,64,17.6404,0.275631
2022_05_TEN_WAS,2022,5,REG,TEN,WAS,0,64,-1.2238,-0.019121
2022_05_TEN_WAS,2022,5,REG,WAS,TEN,1,62,-2.3646,-0.038139
2022_06_ARI_SEA,2022,6,REG,ARI,SEA,0,71,-14.4335,-0.203289
2022_06_ARI_SEA,2022,6,REG,SEA,ARI,1,69,-10.0983,-0.146353
2022_06_BAL_NYG,2022,6,REG,BAL,NYG,0,59,6.3606,0.107807
2022_06_BAL_NYG,2022,6,REG,NYG,BAL,1,61,8.0579,0.132097
2022_06_BUF_KC,2022,6,REG,BUF,KC,0,71,10.097,0.142211
2022_06_BUF_KC,2022,6,REG,KC,BUF,1,67,3.2511,0.048523
2022_06_CAR_LA,2022,6,REG,CAR,LA,0,43,-15.1225,-0.351685
2022_06_CAR_LA,2022,6,REG,LA,CAR,1,63,-0.5163,-0.008195
2022_06_CIN_NO,2022,6,REG,CIN,NO,0,56,16.1173,0.287809
2022_06_CIN_NO,2022,6,REG,NO,CIN,1,72,6.6092,0.091794
2022_06_DAL_PHI,2022,6,REG,DAL,PHI,0,67,-3.7334,-0.055723
2022_06_DAL_PHI,2022,6,REG,PHI,DAL,1,69,1.8591,0.026943
2022_06_DEN_LAC,2022,6,REG,DEN,LAC,0,58,-5.9488,-0.102566
2022_06_DEN_LAC,2022,6,REG,LAC,DEN,1,93,-9.6158,-0.103396
2022_06_JAX_IND,2022,6,REG,IND,JAX,1,81,18.6627,0.230403
2022_06_JAX_IND,2022,6,REG,JAX,IND,0,62,15.473,0.249565
2022_06_MIN_MIA,2022,6,REG,MIA,MIN,1,79,-13.6213,-0.172421
2022_06_MIN_MIA,2022,6,REG,MIN,MIA,0,50,-4.1058,-0.082117
2022_06_NE_CLE,2022,6,REG,CLE,NE,1,70,-17.9939,-0.257056
2022_06_NE_CLE,2022,6,REG,NE,CLE,0,67,13.6955,0.204411
2022_06_NYJ_GB,2022,6,REG,GB,NYJ,1,73,-20.0921,-0.275234
2022_06_NYJ_GB,2022,6,REG,NYJ,GB,0,52,0.2419,0.004651
2022_06_SF_ATL,2022,6,REG,ATL,SF,1,58,6.5192,0.1124
2022_06_SF_ATL,2022,6,REG,SF,ATL,0,60,-9.1059,-0.151765
2022_06_TB_PIT,2022,6,REG,PIT,TB,1,62,1.7971,0.028985
2022_06_TB_PIT,2022,6,REG,TB,PIT,0,71,4.292,0.06045
2022_06_WAS_CHI,2022,6,REG,CHI,WAS,1,72,-6.7615,-0.09391
2022_06_WAS_CHI,2022,6,REG,WAS,CHI,0,57,-3.7237,-0.065327
2022_07_ATL_CIN,2022,7,REG,ATL,CIN,0,47,1.2302,0.026175
2022_07_ATL_CIN,2022,7,REG,CIN,ATL,1,67,27.0963,0.404422
2022_07_CHI_NE,2022,7,REG,CHI,NE,0,70,9.5429,0.136327
2022_07_CHI_NE,2022,7,REG,NE,CHI,1,51,-13.6714,-0.268068
2022_07_CLE_BAL,2022,7,REG,BAL,CLE,1,63,-3.1974,-0.050753
2022_07_CLE_BAL,2022,7,REG,CLE,BAL,0,60,5.356,0.089267
2022_07_DET_DAL,2022,7,REG,DAL,DET,1,61,3.0969,0.050769
2022_07_DET_DAL,2022,7,REG,DET,DAL,0,59,-18.5282,-0.314037
2022_07_GB_WAS,2022,7,REG,GB,WAS,0,53,-2.1224,-0.040046
2022_07_GB_WAS,2022,7,REG,WAS,GB,1,74,-2.5588,-0.034578
2022_07_HOU_LV,2022,7,REG,HOU,LV,0,65,3.7396,0.057532
2022_07_HOU_LV,2022,7,REG,LV,HOU,1,54,17.7183,0.328116
2022_07_IND_TEN,2022,7,REG,IND,TEN,0,64,-13.8234,-0.21599
2022_07_IND_TEN,2022,7,REG,TEN,IND,1,57,-5.1758,-0.090804
2022_07_KC_SF,2022,7,REG,KC,SF,0,61,30.511,0.50018
2022_07_KC_SF,2022,7,REG,SF,KC,1,77,1.2266,0.015929
2022_07_NO_ARI,2022,7,REG,ARI,NO,1,64,11.0961,0.173377
2022_07_NO_ARI,2022,7,REG,NO,ARI,0,71,3.211,0.045226
2022_07_NYG_JAX,2022,7,REG,JAX,NYG,1,71,6.6543,0.093722
2022_07_NYG_JAX,2022,7,REG,NYG,JAX,0,76,14.1038,0.185577
2022_07_NYJ_DEN,2022,7,REG,DEN,NYJ,1,79,-8.8444,-0.111954
2022_07_NYJ_DEN,2022,7,REG,NYJ,DEN,0,58,-7.7245,-0.133181
2022_07_PIT_MIA,2022,7,REG,MIA,PIT,1,61,-1.9814,-0.032481
2022_07_PIT_MIA,2022,7,REG,PIT,MIA,0,74,-10.887,-0.147122
2022_07_SEA_LAC,2022,7,REG,LAC,SEA,1,71,-16.0349,-0.225844
2022_07_SEA_LAC,2022,7,REG,SEA,LAC,0,69,11.1337,0.161357
2022_07_TB_CAR,2022,7,REG,CAR,TB,1,50,6.7842,0.135684
2022_07_TB_CAR,2022,7,REG,TB,CAR,0,67,-10.9929,-0.164073
2022_08_ARI_MIN,2022,8,REG,ARI,MIN,0,77,-3.3543,-0.043563
2022_08_ARI_MIN,2022,8,REG,MIN,ARI,1,71,-0.5175,-0.007289
2022_08_BAL_TB,2022,8,REG,BAL,TB,0,73,9.7541,0.133617
2022_08_BAL_TB,2022,8,REG,TB,BAL,1,67,7.6356,0.113964
2022_08_CAR_ATL,2022,8,REG,ATL,CAR,1,66,2.3129,0.035044
2022_08_CAR_ATL,2022,8,REG,CAR,ATL,0,80,4.8445,0.060556
2022_08_CHI_DAL,2022,8,REG,CHI,DAL,0,79,2.116,0.026785
2022_08_CHI_DAL,2022,8,REG,DAL,CHI,1,55,24.5689,0.446708
2022_08_CIN_CLE,2022,8,REG,CIN,CLE,0,53,-6.2846,-0.118578
2022_08_CIN_CLE,2022,8,REG,CLE,CIN,1,68,12.989,0.191015
2022_08_DEN_JAX,2022,8,REG,DEN,JAX,0,60,1.1913,0.019855
2022_08_DEN_JAX,2022,8,REG,JAX,DEN,1,72,-5.7802,-0.08028
2022_08_GB_BUF,2022,8,REG,BUF,GB,1,58,8.0395,0.138612
2022_08_GB_BUF,2022,8,REG,GB,BUF,0,66,3.5698,0.054088
2022_08_LV_NO,2022,8,REG,LV,NO,0,58,-20.6945,-0.356802
2022_08_LV_NO,2022,8,REG,NO,LV,1,64,11.4764,0.179319
2022_08_MIA_DET,2022,8,REG,DET,MIA,1,61,11.5114,0.188712
2022_08_MIA_DET,2022,8,REG,MIA,DET,0,65,20.9047,0.321611
2022_08_NE_NYJ,2022,8,REG,NE,NYJ,0,74,-9.4958,-0.128322
2022_08_NE_NYJ,2022,8,REG,NYJ,NE,1,59,-7.709,-0.130661
2022_08_NYG_SEA,2022,8,REG,NYG,SEA,0,65,-5.3733,-0.082666
2022_08_NYG_SEA,2022,8,REG,SEA,NYG,1,63,-4.9964,-0.079308
2022_08_PIT_PHI,2022,8,REG,PHI,PIT,1,56,19.5204,0.348579
2022_08_PIT_PHI,2022,8,REG,PIT,PHI,0,77,-5.785,-0.07513
2022_08_SF_LA,2022,8,REG,LA,SF,1,57,-2.6231,-0.046019
2022_08_SF_LA,2022,8,REG,SF,LA,0,53,18.3315,0.345878
2022_08_TEN_HOU,2022,8,REG,HOU,TEN,1,53,-18.9568,-0.357675
2022_08_TEN_HOU,2022,8,REG,TEN,HOU,0,57,2.5269,0.044331
2022_08_WAS_IND,2022,8,REG,IND,WAS,1,57,-6.4072,-0.112407
2022_08_WAS_IND,2022,8,REG,WAS,IND,0,61,-4.0254,-0.06599
2022_09_BAL_NO,2022,9,REG,BAL,NO,0,68,9.4959,0.139645
2022_09_BAL_NO,2022,9,REG,NO,BAL,1,51,-8.8706,-0.173933
2022_09_BUF_NYJ,2022,9,REG,BUF,NYJ,0,62,-2.0613,-0.033247
2022_09_BUF_NYJ,2022,9,REG,NYJ,BUF,1,60,3.9312,0.06552
2022_09_CAR_CIN,2022,9,REG,CAR,CIN,0,49,-0.7012,-0.014311
2022_09_CAR_CIN,2022,9,REG,CIN,CAR,1,72,28.2625,0.392534
2022_09_GB_DET,2022,9,REG,DET,GB,1,61,-5.3003,-0.08689
2022_09_GB_DET,2022,9,REG,GB,DET,0,73,-9.6612,-0.132345
2022_09_IND_NE,2022,9,REG,IND,NE,0,62,-36.4626,-0.588106
2022_09_IND_NE,2022,9,REG,NE,IND,1,62,-20.8132,-0.335697
2022_09_LAC_ATL,2022,9,REG,ATL,LAC,1,61,-0.9739,-0.015966
2022_09_LAC_ATL,2022,9,REG,LAC,ATL,0,69,0.4117,0.005967
2022_09_LA_TB,2022,9,REG,LA,TB,0,56,-8.7271,-0.15584
2022_09_LA_TB,2022,9,REG,TB,LA,1,83,-13.0936,-0.157754
2022_09_LV_JAX,2022,9,REG,JAX,LV,1,67,10.7977,0.16116
2022_09_LV_JAX,2022,9,REG,LV,JAX,0,59,1.5756,0.026705
2022_09_MIA_CHI,2022,9,REG,CHI,MIA,1,73,14.0201,0.192056
2022_09_MIA_CHI,2022,9,REG,MIA,CHI,0,53,20.7101,0.390757
2022_09_MIN_WAS,2022,9,REG,MIN,WAS,0,66,-3.6181,-0.05482
2022_09_MIN_WAS,2022,9,REG,WAS,MIN,1,62,-6.7426,-0.108752
2022_09_PHI_HOU,2022,9,REG,HOU,PHI,1,60,-5.1416,-0.085694
2022_09_PHI_HOU,2022,9,REG,PHI,HOU,0,63,12.4636,0.197835
2022_09_SEA_ARI,2022,9,REG,ARI,SEA,1,63,-6.9923,-0.110988
2022_09_SEA_ARI,2022,9,REG,SEA,ARI,0,71,6.0857,0.085714
2022_09_TEN_KC,2022,9,REG,KC,TEN,1,100,2.9804,0.029804
2022_09_TEN_KC,2022,9,REG,TEN,KC,0,50,-4.2422,-0.084844
2022_10_ARI_LA,2022,10,REG,ARI,LA,0,67,2.59,0.038657
2022_10_ARI_LA,2022,10,REG,LA,ARI,1,60,-12.6183,-0.210304
2022_10_ATL_CAR,2022,10,REG,ATL,CAR,0,62,-8.8219,-0.142289
2022_10_ATL_CAR,2022,10,REG,CAR,ATL,1,66,2.5374,0.038445
2022_10_CLE_MIA,2022,10,REG,CLE,MIA,0,66,-3.9608,-0.060012
2022_10_CLE_MIA,2022,10,REG,MIA,CLE,1,66,27.0996,0.4106
2022_10_DAL_GB,2022,10,REG,DAL,GB,0,83,-0.1299,-0.001565
2022_10_DAL_GB,2022,10,REG,GB,DAL,1,63,14.0232,0.222591
2022_10_DEN_TEN,2022,10,REG,DEN,TEN,0,79,-5.1738,-0.065491
2022_10_DEN_TEN,2022,10,REG,TEN,DEN,1,62,-5.6929,-0.091821
2022_10_DET_CHI,2022,10,REG,CHI,DET,1,61,2.9601,0.048526
2022_10_DET_CHI,2022,10,REG,DET,CHI,0,61,11.4848,0.188276
2022_10_HOU_NYG,2022,10,REG,HOU,NYG,0,64,-0.5919,-0.009248
2022_10_HOU_NYG,2022,10,REG,NYG,HOU,1,68,9.3476,0.137464
2022_10_IND_LV,2022,10,REG,IND,LV,0,62,8.7859,0.141707
2022_10_IND_LV,2022,10,REG,LV,IND,1,70,-6.3814,-0.091163
2022_10_JAX_KC,2022,10,REG,JAX,KC,0,64,2.6157,0.040871
2022_10_JAX_KC,2022,10,REG,KC,JAX,1,62,17.2087,0.27756
2022_10_LAC_SF,2022,10,REG,LAC,SF,0,58,-6.5484,-0.112904
2022_10_LAC_SF,2022,10,REG,SF,LAC,1,70,3.3328,0.047611
2022_10_MIN_BUF,2022,10,REG,BUF,MIN,1,75,-5.2926,-0.070568
2022_10_MIN_BUF,2022,10,REG,MIN,BUF,0,82,4.9216,0.06002
2022_10_NO_PIT,2022,10,REG,NO,PIT,0,47,-12.804,-0.272425
2022_10_NO_PIT,2022,10,REG,PIT,NO,1,83,8.7819,0.105806
2022_10_SEA_TB,2022,10,REG,SEA,TB,0,52,0.7782,0.014966
2022_10_SEA_TB,2022,10,REG,TB,SEA,1,69,11.9653,0.17341
2022_10_WAS_PHI,2022,10,REG,PHI,WAS,1,50,-5.6166,-0.112331
2022_10_WAS_PHI,2022,10,REG,WAS,PHI,0,79,4.8478,0.061364
2022_11_CAR_BAL,2022,11,REG,BAL,CAR,1,68,-10.1351,-0.149045
2022_11_CAR_BAL,2022,11,REG,CAR,BAL,0,57,-21.4505,-0.376324
2022_11_CHI_ATL,2022,11,REG,ATL,CHI,1,50,0.3628,0.007257
2022_11_CHI_ATL,2022,11,REG,CHI,ATL,0,69,1.7806,0.025806
2022_11_CIN_PIT,2022,11,REG,CIN,PIT,0,64,11.1784,0.174663
2022_11_CIN_PIT,2022,11,REG,PIT,CIN,1,73,-1.6593,-0.022731
2022_11_CLE_BUF,2022,11,REG,BUF,CLE,1,64,6.0489,0.094515
2022_11_CLE_BUF,2022,11,REG,CLE,BUF,0,74,7.5444,0.101952
2022_11_DAL_MIN,2022,11,REG,DAL,MIN,0,72,18.4353,0.256046
2022_11_DAL_MIN,2022,11,REG,MIN,DAL,1,57,-19.5709,-0.343349
2022_11_DET_NYG,2022,11,REG,DET,NYG,0,64,7.5393,0.117801
2022_11_DET_NYG,2022,11,REG,NYG,DET,1,76,-2.4161,-0.03179
2022_11_KC_LAC,2022,11,REG,KC,LAC,0,64,15.9163,0.248692
2022_11_KC_LAC,2022,11,REG,LAC,KC,1,65,5.5461,0.085325
2022_11_LA_NO,2022,11,REG,LA,NO,0,63,-2.5382,-0.04029
2022_11_LA_NO,2022,11,REG,NO,LA,1,55,5.9226,0.107683
2022_11_LV_DEN,2022,11,REG,DEN,LV,1,64,1.978,0.030907
2022_11_LV_DEN,2022,11,REG,LV,DEN,0,66,6.3906,0.096828
2022_11_NYJ_NE,2022,11,REG,NE,NYJ,1,63,-11.6408,-0.184774
2022_11_NYJ_NE,2022,11,REG,NYJ,NE,0,50,-19.7249,-0.394497
2022_11_PHI_IND,2022,11,REG,IND,PHI,1,65,-11.7299,-0.18046
2022_11_PHI_IND,2022,11,REG,PHI,IND,0,66,-8.8449,-0.134014
2022_11_SF_ARI,2022,11,REG,ARI,SF,1,71,-11.7351,-0.165284
2022_11_SF_ARI,2022,11,REG,SF,ARI,0,56,19.6471,0.350841
2022_11_TEN_GB,2022,11,REG,GB,TEN,1,61,-2.6028,-0.042668
2022_11_TEN_GB,2022,11,REG,TEN,GB,0,63,16.1504,0.256355
2022_11_WAS_HOU,2022,11,REG,HOU,WAS,1,55,-21.503,-0.390963
2022_11_WAS_HOU,2022,11,REG,WAS,HOU,0,68,-3.6819,-0.054146
2022_12_ATL_WAS,2022,12,REG,ATL,WAS,0,57,0.6205,0.010885
2022_12_ATL_WAS,2022,12,REG,WAS,ATL,1,61,4.5903,0.075252
2022_12_BAL_JAX,2022,12,REG,BAL,JAX,0,71,7.5509,0.10635
2022_12_BAL_JAX,2022,12,REG,JAX,BAL,1,63,4.1224,0.065434
2022_12_BUF_DET,2022,12,REG,BUF,DET,0,77,9.6709,0.125596
2022_12_BUF_DET,2022,12,REG,DET,BUF,1,71,6.1612,0.086777
2022_12_CHI_NYJ,2022,12,REG,CHI,NYJ,0,56,-4.5018,-0.080389
2022_12_CHI_NYJ,2022,12,REG,NYJ,CHI,1,62,14.0484,0.226586
2022_12_CIN_TEN,2022,12,REG,CIN,TEN,0,66,4.9066,0.074343
2022_12_CIN_TEN,2022,12,REG,TEN,CIN,1,57,2.5652,0.045003
2022_12_DEN_CAR,2022,12,REG,CAR,DEN,1,66,3.7643,0.057034
2022_12_DEN_CAR,2022,12,REG,DEN,CAR,0,60,-11.9016,-0.19836
2022_12_GB_PHI,2022,12,REG,GB,PHI,0,48,9.0879,0.189331
2022_12_GB_PHI,2022,12,REG,PHI,GB,1,79,15.915,0.201456
2022_12_HOU_MIA,2022,12,REG,HOU,MIA,0,60,-23.28,-0.388
2022_12_HOU_MIA,2022,12,REG,MIA,HOU,1,72,-6.5227,-0.090594
2022_12_LAC_ARI,2022,12,REG,ARI,LAC,1,65,2.7241,0.041909
2022_12_LAC_ARI,2022,12,REG,LAC,ARI,0,65,3.296,0.050708
2022_12_LA_KC,2022,12,REG,KC,LA,1,76,9.83,0.129342
2022_12_LA_KC,2022,12,REG,LA,KC,0,54,-12.2803,-0.227412
2022_12_LV_SEA,2022,12,REG,LV,SEA,0,77,16.008,0.207896
2022_12_LV_SEA,2022,12,REG,SEA,LV,1,64,2.327,0.036359
2022_12_NE_MIN,2022,12,REG,MIN,NE,1,67,4.4121,0.065852
2022_12_NE_MIN,2022,12,REG,NE,MIN,0,54,3.8382,0.071078
2022_12_NO_SF,2022,12,REG,NO,SF,0,57,-11.5789,-0.203139
2022_12_NO_SF,2022,12,REG,SF,NO,1,68,-1.5587,-0.022923
2022_12_NYG_DAL,2022,12,REG,DAL,NYG,1,74,12.5119,0.16908
2022_12_NYG_DAL,2022,12,REG,NYG,DAL,0,61,-2.7544,-0.045153
2022_12_PIT_IND,2022,12,REG,IND,PIT,1,64,-8.4413,-0.131896
2022_12_PIT_IND,2022,12,REG,PIT,IND,0,68,6.8587,0.100863
2022_12_TB_CLE,2022,12,REG,CLE,TB,1,79,-0.0221,-0.00028
2022_12_TB_CLE,2022,12,REG,TB,CLE,0,69,-1.9713,-0.02857
2022_13_BUF_NE,2022,13,REG,BUF,NE,0,71,12.5256,0.176417
2022_13_BUF_NE,2022,13,REG,NE,BUF,1,54,-1.3344,-0.024712
2022_13_CLE_HOU,2022,13,REG,CLE,HOU,0,60,-14.1309,-0.235515
2022_13_CLE_HOU,2022,13,REG,HOU,CLE,1,65,-26.6109,-0.409399
2022_13_DEN_BAL,2022,13,REG,BAL,DEN,1,71,-7.9452,-0.111904
2022_13_DEN_BAL,2022,13,REG,DEN,BAL,0,53,-6.6022,-0.12457
2022_13_GB_CHI,2022,13,REG,CHI,GB,1,51,4.3967,0.08621
2022_13_GB_CHI,2022,13,REG,GB,CHI,0,64,14.2336,0.2224
2022_13_IND_DAL,2022,13,REG,DAL,IND,1,68,17.0834,0.251226
2022_13_IND_DAL,2022,13,REG,IND,DAL,0,70,-19.5814,-0.279734
2022_13_JAX_DET,2022,13,REG,DET,JAX,1,74,20.2982,0.2743
2022_13_JAX_DET,2022,13,REG,JAX,DET,0,56,-4.9672,-0.0887
2022_13_KC_CIN,2022,13,REG,CIN,KC,1,70,16.3216,0.233166
2022_13_KC_CIN,2022,13,REG,KC,CIN,0,55,12.5926,0.228957
2022_13_LAC_LV,2022,13,REG,LAC,LV,0,75,-7.2179,-0.096239
2022_13_LAC_LV,2022,13,REG,LV,LAC,1,61,-3.5259,-0.057802
2022_13_MIA_SF,2022,13,REG,MIA,SF,0,46,-15.5407,-0.337841
2022_13_MIA_SF,2022,13,REG,SF,MIA,1,81,1.3868,0.017121
2022_13_NO_TB,2022,13,REG,NO,TB,0,58,-0.8665,-0.01494
2022_13_NO_TB,2022,13,REG,TB,NO,1,79,0.5354,0.006778
2022_13_NYJ_MIN,2022,13,REG,MIN,NYJ,1,66,1.4795,0.022416
2022_13_NYJ_MIN,2022,13,REG,NYJ,MIN,0,85,-3.5941,-0.042283
2022_13_PIT_ATL,2022,13,REG,ATL,PIT,1,54,-1.6442,-0.030449
2022_13_PIT_ATL,2022,13,REG,PIT,ATL,0,64,11.5256,0.180088
2022_13_SEA_LA,2022,13,REG,LA,SEA,1,64,-1.4931,-0.02333
2022_13_SEA_LA,2022,13,REG,SEA,LA,0,66,11.6565,0.176613
2022_13_TEN_PHI,2022,13,REG,PHI,TEN,1,73,23.1446,0.31705
2022_13_TEN_PHI,2022,13,REG,TEN,PHI,0,55,-11.6735,-0.212245
2022_13_WAS_NYG,2022,13,REG,NYG,WAS,1,63,-6.8528,-0.108774
2022_13_WAS_NYG,2022,13,REG,WAS,NYG,0,84,2.8985,0.034506
2022_14_BAL_PIT,2022,14,REG,BAL,PIT,0,57,2.8677,0.050311
2022_14_BAL_PIT,2022,14,REG,PIT,BAL,1,55,1.9035,0.034608
2022_14_CAR_SEA,2022,14,REG,CAR,SEA,0,71,11.8856,0.167402
2022_14_CAR_SEA,2022,14,REG,SEA,CAR,1,54,-2.802,-0.05189
2022_14_CLE_CIN,2022,14,REG,CIN,CLE,1,64,3.4579,0.054029
2022_14_CLE_CIN,2022,14,REG,CLE,CIN,0,71,-11.7285,-0.16519
2022_14_HOU_DAL,2022,14,REG,DAL,HOU,1,70,-1.7096,-0.024422
2022_14_HOU_DAL,2022,14,REG,HOU,DAL,0,65,-11.5963,-0.178404
2022_14_JAX_TEN,2022,14,REG,JAX,TEN,0,71,11.4358,0.161068
2022_14_JAX_TEN,2022,14,REG,TEN,JAX,1,67,-9.1199,-0.136117
2022_14_KC_DEN,2022,14,REG,DEN,KC,1,72,-3.3726,-0.046842
2022_14_KC_DEN,2022,14,REG,KC,DEN,0,65,6.9892,0.107527
2022_14_LV_LA,2022,14,REG,LA,LV,1,62,-4.74,-0.076452
2022_14_LV_LA,2022,14,REG,LV,LA,0,60,1.0721,0.017868
2022_14_MIA_LAC,2022,14,REG,LAC,MIA,1,78,6.2357,0.079945
2022_14_MIA_LAC,2022,14,REG,MIA,LAC,0,51,-2.7212,-0.053357
2022_14_MIN_DET,2022,14,REG,DET,MIN,1,71,12.9186,0.181952
2022_14_MIN_DET,2022,14,REG,MIN,DET,0,65,5.7816,0.088948
2022_14_NE_ARI,2022,14,REG,ARI,NE,1,75,-23.7002,-0.316003
2022_14_NE_ARI,2022,14,REG,NE,ARI,0,56,-0.3968,-0.007086
2022_14_NYJ_BUF,2022,14,REG,BUF,NYJ,1,58,-7.2581,-0.12514
2022_14_NYJ_BUF,2022,14,REG,NYJ,BUF,0,74,-13.4166,-0.181306
2022_14_PHI_NYG,2022,14,REG,NYG,PHI,1,65,-5.0159,-0.077167
2022_14_PHI_NYG,2022,14,REG,PHI,NYG,0,67,27.6663,0.41293
2022_14_TB_SF,2022,14,REG,SF,TB,1,62,11.6401,0.187743
2022_14_TB_SF,2022,14,REG,TB,SF,0,75,-15.3867,-0.205155
2022_15_ARI_DEN,2022,15,REG,ARI,DEN,0,64,-18.6592,-0.29155
2022_15_ARI_DEN,2022,15,REG,DEN,ARI,1,67,-3.5927,-0.053622
2022_15_ATL_NO,2022,15,REG,ATL,NO,0,74,2.0822,0.028138
2022_15_ATL_NO,2022,15,REG,NO,ATL,1,54,2.8253,0.052321
2022_15_BAL_CLE,2022,15,REG,BAL,CLE,0,63,-11.2885,-0.179182
2022_15_BAL_CLE,2022,15,REG,CLE,BAL,1,63,2.239,0.035539
2022_15_CIN_TB,2022,15,REG,CIN,TB,0,63,0.4952,0.00786
2022_15_CIN_TB,2022,15,REG,TB,CIN,1,75,-8.303,-0.110707
2022_15_DAL_JAX,2022,15,REG,DAL,JAX,0,75,4.7551,0.063402
2022_15_DAL_JAX,2022,15,REG,JAX,DAL,1,70,8.1406,0.116294
2022_15_DET_NYJ,2022,15,REG,DET,NYJ,0,68,1.1143,0.016387
2022_15_DET_NYJ,2022,15,REG,NYJ,DET,1,63,-3.6247,-0.057535
2022_15_IND_MIN,2022,15,REG,IND,MIN,0,78,-14.0521,-0.180156
2022_15_IND_MIN,2022,15,REG,MIN,IND,1,91,-7.8954,-0.086763
2022_15_KC_HOU,2022,15,REG,HOU,KC,1,61,-0.6203,-0.010169
2022_15_KC_HOU,2022,15,REG,KC,HOU,0,77,10.4506,0.135723
2022_15_LA_GB,2022,15,REG,GB,LA,1,68,8.7012,0.127959
2022_15_LA_GB,2022,15,REG,LA,GB,0,45,-2.6162,-0.058137
2022_15_MIA_BUF,2022,15,REG,BUF,MIA,1,76,14.6937,0.193339
2022_15_MIA_BUF,2022,15,REG,MIA,BUF,0,59,9.5649,0.162117
2022_15_NE_LV,2022,15,REG,LV,NE,1,68,-5.944,-0.087412
2022_15_NE_LV,2022,15,REG,NE,LV,0,64,-5.1586,-0.080603
2022_15_NYG_WAS,2022,15,REG,NYG,WAS,0,60,3.0979,0.051632
2022_15_NYG_WAS,2022,15,REG,WAS,NYG,1,63,-7.7963,-0.123751
2022_15_PHI_CHI,2022,15,REG,CHI,PHI,1,58,-8.6439,-0.149032
2022_15_PHI_CHI,2022,15,REG,PHI,CHI,0,71,1.1108,0.015645
2022_15_PIT_CAR,2022,15,REG,CAR,PIT,1,45,3.796,0.084356
2022_15_PIT_CAR,2022,15,REG,PIT,CAR,0,67,15.3773,0.229513
2022_15_SF_SEA,2022,15,REG,SEA,SF,1,64,-13.9822,-0.218472
2022_15_SF_SEA,2022,15,REG,SF,SEA,0,61,10.6775,0.17504
2022_15_TEN_LAC,2022,15,REG,LAC,TEN,1,69,-4.8085,-0.069689
2022_15_TEN_LAC,2022,15,REG,TEN,LAC,0,61,-7.3529,-0.120539
2022_16_ATL_BAL,2022,16,REG,ATL,BAL,0,71,-10.2037,-0.143715
2022_16_ATL_BAL,2022,16,REG,BAL,ATL,1,49,0.614,0.01253
2022_16_BUF_CHI,2022,16,REG,BUF,CHI,0,64,8.5867,0.134168
2022_16_BUF_CHI,2022,16,REG,CHI,BUF,1,61,-24.1618,-0.396095
2022_16_CIN_NE,2022,16,REG,CIN,NE,0,82,2.4981,0.030464
2022_16_CIN_NE,2022,16,REG,NE,CIN,1,54,-2.9892,-0.055356
2022_16_DEN_LA,2022,16,REG,DEN,LA,0,67,-20.6862,-0.308749
2022_16_DEN_LA,2022,16,REG,LA,DEN,1,64,19.4611,0.304079
2022_16_DET_CAR,2022,16,REG,CAR,DET,1,67,26.7796,0.399695
2022_16_DET_CAR,2022,16,REG,DET,CAR,0,66,8.3173,0.12602
2022_16_GB_MIA,2022,16,REG,GB,MIA,0,64,-1.9931,-0.031141
2022_16_GB_MIA,2022,16,REG,MIA,GB,1,50,-5.5415,-0.11083
2022_16_HOU_TEN,2022,16,REG,HOU,TEN,0,66,-6.2794,-0.095142
2022_16_HOU_TEN,2022,16,REG,TEN,HOU,1,61,-16.2451,-0.266313
2022_16_JAX_NYJ,2022,16,REG,JAX,NYJ,0,69,4.3276,0.062719
2022_16_JAX_NYJ,2022,16,REG,NYJ,JAX,1,59,-16.6081,-0.281493
2022_16_LAC_IND,2022,16,REG,IND,LAC,1,52,-28.6492,-0.550946
2022_16_LAC_IND,2022,16,REG,LAC,IND,0,65,-3.9797,-0.061227
2022_16_LV_PIT,2022,16,REG,LV,PIT,0,53,-10.3934,-0.196101
2022_16_LV_PIT,2022,16,REG,PIT,LV,1,68,-3.2109,-0.047219
2022_16_NO_CLE,2022,16,REG,CLE,NO,1,70,-17.8371,-0.254816
2022_16_NO_CLE,2022,16,REG,NO,CLE,0,53,-6.0812,-0.11474
2022_16_NYG_MIN,2022,16,REG,MIN,NYG,1,71,-1.1253,-0.015849
2022_16_NYG_MIN,2022,16,REG,NYG,MIN,0,69,1.4712,0.021322
2022_16_PHI_DAL,2022,16,REG,DAL,PHI,1,71,7.5015,0.105655
2022_16_PHI_DAL,2022,16,REG,PHI,DAL,0,70,3.8025,0.054321
2022_16_SEA_KC,2022,16,REG,KC,SEA,1,53,-0.0214,-0.000404
2022_16_SEA_KC,2022,16,REG,SEA,KC,0,76,-13.4366,-0.176797
2022_16_TB_ARI,2022,16,REG,ARI,TB,1,76,-19.4511,-0.255935
2022_16_TB_ARI,2022,16,REG,TB,ARI,0,80,-7.1998,-0.089998
2022_16_WAS_SF,2022,16,REG,SF,WAS,1,52,4.9696,0.095569
2022_16_WAS_SF,2022,16,REG,WAS,SF,0,73,-9.3079,-0.127505
2022_17_ARI_ATL,2022,17,REG,ARI,ATL,0,74,3.1053,0.041963
2022_17_ARI_ATL,2022,17,REG,ATL,ARI,1,61,-5.6065,-0.09191
2022_17_CAR_TB,2022,17,REG,CAR,TB,0,64,-0.2351,-0.003673
2022_17_CAR_TB,2022,17,REG,TB,CAR,1,79,8.1815,0.103564
2022_17_CHI_DET,2022,17,REG,CHI,DET,0,52,-16.3356,-0.314146
2022_17_CHI_DET,2022,17,REG,DET,CHI,1,68,17.2423,0.253564
2022_17_CLE_WAS,2022,17,REG,CLE,WAS,0,53,7.6698,0.144713
2022_17_CLE_WAS,2022,17,REG,WAS,CLE,1,69,-10.6932,-0.154974
2022_17_DAL_TEN,2022,17,REG,DAL,TEN,0,80,7.9268,0.099085
2022_17_DAL_TEN,2022,17,REG,TEN,DAL,1,65,-10.6592,-0.163987
2022_17_DEN_KC,2022,17,REG,DEN,KC,0,70,-5.9906,-0.08558
2022_17_DEN_KC,2022,17,REG,KC,DEN,1,60,5.622,0.093701
2022_17_IND_NYG,2022,17,REG,IND,NYG,0,58,-8.5809,-0.147947
2022_17_IND_NYG,2022,17,REG,NYG,IND,1,63,12.0801,0.191748
2022_17_JAX_HOU,2022,17,REG,HOU,JAX,1,70,-34.0912,-0.487017
2022_17_JAX_HOU,2022,17,REG,JAX,HOU,0,63,-1.5005,-0.023817
2022_17_LA_LAC,2022,17,REG,LA,LAC,0,48,-4.8316,-0.100659
2022_17_LA_LAC,2022,17,REG,LAC,LA,1,64,15.2493,0.23827
2022_17_MIA_NE,2022,17,REG,MIA,NE,0,71,-2.9346,-0.041332
2022_17_MIA_NE,2022,17,REG,NE,MIA,1,58,-1.9429,-0.033498
2022_17_MIN_GB,2022,17,REG,GB,MIN,1,61,6.3954,0.104843
2022_17_MIN_GB,2022,17,REG,MIN,GB,0,58,-11.4987,-0.198253
2022_17_NO_PHI,2022,17,REG,NO,PHI,0,66,-5.8027,-0.08792
2022_17_NO_PHI,2022,17,REG,PHI,NO,1,55,-17.1578,-0.311959
2022_17_NYJ_SEA,2022,17,REG,NYJ,SEA,0,68,-21.6439,-0.318293
2022_17_NYJ_SEA,2022,17,REG,SEA,NYJ,1,72,-0.9708,-0.013483
2022_17_PIT_BAL,2022,17,REG,BAL,PIT,1,51,-0.8073,-0.015829
2022_17_PIT_BAL,2022,17,REG,PIT,BAL,0,68,10.4315,0.153404
2022_17_SF_LV,2022,17,REG,LV,SF,1,69,5.9064,0.0856
2022_17_SF_LV,2022,17,REG,SF,LV,0,65,19.279,0.296599
2022_18_ARI_SF,2022,18,REG,ARI,SF,0,51,-18.5115,-0.362971
2022_18_ARI_SF,2022,18,REG,SF,ARI,1,62,3.6374,0.058668
2022_18_BAL_CIN,2022,18,REG,BAL,CIN,0,76,-22.3429,-0.293985
2022_18_BAL_CIN,2022,18,REG,CIN,BAL,1,66,-12.9385,-0.196038
2022_18_CAR_NO,2022,18,REG,CAR,NO,0,59,-11.9807,-0.203063
2022_18_CAR_NO,2022,18,REG,NO,CAR,1,60,-10.4948,-0.174913
2022_18_CLE_PIT,2022,18,REG,CLE,PIT,0,63,-1.6083,-0.025528
2022_18_CLE_PIT,2022,18,REG,PIT,CLE,1,73,8.7643,0.120059
2022_18_DAL_WAS,2022,18,REG,DAL,WAS,0,68,-33.855,-0.497868
2022_18_DAL_WAS,2022,18,REG,WAS,DAL,1,65,-9.6897,-0.149072
2022_18_DET_GB,2022,18,REG,DET,GB,0,61,6.6456,0.108944
2022_18_DET_GB,2022,18,REG,GB,DET,1,60,-6.3608,-0.106014
2022_18_HOU_IND,2022,18,REG,HOU,IND,0,65,-4.3637,-0.067133
2022_18_HOU_IND,2022,18,REG,IND,HOU,1,72,-3.6237,-0.050329
2022_18_KC_LV,2022,18,REG,KC,LV,0,56,16.1944,0.289186
2022_18_KC_LV,2022,18,REG,LV,KC,1,70,-10.0325,-0.143322
2022_18_LAC_DEN,2022,18,REG,DEN,LAC,1,65,11.5438,0.177596
2022_18_LAC_DEN,2022,18,REG,LAC,DEN,0,67,3.5202,0.052541
2022_18_LA_SEA,2022,18,REG,LA,SEA,0,60,-6.6616,-0.111026
2022_18_LA_SEA,2022,18,REG,SEA,LA,1,69,-7.1039,-0.102955
2022_18_MIN_CHI,2022,18,REG,CHI,MIN,1,49,-7.6857,-0.156851
2022_18_MIN_CHI,2022,18,REG,MIN,CHI,0,71,17.874,0.251747
2022_18_NE_BUF,2022,18,REG,BUF,NE,1,56,4.2413,0.075738
2022_18_NE_BUF,2022,18,REG,NE,BUF,0,67,-3.6216,-0.054054
2022_18_NYG_PHI,2022,18,REG,NYG,PHI,0,64,-0.11,-0.001719
2022_18_NYG_PHI,2022,18,REG,PHI,NYG,1,69,-0.973,-0.014101
2022_18_NYJ_MIA,2022,18,REG,MIA,NYJ,1,65,-6.2912,-0.096787
2022_18_NYJ_MIA,2022,18,REG,NYJ,MIA,0,55,-6.6146,-0.120266
2022_18_TB_ATL,2022,18,REG,ATL,TB,1,68,2.5587,0.037628
2022_18_TB_ATL,2022,18,REG,TB,ATL,0,55,-9.9291,-0.180529
2022_18_TEN_JAX,2022,18,REG,JAX,TEN,1,46,-4.3038,-0.09356
2022_18_TEN_JAX,2022,18,REG,TEN,JAX,0,75,-8.4816,-0.113088
2022_19_BAL_CIN,2022,19,POST,BAL,CIN,0,69,-4.8901,-0.070871
2022_19_BAL_CIN,2022,19,POST,CIN,BAL,1,57,1.0786,0.018923
2022_19_DAL_TB,2022,19,POST,DAL,TB,0,67,25.0273,0.373542
2022_19_DAL_TB,2022,19,POST,TB,DAL,1,82,-3.9944,-0.048712
2022_19_LAC_JAX,2022,19,POST,JAX,LAC,1,74,0.0483,0.000652
2022_19_LAC_JAX,2022,19,POST,LAC,JAX,0,69,4.3083,0.062439
2022_19_MIA_BUF,2022,19,POST,BUF,MIA,1,73,-9.8254,-0.134594
2022_19_MIA_BUF,2022,19,POST,MIA,BUF,0,71,-13.569,-0.191113
2022_19_NYG_MIN,2022,19,POST,MIN,NYG,1,57,10.4395,0.183148
2022_19_NYG_MIN,2022,19,POST,NYG,MIN,0,68,22.4634,0.330344
2022_19_SEA_SF,2022,19,POST,SEA,SF,0,68,5.4219,0.079733
2022_19_SEA_SF,2022,19,POST,SF,SEA,1,64,25.3438,0.395997
2022_20_CIN_BUF,2022,20,POST,BUF,CIN,1,63,-0.7212,-0.011447
2022_20_CIN_BUF,2022,20,POST,CIN,BUF,0,71,19.4053,0.273314
2022_20_DAL_SF,2022,20,POST,DAL,SF,0,61,-6.4033,-0.104973
2022_20_DAL_SF,2022,20,POST,SF,DAL,1,66,0.9336,0.014146
2022_20_JAX_KC,2022,20,POST,JAX,KC,0,60,3.0704,0.051174
2022_20_JAX_KC,2022,20,POST,KC,JAX,1,66,12.2439,0.185514
2022_20_NYG_PHI,2022,20,POST,NYG,PHI,0,52,-11.8612,-0.2281
2022_20_NYG_PHI,2022,20,POST,PHI,NYG,1,69,22.174,0.321363
2022_21_CIN_KC,2022,21,POST,CIN,KC,0,66,0.1554,0.002355
2022_21_CIN_KC,2022,21,POST,KC,CIN,1,69,3.9947,0.057895
2022_21_SF_PHI,2022,21,POST,PHI,SF,1,72,8.8746,0.123258
2022_21_SF_PHI,2022,21,POST,SF,PHI,0,46,-20.0682,-0.436265
2022_22_KC_PHI,2022,22,POST,KC,PHI,0,52,20.5143,0.394506
2022_22_KC_PHI,2022,22,POST,PHI,KC,1,74,10.5911,0.143123
2023_01_ARI_WAS,2023,1,REG,ARI,WAS,0,62,-21.5926,-0.348267
2023_01_ARI_WAS,2023,1,REG,WAS,ARI,1,71,-15.7919,-0.222421
2023_01_BUF_NYJ,2023,1,REG,BUF,NYJ,0,68,-5.3838,-0.079174
2023_01_BUF_NYJ,2023,1,REG,NYJ,BUF,1,52,-1.5543,-0.029891
2023_01_CAR_ATL,2023,1,REG,ATL,CAR,1,50,-6.9468,-0.138936
2023_01_CAR_ATL,2023,1,REG,CAR,ATL,0,77,-19.9177,-0.258672
2023_01_CIN_CLE,2023,1,REG,CIN,CLE,0,54,-22.2181,-0.411446
2023_01_CIN_CLE,2023,1,REG,CLE,CIN,1,74,-10.7964,-0.145897
2023_01_DAL_NYG,2023,1,REG,DAL,NYG,0,58,8.4344,0.145421
2023_01_DAL_NYG,2023,1,REG,NYG,DAL,1,70,-29.8965,-0.427093
2023_01_DET_KC,2023,1,REG,DET,KC,0,67,1.7341,0.025883
2023_01_DET_KC,2023,1,REG,KC,DET,1,65,-7.7005,-0.11847
2023_01_GB_CHI,2023,1,REG,CHI,GB,1,74,-13.046,-0.176297
2023_01_GB_CHI,2023,1,REG,GB,CHI,0,60,9.3421,0.155701
2023_01_HOU_BAL,2023,1,REG,BAL,HOU,1,64,-2.5725,-0.040195
2023_01_HOU_BAL,2023,1,REG,HOU,BAL,0,76,-22.2561,-0.292844
2023_01_JAX_IND,2023,1,REG,IND,JAX,1,72,-26.8618,-0.373081
2023_01_JAX_IND,2023,1,REG,JAX,IND,0,69,-16.8153,-0.2437
2023_01_LA_SEA,2023,1,REG,LA,SEA,0,81,20.5512,0.253718
2023_01_LA_SEA,2023,1,REG,SEA,LA,1,50,-1.8818,-0.037636
2023_01_LV_DEN,2023,1,REG,DEN,LV,1,63,4.4941,0.071334
2023_01_LV_DEN,2023,1,REG,LV,DEN,0,55,9.4976,0.172684
2023_01_MIA_LAC,2023,1,REG,LAC,MIA,1,80,13.6042,0.170052
2023_01_MIA_LAC,2023,1,REG,MIA,LAC,0,65,22.0715,0.339562
2023_01_PHI_NE,2023,1,REG,NE,PHI,1,80,-16.1019,-0.201274
2023_01_PHI_NE,2023,1,REG,PHI,NE,0,65,-8.7351,-0.134386
2023_01_SF_PIT,2023,1,REG,PIT,SF,1,62,-18.3141,-0.295388
2023_01_SF_PIT,2023,1,REG,SF,PIT,0,65,8.2989,0.127675
2023_01_TB_MIN,2023,1,REG,MIN,TB,1,64,-6.3298,-0.098903
2023_01_TB_MIN,2023,1,REG,TB,MIN,0,65,-6.7901,-0.104463
2023_01_TEN_NO,2023,1,REG,NO,TEN,1,63,-4.2595,-0.06761
2023_01_TEN_NO,2023,1,REG,TEN,NO,0,63,-11.1294,-0.176657
2023_02_BAL_CIN,2023,2,REG,BAL,CIN,0,74,16.6197,0.22459
2023_02_BAL_CIN,2023,2,REG,CIN,BAL,1,60,2.7381,0.045635
2023_02_CHI_TB,2023,2,REG,CHI,TB,0,52,-8.9142,-0.171426
2023_02_CHI_TB,2023,2,REG,TB,CHI,1,69,13.2422,0.191916
2023_02_CLE_PIT,2023,2,REG,CLE,PIT,0,87,-19.2068,-0.220767
2023_02_CLE_PIT,2023,2,REG,PIT,CLE,1,51,-19.9903,-0.391966
2023_02_GB_ATL,2023,2,REG,ATL,GB,1,81,7.8409,0.096802
2023_02_GB_ATL,2023,2,REG,GB,ATL,0,49,9.3828,0.191486
2023_02_IND_HOU,2023,2,REG,HOU,IND,1,81,-0.2561,-0.003162
2023_02_IND_HOU,2023,2,REG,IND,HOU,0,57,13.1417,0.230556
2023_02_KC_JAX,2023,2,REG,JAX,KC,1,66,-17.0679,-0.258604
2023_02_KC_JAX,2023,2,REG,KC,JAX,0,64,6.577,0.102766
2023_02_LAC_TEN,2023,2,REG,LAC,TEN,0,68,5.1611,0.075898
2023_02_LAC_TEN,2023,2,REG,TEN,LAC,1,65,5.1467,0.07918
2023_02_LV_BUF,2023,2,REG,BUF,LV,1,76,23.9795,0.31552
2023_02_LV_BUF,2023,2,REG,LV,BUF,0,40,-9.0523,-0.226307
2023_02_MIA_NE,2023,2,REG,MIA,NE,0,62,11.7015,0.188734
2023_02_MIA_NE,2023,2,REG,NE,MIA,1,73,-5.4246,-0.07431
2023_02_MIN_PHI,2023,2,REG,MIN,PHI,0,58,4.7359,0.081654
2023_02_MIN_PHI,2023,2,REG,PHI,MIN,1,77,7.6716,0.099631
2023_02_NO_CAR,2023,2,REG,CAR,NO,1,60,-6.3315,-0.105525
2023_02_NO_CAR,2023,2,REG,NO,CAR,0,74,3.9532,0.053422
2023_02_NYG_ARI,2023,2,REG,ARI,NYG,1,64,12.2774,0.191834
2023_02_NYG_ARI,2023,2,REG,NYG,ARI,0,68,13.6318,0.200468
2023_02_NYJ_DAL,2023,2,REG,DAL,NYJ,1,83,8.0822,0.097376
2023_02_NYJ_DAL,2023,2,REG,NYJ,DAL,0,47,-20.2939,-0.431786
2023_02_SEA_DET,2023,2,REG,DET,SEA,1,66,-2.1526,-0.032615
2023_02_SEA_DET,2023,2,REG,SEA,DET,0,70,15.2911,0.218444
2023_02_SF_LA,2023,2,REG,LA,SF,1,79,-5.6977,-0.072123
2023_02_SF_LA,2023,2,REG,SF,LA,0,57,7.8732,0.138127
2023_02_WAS_DEN,2023,2,REG,DEN,WAS,1,65,8.5283,0.131205
2023_02_WAS_DEN,2023,2,REG,WAS,DEN,0,73,15.9961,0.219125
2023_03_ATL_DET,2023,3,REG,ATL,DET,0,67,-18.9159,-0.282327
2023_03_ATL_DET,2023,3,REG,DET,ATL,1,67,-3.6089,-0.053864
2023_03_BUF_WAS,2023,3,REG,BUF,WAS,0,66,10.4381,0.158154
2023_03_BUF_WAS,2023,3,REG,WAS,BUF,1,54,-28.9189,-0.535536
2023_03_CAR_SEA,2023,3,REG,CAR,SEA,0,79,6.8,0.086076
2023_03_CAR_SEA,2023,3,REG,SEA,CAR,1,71,12.9211,0.181987
2023_03_CHI_KC,2023,3,REG,CHI,KC,0,51,-15.3855,-0.301676
2023_03_CHI_KC,2023,3,REG,KC,CHI,1,75,16.9774,0.226366
2023_03_DAL_ARI,2023,3,REG,ARI,DAL,1,59,12.9562,0.219597
2023_03_DAL_ARI,2023,3,REG,DAL,ARI,0,81,4.5291,0.055914
2023_03_DEN_MIA,2023,3,REG,DEN,MIA,0,62,-16.8903,-0.272424
2023_03_DEN_MIA,2023,3,REG,MIA,DEN,1,72,44.4452,0.617294
2023_03_HOU_JAX,2023,3,REG,HOU,JAX,0,56,12.3272,0.220129
2023_03_HOU_JAX,2023,3,REG,JAX,HOU,1,73,-1.5479,-0.021204
2023_03_IND_BAL,2023,3,REG,BAL,IND,1,72,-10.4252,-0.144795
2023_03_IND_BAL,2023,3,REG,IND,BAL,0,84,-12.957,-0.15425
2023_03_LAC_MIN,2023,3,REG,LAC,MIN,0,65,10.3655,0.15947
2023_03_LAC_MIN,2023,3,REG,MIN,LAC,1,83,1.2188,0.014684
2023_03_LA_CIN,2023,3,REG,CIN,LA,1,73,-5.8356,-0.07994
2023_03_LA_CIN,2023,3,REG,LA,CIN,0,55,-7.7006,-0.140011
2023_03_NE_NYJ,2023,3,REG,NE,NYJ,0,71,-2.6345,-0.037106
2023_03_NE_NYJ,2023,3,REG,NYJ,NE,1,62,-20.175,-0.325404
2023_03_NO_GB,2023,3,REG,GB,NO,1,75,0.7377,0.009836
2023_03_NO_GB,2023,3,REG,NO,GB,0,61,-4.6337,-0.075962
2023_03_NYG_SF,2023,3,REG,NYG,SF,0,50,-10.6366,-0.212733
2023_03_NYG_SF,2023,3,REG,SF,NYG,1,80,16.4353,0.205442
2023_03_PHI_TB,2023,3,REG,PHI,TB,0,80,6.8422,0.085528
2023_03_PHI_TB,2023,3,REG,TB,PHI,1,47,-7.7294,-0.164456
2023_03_PIT_LV,2023,3,REG,LV,PIT,1,72,-8.0771,-0.112182
2023_03_PIT_LV,2023,3,REG,PIT,LV,0,61,2.3857,0.039109
2023_03_TEN_CLE,2023,3,REG,CLE,TEN,1,71,9.8201,0.138311
2023_03_TEN_CLE,2023,3,REG,TEN,CLE,0,47,-18.0795,-0.38467
2023_04_ARI_SF,2023,4,REG,ARI,SF,0,72,10.207,0.141764
2023_04_ARI_SF,2023,4,REG,SF,ARI,1,53,27.5833,0.52044
2023_04_ATL_JAX,2023,4,REG,ATL,JAX,0,58,-17.0991,-0.294812
2023_04_ATL_JAX,2023,4,REG,JAX,ATL,1,63,2.4324,0.038609
2023_04_BAL_CLE,2023,4,REG,BAL,CLE,0,58,0.9269,0.015981
2023_04_BAL_CLE,2023,4,REG,CLE,BAL,1,68,-29.9003,-0.43971
2023_04_CIN_TEN,2023,4,REG,CIN,TEN,0,52,-10.048,-0.193231
2023_04_CIN_TEN,2023,4,REG,TEN,CIN,1,65,14.2074,0.218575
2023_04_DEN_CHI,2023,4,REG,CHI,DEN,1,72,8.4341,0.11714
2023_04_DEN_CHI,2023,4,REG,DEN,CHI,0,47,16.4108,0.349165
2023_04_DET_GB,2023,4,REG,DET,GB,0,74,7.8683,0.106328
2023_04_DET_GB,2023,4,REG,GB,DET,1,57,-11.7517,-0.20617
2023_04_KC_NYJ,2023,4,REG,KC,NYJ,0,68,10.1926,0.149891
2023_04_KC_NYJ,2023,4,REG,NYJ,KC,1,59,0.5297,0.008978
2023_04_LA_IND,2023,4,REG,IND,LA,1,63,2.7153,0.043101
2023_04_LA_IND,2023,4,REG,LA,IND,0,82,12.7823,0.155882
2023_04_LV_LAC,2023,4,REG,LAC,LV,1,60,-0.8269,-0.013782
2023_04_LV_LAC,2023,4,REG,LV,LAC,0,73,-12.3157,-0.168709
2023_04_MIA_BUF,2023,4,REG,BUF,MIA,1,54,24.5725,0.455047
2023_04_MIA_BUF,2023,4,REG,MIA,BUF,0,65,-1.7964,-0.027637
2023_04_MIN_CAR,2023,4,REG,CAR,MIN,1,72,-16.6966,-0.231898
2023_04_MIN_CAR,2023,4,REG,MIN,CAR,0,48,-6.2003,-0.129172
2023_04_NE_DAL,2023,4,REG,DAL,NE,1,67,6.8425,0.102127
2023_04_NE_DAL,2023,4,REG,NE,DAL,0,55,-26.292,-0.478037
2023_04_PIT_HOU,2023,4,REG,HOU,PIT,1,69,10.3285,0.149689
2023_04_PIT_HOU,2023,4,REG,PIT,HOU,0,59,-14.6627,-0.248521
2023_04_SEA_NYG,2023,4,REG,NYG,SEA,1,75,-34.4678,-0.459571
2023_04_SEA_NYG,2023,4,REG,SEA,NYG,0,55,-8.6026,-0.156412
2023_04_TB_NO,2023,4,REG,NO,TB,1,64,-20.1774,-0.315272
2023_04_TB_NO,2023,4,REG,TB,NO,0,68,4.6699,0.068675
2023_04_WAS_PHI,2023,4,REG,PHI,WAS,1,71,13.3385,0.187867
2023_04_WAS_PHI,2023,4,REG,WAS,PHI,0,78,17.0298,0.218331
2023_05_BAL_PIT,2023,5,REG,BAL,PIT,0,70,-16.2517,-0.232168
2023_05_BAL_PIT,2023,5,REG,PIT,BAL,1,61,-1.7234,-0.028253
2023_05_CAR_DET,2023,5,REG,CAR,DET,0,71,-2.2203,-0.031272
2023_05_CAR_DET,2023,5,REG,DET,CAR,1,57,14.4124,0.252849
2023_05_CHI_WAS,2023,5,REG,CHI,WAS,0,64,19.7726,0.308947
2023_05_CHI_WAS,2023,5,REG,WAS,CHI,1,70,-4.2513,-0.060733
2023_05_CIN_ARI,2023,5,REG,ARI,CIN,1,57,-16.8045,-0.294815
2023_05_CIN_ARI,2023,5,REG,CIN,ARI,0,81,-0.4341,-0.005359
2023_05_DAL_SF,2023,5,REG,DAL,SF,0,48,-21.4406,-0.44668
2023_05_DAL_SF,2023,5,REG,SF,DAL,1,70,15.4713,0.221019
2023_05_GB_LV,2023,5,REG,GB,LV,0,58,-11.7002,-0.201727
2023_05_GB_LV,2023,5,REG,LV,GB,1,61,-4.8783,-0.079973
2023_05_HOU_ATL,2023,5,REG,ATL,HOU,1,74,-2.0159,-0.027242
2023_05_HOU_ATL,2023,5,REG,HOU,ATL,0,59,-3.7352,-0.063308
2023_05_JAX_BUF,2023,5,REG,BUF,JAX,1,59,6.6903,0.113396
2023_05_JAX_BUF,2023,5,REG,JAX,BUF,0,87,17.4368,0.200423
2023_05_KC_MIN,2023,5,REG,KC,MIN,0,65,13.3398,0.205227
2023_05_KC_MIN,2023,5,REG,MIN,KC,1,71,0.8771,0.012353
2023_05_NO_NE,2023,5,REG,NE,NO,1,54,-38.6795,-0.716287
2023_05_NO_NE,2023,5,REG,NO,NE,0,68,0.6529,0.009602
2023_05_NYG_MIA,2023,5,REG,MIA,NYG,1,52,5.0686,0.097474
2023_05_NYG_MIA,2023,5,REG,NYG,MIA,0,73,-7.4001,-0.101371
2023_05_NYJ_DEN,2023,5,REG,DEN,NYJ,1,62,-13.3329,-0.215046
2023_05_NYJ_DEN,2023,5,REG,NYJ,DEN,0,65,-1.5876,-0.024424
2023_05_PHI_LA,2023,5,REG,LA,PHI,1,56,-0.9397,-0.01678
2023_05_PHI_LA,2023,5,REG,PHI,LA,0,79,12.5386,0.158716
2023_05_TEN_IND,2023,5,REG,IND,TEN,1,65,13.5907,0.209088
2023_05_TEN_IND,2023,5,REG,TEN,IND,0,59,5.5239,0.093625
2023_06_ARI_LA,2023,6,REG,ARI,LA,0,75,-20.2825,-0.270433
2023_06_ARI_LA,2023,6,REG,LA,ARI,1,55,5.925,0.107726
2023_06_BAL_TEN,2023,6,REG,BAL,TEN,0,70,1.5584,0.022262
2023_06_BAL_TEN,2023,6,REG,TEN,BAL,1,55,-2.5862,-0.047021
2023_06_CAR_MIA,2023,6,REG,CAR,MIA,0,69,-9.611,-0.139289
2023_06_CAR_MIA,2023,6,REG,MIA,CAR,1,64,12.5167,0.195573
2023_06_DAL_LAC,2023,6,REG,DAL,LAC,0,62,4.3173,0.069634
2023_06_DAL_LAC,2023,6,REG,LAC,DAL,1,72,-8.6314,-0.119881
2023_06_DEN_KC,2023,6,REG,DEN,KC,0,52,-13.2361,-0.254541
2023_06_DEN_KC,2023,6,REG,KC,DEN,1,69,-1.696,-0.024579
2023_06_DET_TB,2023,6,REG,DET,TB,0,69,8.2025,0.118877
2023_06_DET_TB,2023,6,REG,TB,DET,1,56,-13.836,-0.247071
2023_06_IND_JAX,2023,6,REG,IND,JAX,0,78,-15.208,-0.194974
2023_06_IND_JAX,2023,6,REG,JAX,IND,1,60,-1.9537,-0.032562
2023_06_MIN_CHI,2023,6,REG,CHI,MIN,1,65,-19.521,-0.300324
2023_06_MIN_CHI,2023,6,REG,MIN,CHI,0,56,-12.2357,-0.218494
2023_06_NE_LV,2023,6,REG,LV,NE,1,67,-0.96,-0.014328
2023_06_NE_LV,2023,6,REG,NE,LV,0,59,0.3005,0.005093
2023_06_NO_HOU,2023,6,REG,HOU,NO,1,62,2.8516,0.045993
2023_06_NO_HOU,2023,6,REG,NO,HOU,0,82,2.3311,0.028428
2023_06_NYG_BUF,2023,6,REG,BUF,NYG,1,61,-0.7225,-0.011845
2023_06_NYG_BUF,2023,6,REG,NYG,BUF,0,75,-9.1102,-0.121469
2023_06_PHI_NYJ,2023,6,REG,NYJ,PHI,1,63,-6.2074,-0.098531
2023_06_PHI_NYJ,2023,6,REG,PHI,NYJ,0,70,-9.0207,-0.128867
2023_06_SEA_CIN,2023,6,REG,CIN,SEA,1,53,-4.6583,-0.087893
2023_06_SEA_CIN,2023,6,REG,SEA,CIN,0,73,-5.1121,-0.070028
2023_06_SF_CLE,2023,6,REG,CLE,SF,1,75,-13.6663,-0.182217
2023_06_SF_CLE,2023,6,REG,SF,CLE,0,60,-8.492,-0.141533
2023_06_WAS_ATL,2023,6,REG,ATL,WAS,1,82,-9.891,-0.120622
2023_06_WAS_ATL,2023,6,REG,WAS,ATL,0,49,-1.4139,-0.028856
2023_07_ARI_SEA,2023,7,REG,ARI,SEA,0,67,-14.6834,-0.219156
2023_07_ARI_SEA,2023,7,REG,SEA,ARI,1,58,0.3859,0.006653
2023_07_ATL_TB,2023,7,REG,ATL,TB,0,65,-1.8334,-0.028206
2023_07_ATL_TB,2023,7,REG,TB,ATL,1,72,-4.7945,-0.066591
2023_07_BUF_NE,2023,7,REG,BUF,NE,0,71,11.4784,0.161668
2023_07_BUF_NE,2023,7,REG,NE,BUF,1,60,9.6373,0.160622
2023_07_CLE_IND,2023,7,REG,CLE,IND,0,73,-9.5099,-0.130273
2023_07_CLE_IND,2023,7,REG,IND,CLE,1,70,-4.5582,-0.065117
2023_07_DET_BAL,2023,7,REG,BAL,DET,1,59,23.4468,0.397404
2023_07_DET_BAL,2023,7,REG,DET,BAL,0,75,-12.5219,-0.166959
2023_07_GB_DEN,2023,7,REG,DEN,GB,1,59,5.7063,0.096717
2023_07_GB_DEN,2023,7,REG,GB,DEN,0,64,9.567,0.149484
2023_07_JAX_NO,2023,7,REG,JAX,NO,0,54,0.4181,0.007742
2023_07_JAX_NO,2023,7,REG,NO,JAX,1,90,-12.187,-0.135412
2023_07_LAC_KC,2023,7,REG,KC,LAC,1,66,15.9476,0.24163
2023_07_LAC_KC,2023,7,REG,LAC,KC,0,62,2.9326,0.0473
2023_07_LV_CHI,2023,7,REG,CHI,LV,1,69,10.7039,0.155128
2023_07_LV_CHI,2023,7,REG,LV,CHI,0,65,-7.0628,-0.108659
2023_07_MIA_PHI,2023,7,REG,MIA,PHI,0,49,-7.8245,-0.159684
2023_07_MIA_PHI,2023,7,REG,PHI,MIA,1,69,10.1188,0.14665
2023_07_PIT_LA,2023,7,REG,LA,PIT,1,68,-2.8197,-0.041467
2023_07_PIT_LA,2023,7,REG,PIT,LA,0,54,1.3739,0.025443
2023_07_SF_MIN,2023,7,REG,MIN,SF,1,68,11.4485,0.168361
2023_07_SF_MIN,2023,7,REG,SF,MIN,0,51,3.9954,0.078341
2023_07_WAS_NYG,2023,7,REG,NYG,WAS,1,65,-3.1595,-0.048608
2023_07_WAS_NYG,2023,7,REG,WAS,NYG,0,69,-15.6291,-0.226509
2023_08_ATL_TEN,2023,8,REG,ATL,TEN,0,67,-3.3868,-0.050549
2023_08_ATL_TEN,2023,8,REG,TEN,ATL,1,66,2.6357,0.039935
2023_08_BAL_ARI,2023,8,REG,ARI,BAL,1,75,-10.0833,-0.134444
2023_08_BAL_ARI,2023,8,REG,BAL,ARI,0,64,6.0713,0.094864
2023_08_CHI_LAC,2023,8,REG,CHI,LAC,0,64,-11.6946,-0.182728
2023_08_CHI_LAC,2023,8,REG,LAC,CHI,1,69,0.675,0.009783
2023_08_CIN_SF,2023,8,REG,CIN,SF,0,62,15.5035,0.250056
2023_08_CIN_SF,2023,8,REG,SF,CIN,1,59,-2.5088,-0.042522
2023_08_CLE_SEA,2023,8,REG,CLE,SEA,0,77,-1.4622,-0.01899
2023_08_CLE_SEA,2023,8,REG,SEA,CLE,1,56,3.6264,0.064757
2023_08_HOU_CAR,2023,8,REG,CAR,HOU,1,67,-7.0192,-0.104765
2023_08_HOU_CAR,2023,8,REG,HOU,CAR,0,58,-2.659,-0.045844
2023_08_JAX_PIT,2023,8,REG,JAX,PIT,0,71,-5.1758,-0.072899
2023_08_JAX_PIT,2023,8,REG,PIT,JAX,1,66,-12.754,-0.193242
2023_08_KC_DEN,2023,8,REG,DEN,KC,1,71,-3.0753,-0.043314
2023_08_KC_DEN,2023,8,REG,KC,DEN,0,60,-16.064,-0.267734
2023_08_LA_DAL,2023,8,REG,DAL,LA,1,62,12.8452,0.207181
2023_08_LA_DAL,2023,8,REG,LA,DAL,0,62,-9.8177,-0.158351
2023_08_LV_DET,2023,8,REG,DET,LV,1,84,-9.3423,-0.111218
2023_08_LV_DET,2023,8,REG,LV,DET,0,46,-21.645,-0.470544
2023_08_MIN_GB,2023,8,REG,GB,MIN,1,68,-14.2639,-0.209764
2023_08_MIN_GB,2023,8,REG,MIN,GB,0,70,14.9421,0.213459
2023_08_NE_MIA,2023,8,REG,MIA,NE,1,74,6.2014,0.083803
2023_08_NE_MIA,2023,8,REG,NE,MIA,0,52,-11.0051,-0.211636
2023_08_NO_IND,2023,8,REG,IND,NO,1,71,5.2673,0.074187
2023_08_NO_IND,2023,8,REG,NO,IND,0,65,21.6466,0.333024
2023_08_NYJ_NYG,2023,8,REG,NYG,NYJ,1,75,-22.7608,-0.303477
2023_08_NYJ_NYG,2023,8,REG,NYJ,NYG,0,63,-22.9535,-0.364341
2023_08_PHI_WAS,2023,8,REG,PHI,WAS,0,61,16.0674,0.2634
2023_08_PHI_WAS,2023,8,REG,WAS,PHI,1,72,3.4839,0.048388
2023_08_TB_BUF,2023,8,REG,BUF,TB,1,68,5.9905,0.088096
2023_08_TB_BUF,2023,8,REG,TB,BUF,0,67,4.681,0.069866
2023_09_ARI_CLE,2023,9,REG,ARI,CLE,0,51,-39.1055,-0.766774
2023_09_ARI_CLE,2023,9,REG,CLE,ARI,1,72,-5.3777,-0.074691
2023_09_BUF_CIN,2023,9,REG,BUF,CIN,0,58,3.3867,0.058392
2023_09_BUF_CIN,2023,9,REG,CIN,BUF,1,67,12.4215,0.185395
2023_09_CHI_NO,2023,9,REG,CHI,NO,0,68,-11.2529,-0.165483
2023_09_CHI_NO,2023,9,REG,NO,CHI,1,62,-2.6265,-0.042363
2023_09_DAL_PHI,2023,9,REG,DAL,PHI,0,74,10.4154,0.140749
2023_09_DAL_PHI,2023,9,REG,PHI,DAL,1,62,14.9794,0.241604
2023_09_IND_CAR,2023,9,REG,CAR,IND,1,71,-21.198,-0.298563
2023_09_IND_CAR,2023,9,REG,IND,CAR,0,58,-2.2827,-0.039357
2023_09_LAC_NYJ,2023,9,REG,LAC,NYJ,0,56,-6.1588,-0.109979
2023_09_LAC_NYJ,2023,9,REG,NYJ,LAC,1,81,-27.716,-0.342173
2023_09_LA_GB,2023,9,REG,GB,LA,1,69,-3.3741,-0.0489
2023_09_LA_GB,2023,9,REG,LA,GB,0,58,-23.1974,-0.399955
2023_09_MIA_KC,2023,9,REG,KC,MIA,1,57,-0.1544,-0.002709
2023_09_MIA_KC,2023,9,REG,MIA,KC,0,63,-10.0392,-0.159353
2023_09_MIN_ATL,2023,9,REG,ATL,MIN,1,68,-10.0138,-0.147262
2023_09_MIN_ATL,2023,9,REG,MIN,ATL,0,74,-0.9082,-0.012273
2023_09_NYG_LV,2023,9,REG,LV,NYG,1,60,-1.0807,-0.018012
2023_09_NYG_LV,2023,9,REG,NYG,LV,0,63,-24.5797,-0.390154
2023_09_SEA_BAL,2023,9,REG,BAL,SEA,1,73,14.268,0.195452
2023_09_SEA_BAL,2023,9,REG,SEA,BAL,0,48,-21.4854,-0.447613
2023_09_TB_HOU,2023,9,REG,HOU,TB,1,71,14.2186,0.200262
2023_09_TB_HOU,2023,9,REG,TB,HOU,0,66,11.164,0.169152
2023_09_TEN_PIT,2023,9,REG,PIT,TEN,1,63,10.4858,0.166442
2023_09_TEN_PIT,2023,9,REG,TEN,PIT,0,73,2.5995,0.03561
2023_09_WAS_NE,2023,9,REG,NE,WAS,1,63,-3.0967,-0.049154
2023_09_WAS_NE,2023,9,REG,WAS,NE,0,77,3.4738,0.045115
2023_10_ATL_ARI,2023,10,REG,ARI,ATL,1,64,-1.4716,-0.022994
2023_10_ATL_ARI,2023,10,REG,ATL,ARI,0,70,1.5956,0.022794
2023_10_CAR_CHI,2023,10,REG,CAR,CHI,0,60,-8.7955,-0.146591
2023_10_CAR_CHI,2023,10,REG,CHI,CAR,1,71,-6.0404,-0.085077
2023_10_CLE_BAL,2023,10,REG,BAL,CLE,1,54,-0.8447,-0.015642
2023_10_CLE_BAL,2023,10,REG,CLE,BAL,0,77,6.4332,0.083548
2023_10_DEN_BUF,2023,10,REG,BUF,DEN,1,54,-4.4903,-0.083154
2023_10_DEN_BUF,2023,10,REG,DEN,BUF,0,73,-0.1308,-0.001792
2023_10_DET_LAC,2023,10,REG,DET,LAC,0,63,26.9993,0.42856
2023_10_DET_LAC,2023,10,REG,LAC,DET,1,72,19.2573,0.267463
2023_10_GB_PIT,2023,10,REG,GB,PIT,0,67,4.0717,0.060772
2023_10_GB_PIT,2023,10,REG,PIT,GB,1,65,4.1578,0.063966
2023_10_HOU_CIN,2023,10,REG,CIN,HOU,1,63,1.8747,0.029757
2023_10_HOU_CIN,2023,10,REG,HOU,CIN,0,75,10.3888,0.138518
2023_10_IND_NE,2023,10,REG,IND,NE,0,56,-2.3811,-0.04252
2023_10_IND_NE,2023,10,REG,NE,IND,1,69,-0.4415,-0.006398
2023_10_NO_MIN,2023,10,REG,MIN,NO,1,73,5.5738,0.076353
2023_10_NO_MIN,2023,10,REG,NO,MIN,0,67,-2.2228,-0.033177
2023_10_NYG_DAL,2023,10,REG,DAL,NYG,1,77,22.7652,0.295653
2023_10_NYG_DAL,2023,10,REG,NYG,DAL,0,56,-13.388,-0.239071
2023_10_NYJ_LV,2023,10,REG,LV,NYJ,1,64,-14.1716,-0.221431
2023_10_NYJ_LV,2023,10,REG,NYJ,LV,0,66,-12.4644,-0.188854
2023_10_SF_JAX,2023,10,REG,JAX,SF,1,57,-20.3922,-0.357758
2023_10_SF_JAX,2023,10,REG,SF,JAX,0,59,16.2303,0.27509
2023_10_TEN_TB,2023,10,REG,TB,TEN,1,64,2.8137,0.043963
2023_10_TEN_TB,2023,10,REG,TEN,TB,0,63,-13.2828,-0.210837
2023_10_WAS_SEA,2023,10,REG,SEA,WAS,1,79,9.7047,0.122844
2023_10_WAS_SEA,2023,10,REG,WAS,SEA,0,61,6.6585,0.109156
2023_11_ARI_HOU,2023,11,REG,ARI,HOU,0,61,-4.3061,-0.070592
2023_11_ARI_HOU,2023,11,REG,HOU,ARI,1,66,-3.4901,-0.05288
2023_11_CHI_DET,2023,11,REG,CHI,DET,0,74,3.6,0.048649
2023_11_CHI_DET,2023,11,REG,DET,CHI,1,61,5.2425,0.085942
2023_11_CIN_BAL,2023,11,REG,BAL,CIN,1,65,11.1334,0.171283
2023_11_CIN_BAL,2023,11,REG,CIN,BAL,0,61,5.9809,0.098048
2023_11_DAL_CAR,2023,11,REG,CAR,DAL,1,58,-17.1426,-0.295562
2023_11_DAL_CAR,2023,11,REG,DAL,CAR,0,69,13.5673,0.196628
2023_11_LAC_GB,2023,11,REG,GB,LAC,1,71,8.787,0.12376
2023_11_LAC_GB,2023,11,REG,LAC,GB,0,63,3.15,0.05
2023_11_LV_MIA,2023,11,REG,LV,MIA,0,61,-16.8883,-0.276857
2023_11_LV_MIA,2023,11,REG,MIA,LV,1,69,-6.3792,-0.092452
2023_11_MIN_DEN,2023,11,REG,DEN,MIN,1,54,-4.3346,-0.080271
2023_11_MIN_DEN,2023,11,REG,MIN,DEN,0,75,-2.6226,-0.034967
2023_11_NYG_WAS,2023,11,REG,NYG,WAS,0,55,-1.9886,-0.036157
2023_11_NYG_WAS,2023,11,REG,WAS,NYG,1,81,-8.64,-0.106666
2023_11_NYJ_BUF,2023,11,REG,BUF,NYJ,1,74,6.7786,0.091603
2023_11_NYJ_BUF,2023,11,REG,NYJ,BUF,0,58,-18.5005,-0.318975
2023_11_PHI_KC,2023,11,REG,KC,PHI,1,78,-7.1312,-0.091425
2023_11_PHI_KC,2023,11,REG,PHI,KC,0,53,-0.9225,-0.017405
2023_11_PIT_CLE,2023,11,REG,CLE,PIT,1,73,-10.742,-0.147151
2023_11_PIT_CLE,2023,11,REG,PIT,CLE,0,57,-7.0149,-0.123068
2023_11_SEA_LA,2023,11,REG,LA,SEA,1,66,-4.6516,-0.070479
2023_11_SEA_LA,2023,11,REG,SEA,LA,0,63,-2.7719,-0.043999
2023_11_TB_SF,2023,11,REG,SF,TB,1,58,12.8237,0.221098
2023_11_TB_SF,2023,11,REG,TB,SF,0,70,-3.4444,-0.049206
2023_11_TEN_JAX,2023,11,REG,JAX,TEN,1,71,17.6205,0.248176
2023_11_TEN_JAX,2023,11,REG,TEN,JAX,0,38,2.5263,0.066483
2023_12_BAL_LAC,2023,12,REG,BAL,LAC,0,69,-0.112,-0.001623
2023_12_BAL_LAC,2023,12,REG,LAC,BAL,1,66,-19.9103,-0.301671
2023_12_BUF_PHI,2023,12,REG,BUF,PHI,0,94,12.835,0.136543
2023_12_BUF_PHI,2023,12,REG,PHI,BUF,1,65,3.9257,0.060395
2023_12_CAR_TEN,2023,12,REG,CAR,TEN,0,74,-6.9849,-0.094391
2023_12_CAR_TEN,2023,12,REG,TEN,CAR,1,49,2.0136,0.041093
2023_12_CHI_MIN,2023,12,REG,CHI,MIN,0,65,-7.86,-0.120923
2023_12_CHI_MIN,2023,12,REG,MIN,CHI,1,55,-20.0273,-0.364132
2023_12_CLE_DEN,2023,12,REG,CLE,DEN,0,72,-15.2504,-0.211811
2023_12_CLE_DEN,2023,12,REG,DEN,CLE,1,63,2.5504,0.040482
2023_12_GB_DET,2023,12,REG,DET,GB,1,85,-8.7479,-0.102917
2023_12_GB_DET,2023,12,REG,GB,DET,0,55,6.5855,0.119736
2023_12_JAX_HOU,2023,12,REG,HOU,JAX,1,60,1.9776,0.03296
2023_12_JAX_HOU,2023,12,REG,JAX,HOU,0,75,7.025,0.093666
2023_12_KC_LV,2023,12,REG,KC,LV,0,58,12.8193,0.221022
2023_12_KC_LV,2023,12,REG,LV,KC,1,58,-1.5324,-0.026421
2023_12_LA_ARI,2023,12,REG,ARI,LA,1,72,-7.6125,-0.105729
2023_12_LA_ARI,2023,12,REG,LA,ARI,0,67,20.7931,0.310345
2023_12_MIA_NYJ,2023,12,REG,MIA,NYJ,0,68,5.1502,0.075739
2023_12_MIA_NYJ,2023,12,REG,NYJ,MIA,1,58,-19.6787,-0.339288
2023_12_NE_NYG,2023,12,REG,NE,NYG,0,68,-11.1465,-0.163919
2023_12_NE_NYG,2023,12,REG,NYG,NE,1,51,-14.0989,-0.276449
2023_12_NO_ATL,2023,12,REG,ATL,NO,1,61,3.114,0.05105
2023_12_NO_ATL,2023,12,REG,NO,ATL,0,71,-4.944,-0.069634
2023_12_PIT_CIN,2023,12,REG,CIN,PIT,1,42,-9.0057,-0.214422
2023_12_PIT_CIN,2023,12,REG,PIT,CIN,0,68,4.2316,0.062229
2023_12_SF_SEA,2023,12,REG,SEA,SF,1,56,-15.1749,-0.27098
2023_12_SF_SEA,2023,12,REG,SF,SEA,0,64,8.2096,0.128275
2023_12_TB_IND,2023,12,REG,IND,TB,1,72,4.1894,0.058187
2023_12_TB_IND,2023,12,REG,TB,IND,0,60,-5.6561,-0.094268
2023_12_WAS_DAL,2023,12,REG,DAL,WAS,1,54,21.6399,0.400738
2023_12_WAS_DAL,2023,12,REG,WAS,DAL,0,78,-16.324,-0.209282
2023_13_ARI_PIT,2023,13,REG,ARI,PIT,0,64,4.8526,0.075821
2023_13_ARI_PIT,2023,13,REG,PIT,ARI,1,60,-5.2404,-0.087341
2023_13_ATL_NYJ,2023,13,REG,ATL,NYJ,0,67,-13.2216,-0.197337
2023_13_ATL_NYJ,2023,13,REG,NYJ,ATL,1,68,-22.8382,-0.335856
2023_13_CAR_TB,2023,13,REG,CAR,TB,0,72,-6.9114,-0.095992
2023_13_CAR_TB,2023,13,REG,TB,CAR,1,60,-1.6502,-0.027503
2023_13_CIN_JAX,2023,13,REG,CIN,JAX,0,73,14.8778,0.203806
2023_13_CIN_JAX,2023,13,REG,JAX,CIN,1,69,11.4575,0.16605
2023_13_CLE_LA,2023,13,REG,CLE,LA,0,71,-7.1334,-0.100471
2023_13_CLE_LA,2023,13,REG,LA,CLE,1,62,10.29,0.165968
2023_13_DEN_HOU,2023,13,REG,DEN,HOU,0,59,-11.0826,-0.187841
2023_13_DEN_HOU,2023,13,REG,HOU,DEN,1,67,-6.4306,-0.09598
2023_13_DET_NO,2023,13,REG,DET,NO,0,56,8.9142,0.159182
2023_13_DET_NO,2023,13,REG,NO,DET,1,66,-2.3907,-0.036222
2023_13_IND_TEN,2023,13,REG,IND,TEN,0,70,0.4597,0.006567
2023_13_IND_TEN,2023,13,REG,TEN,IND,1,85,3.0286,0.03563
2023_13_KC_GB,2023,13,REG,GB,KC,1,64,17.9655,0.280711
2023_13_KC_GB,2023,13,REG,KC,GB,0,67,8.6786,0.129532
2023_13_LAC_NE,2023,13,REG,LAC,NE,0,59,-8.7241,-0.147866
2023_13_LAC_NE,2023,13,REG,NE,LAC,1,63,-16.2869,-0.258522
2023_13_MIA_WAS,2023,13,REG,MIA,WAS,0,61,24.0044,0.393515
2023_13_MIA_WAS,2023,13,REG,WAS,MIA,1,55,-9.7151,-0.176639
2023_13_SEA_DAL,2023,13,REG,DAL,SEA,1,87,21.0047,0.241433
2023_13_SEA_DAL,2023,13,REG,SEA,DAL,0,68,17.3386,0.25498
2023_13_SF_PHI,2023,13,REG,PHI,SF,1,72,5.589,0.077626
2023_13_SF_PHI,2023,13,REG,SF,PHI,0,58,30.8199,0.531378
2023_14_BUF_KC,2023,14,REG,BUF,KC,0,74,-0.1049,-0.001417
2023_14_BUF_KC,2023,14,REG,KC,BUF,1,66,-6.0223,-0.091248
2023_14_CAR_NO,2023,14,REG,CAR,NO,0,81,-25.9112,-0.319892
2023_14_CAR_NO,2023,14,REG,NO,CAR,1,50,-9.5469,-0.190937
2023_14_DEN_LAC,2023,14,REG,DEN,LAC,0,64,-3.9033,-0.06099
2023_14_DEN_LAC,2023,14,REG,LAC,DEN,1,68,-31.0869,-0.45716
2023_14_DET_CHI,2023,14,REG,CHI,DET,1,69,2.5273,0.036627
2023_14_DET_CHI,2023,14,REG,DET,CHI,0,65,-10.7795,-0.165838
2023_14_GB_NYG,2023,14,REG,GB,NYG,0,68,-0.7491,-0.011016
2023_14_GB_NYG,2023,14,REG,NYG,GB,1,55,1.8844,0.034262
2023_14_HOU_NYJ,2023,14,REG,HOU,NYJ,0,56,-25.0555,-0.44742
2023_14_HOU_NYJ,2023,14,REG,NYJ,HOU,1,67,-0.0489,-0.000731
2023_14_IND_CIN,2023,14,REG,CIN,IND,1,60,4.8403,0.080672
2023_14_IND_CIN,2023,14,REG,IND,CIN,0,63,-4.4369,-0.070427
2023_14_JAX_CLE,2023,14,REG,CLE,JAX,1,73,-10.885,-0.149109
2023_14_JAX_CLE,2023,14,REG,JAX,CLE,0,75,-11.4699,-0.152932
2023_14_LA_BAL,2023,14,REG,BAL,LA,1,71,11.9553,0.168385
2023_14_LA_BAL,2023,14,REG,LA,BAL,0,76,9.83,0.129342
2023_14_MIN_LV,2023,14,REG,LV,MIN,1,54,-25.7929,-0.477646
2023_14_MIN_LV,2023,14,REG,MIN,LV,0,72,-13.4739,-0.187138
2023_14_NE_PIT,2023,14,REG,NE,PIT,0,57,-5.428,-0.095227
2023_14_NE_PIT,2023,14,REG,PIT,NE,1,69,-16.645,-0.241232
2023_14_PHI_DAL,2023,14,REG,DAL,PHI,1,82,5.0367,0.061423
2023_14_PHI_DAL,2023,14,REG,PHI,DAL,0,55,-11.1283,-0.202332
2023_14_SEA_SF,2023,14,REG,SEA,SF,0,59,-2.0078,-0.03403
2023_14_SEA_SF,2023,14,REG,SF,SEA,1,54,12.7934,0.236914
2023_14_TB_ATL,2023,14,REG,ATL,TB,1,71,1.0447,0.014714
2023_14_TB_ATL,2023,14,REG,TB,ATL,0,68,-1.5617,-0.022966
2023_14_TEN_MIA,2023,14,REG,MIA,TEN,1,72,-0.9318,-0.012942
2023_14_TEN_MIA,2023,14,REG,TEN,MIA,0,70,3.2712,0.046731
2023_15_ATL_CAR,2023,15,REG,ATL,CAR,0,51,-14.0962,-0.276397
2023_15_ATL_CAR,2023,15,REG,CAR,ATL,1,63,-10.2005,-0.161913
2023_15_BAL_JAX,2023,15,REG,BAL,JAX,0,70,2.571,0.036729
2023_15_BAL_JAX,2023,15,REG,JAX,BAL,1,62,-13.2496,-0.213702
2023_15_CHI_CLE,2023,15,REG,CHI,CLE,0,72,-21.248,-0.295111
2023_15_CHI_CLE,2023,15,REG,CLE,CHI,1,69,-25.8718,-0.374953
2023_15_DAL_BUF,2023,15,REG,BUF,DAL,1,64,15.0027,0.234416
2023_15_DAL_BUF,2023,15,REG,DAL,BUF,0,57,-5.3683,-0.094181
2023_15_DEN_DET,2023,15,REG,DEN,DET,0,63,-4.5647,-0.072456
2023_15_DEN_DET,2023,15,REG,DET,DEN,1,66,20.6173,0.312383
2023_15_HOU_TEN,2023,15,REG,HOU,TEN,0,77,-7.9584,-0.103356
2023_15_HOU_TEN,2023,15,REG,TEN,HOU,1,63,-11.4594,-0.181894
2023_15_KC_NE,2023,15,REG,KC,NE,0,62,-1.3662,-0.022035
2023_15_KC_NE,2023,15,REG,NE,KC,1,53,-18.9797,-0.358108
2023_15_LAC_LV,2023,15,REG,LAC,LV,0,65,-25.7174,-0.395653
2023_15_LAC_LV,2023,15,REG,LV,LAC,1,64,16.676,0.260562
2023_15_MIN_CIN,2023,15,REG,CIN,MIN,1,68,8.6158,0.126703
2023_15_MIN_CIN,2023,15,REG,MIN,CIN,0,68,9.9762,0.146708
2023_15_NYG_NO,2023,15,REG,NO,NYG,1,59,6.1439,0.104134
2023_15_NYG_NO,2023,15,REG,NYG,NO,0,61,-18.8503,-0.309022
2023_15_NYJ_MIA,2023,15,REG,MIA,NYJ,1,59,2.4904,0.04221
2023_15_NYJ_MIA,2023,15,REG,NYJ,MIA,0,59,-31.2627,-0.529877
2023_15_PHI_SEA,2023,15,REG,PHI,SEA,0,69,7.8885,0.114326
2023_15_PHI_SEA,2023,15,REG,SEA,PHI,1,60,7.2405,0.120676
2023_15_PIT_IND,2023,15,REG,IND,PIT,1,66,7.0085,0.10619
2023_15_PIT_IND,2023,15,REG,PIT,IND,0,58,-20.9837,-0.361788
2023_15_SF_ARI,2023,15,REG,ARI,SF,1,74,0.9008,0.012173
2023_15_SF_ARI,2023,15,REG,SF,ARI,0,53,23.0179,0.4343
2023_15_TB_GB,2023,15,REG,GB,TB,1,59,2.6416,0.044773
2023_15_TB_GB,2023,15,REG,TB,GB,0,60,22.7486,0.379143
2023_15_WAS_LA,2023,15,REG,LA,WAS,1,75,0.3821,0.005094
2023_15_WAS_LA,2023,15,REG,WAS,LA,0,61,-8.0475,-0.131927
2023_16_ARI_CHI,2023,16,REG,ARI,CHI,0,61,-6.9001,-0.113116
2023_16_ARI_CHI,2023,16,REG,CHI,ARI,1,70,8.2027,0.117182
2023_16_BAL_SF,2023,16,REG,BAL,SF,0,67,6.3685,0.095053
2023_16_BAL_SF,2023,16,REG,SF,BAL,1,70,-11.5257,-0.164652
2023_16_BUF_LAC,2023,16,REG,BUF,LAC,0,55,-0.0339,-0.000617
2023_16_BUF_LAC,2023,16,REG,LAC,BUF,1,70,-7.867,-0.112385
2023_16_CIN_PIT,2023,16,REG,CIN,PIT,0,64,-12.3645,-0.193195
2023_16_CIN_PIT,2023,16,REG,PIT,CIN,1,59,12.2844,0.208211
2023_16_CLE_HOU,2023,16,REG,CLE,HOU,0,81,9.0077,0.111207
2023_16_CLE_HOU,2023,16,REG,HOU,CLE,1,75,-14.6806,-0.195741
2023_16_DAL_MIA,2023,16,REG,DAL,MIA,0,65,9.5326,0.146655
2023_16_DAL_MIA,2023,16,REG,MIA,DAL,1,63,2.6151,0.041509
2023_16_DET_MIN,2023,16,REG,DET,MIN,0,77,14.1785,0.184136
2023_16_DET_MIN,2023,16,REG,MIN,DET,1,53,3.4276,0.064671
2023_16_GB_CAR,2023,16,REG,CAR,GB,1,65,13.033,0.200508
2023_16_GB_CAR,2023,16,REG,GB,CAR,0,66,18.8807,0.286072
2023_16_IND_ATL,2023,16,REG,ATL,IND,1,63,8.2448,0.13087
2023_16_IND_ATL,2023,16,REG,IND,ATL,0,70,-12.9882,-0.185546
2023_16_JAX_TB,2023,16,REG,JAX,TB,0,66,-9.7142,-0.147185
2023_16_JAX_TB,2023,16,REG,TB,JAX,1,71,7.0819,0.099745
2023_16_LV_KC,2023,16,REG,KC,LV,1,76,-16.3577,-0.215233
2023_16_LV_KC,2023,16,REG,LV,KC,0,51,-6.8453,-0.134221
2023_16_NE_DEN,2023,16,REG,DEN,NE,1,68,-8.737,-0.128486
2023_16_NE_DEN,2023,16,REG,NE,DEN,0,57,-6.1534,-0.107955
2023_16_NO_LA,2023,16,REG,LA,NO,1,69,13.5362,0.196177
2023_16_NO_LA,2023,16,REG,NO,LA,0,59,-3.9349,-0.066693
2023_16_NYG_PHI,2023,16,REG,NYG,PHI,0,60,-3.148,-0.052467
2023_16_NYG_PHI,2023,16,REG,PHI,NYG,1,76,7.2135,0.094915
2023_16_SEA_TEN,2023,16,REG,SEA,TEN,0,62,11.4568,0.184787
2023_16_SEA_TEN,2023,16,REG,TEN,SEA,1,65,8.8474,0.136113
2023_16_WAS_NYJ,2023,16,REG,NYJ,WAS,1,90,-18.3001,-0.203335
2023_16_WAS_NYJ,2023,16,REG,WAS,NYJ,0,61,-5.6545,-0.092697
2023_17_ARI_PHI,2023,17,REG,ARI,PHI,0,76,21.4578,0.282339
2023_17_ARI_PHI,2023,17,REG,PHI,ARI,1,49,11.3341,0.231309
2023_17_ATL_CHI,2023,17,REG,ATL,CHI,0,59,-4.2912,-0.072732
2023_17_ATL_CHI,2023,17,REG,CHI,ATL,1,74,7.5255,0.101695
2023_17_CAR_JAX,2023,17,REG,CAR,JAX,0,54,-24.8241,-0.459706
2023_17_CAR_JAX,2023,17,REG,JAX,CAR,1,59,7.2047,0.122113
2023_17_CIN_KC,2023,17,REG,CIN,KC,0,74,-0.4154,-0.005614
2023_17_CIN_KC,2023,17,REG,KC,CIN,1,52,2.79,0.053654
2023_17_DET_DAL,2023,17,REG,DAL,DET,1,64,-1.9214,-0.030021
2023_17_DET_DAL,2023,17,REG,DET,DAL,0,67,-2.9253,-0.043661
2023_17_GB_MIN,2023,17,REG,GB,MIN,0,72,19.9721,0.27739
2023_17_GB_MIN,2023,17,REG,MIN,GB,1,52,-17.689,-0.340173
2023_17_LAC_DEN,2023,17,REG,DEN,LAC,1,67,0.0145,0.000216
2023_17_LAC_DEN,2023,17,REG,LAC,DEN,0,65,-9.398,-0.144585
2023_17_LA_NYG,2023,17,REG,LA,NYG,0,61,1.4663,0.024038
2023_17_LA_NYG,2023,17,REG,NYG,LA,1,73,-8.0086,-0.109706
2023_17_LV_IND,2023,17,REG,IND,LV,1,55,7.8651,0.143001
2023_17_LV_IND,2023,17,REG,LV,IND,0,75,7.7747,0.103662
2023_17_MIA_BAL,2023,17,REG,BAL,MIA,1,55,29.7522,0.540949
2023_17_MIA_BAL,2023,17,REG,MIA,BAL,0,69,-9.8119,-0.142202
2023_17_NE_BUF,2023,17,REG,BUF,NE,1,67,-3.2975,-0.049217
2023_17_NE_BUF,2023,17,REG,NE,BUF,0,52,-14.705,-0.282789
2023_17_NO_TB,2023,17,REG,NO,TB,0,67,4.9201,0.073435
2023_17_NO_TB,2023,17,REG,TB,NO,1,55,-5.2914,-0.096207
2023_17_NYJ_CLE,2023,17,REG,CLE,NYJ,1,60,-3.1905,-0.053176
2023_17_NYJ_CLE,2023,17,REG,NYJ,CLE,0,71,-11.9031,-0.16765
2023_17_PIT_SEA,2023,17,REG,PIT,SEA,0,71,19.1191,0.269284
2023_17_PIT_SEA,2023,17,REG,SEA,PIT,1,49,6.0081,0.122614
2023_17_SF_WAS,2023,17,REG,SF,WAS,0,68,16.5911,0.243986
2023_17_SF_WAS,2023,17,REG,WAS,SF,1,46,-7.8665,-0.171011
2023_17_TEN_HOU,2023,17,REG,HOU,TEN,1,61,0.1543,0.00253
2023_17_TEN_HOU,2023,17,REG,TEN,HOU,0,54,-23.4565,-0.434379
2023_18_ATL_NO,2023,18,REG,ATL,NO,0,61,-19.2493,-0.315562
2023_18_ATL_NO,2023,18,REG,NO,ATL,1,67,14.8554,0.221722
2023_18_BUF_MIA,2023,18,REG,BUF,MIA,0,76,4.6663,0.061399
2023_18_BUF_MIA,2023,18,REG,MIA,BUF,1,52,1.101,0.021173
2023_18_CHI_GB,2023,18,REG,CHI,GB,0,47,-5.4836,-0.116673
2023_18_CHI_GB,2023,18,REG,GB,CHI,1,58,13.6823,0.235901
2023_18_CLE_CIN,2023,18,REG,CIN,CLE,1,63,0.4951,0.007859
2023_18_CLE_CIN,2023,18,REG,CLE,CIN,0,52,-13.2234,-0.254296
2023_18_DAL_WAS,2023,18,REG,DAL,WAS,0,72,23.4516,0.325717
2023_18_DAL_WAS,2023,18,REG,WAS,DAL,1,48,-14.3748,-0.299474
2023_18_DEN_LV,2023,18,REG,DEN,LV,0,60,-4.7148,-0.07858
2023_18_DEN_LV,2023,18,REG,LV,DEN,1,63,8.2742,0.131336
2023_18_HOU_IND,2023,18,REG,HOU,IND,0,57,5.7865,0.101518
2023_18_HOU_IND,2023,18,REG,IND,HOU,1,66,0.5238,0.007936
2023_18_JAX_TEN,2023,18,REG,JAX,TEN,0,71,-2.9051,-0.040916
2023_18_JAX_TEN,2023,18,REG,TEN,JAX,1,53,7.3022,0.137776
2023_18_KC_LAC,2023,18,REG,KC,LAC,0,58,-8.3338,-0.143686
2023_18_KC_LAC,2023,18,REG,LAC,KC,1,83,-15.7457,-0.189707
2023_18_LA_SF,2023,18,REG,LA,SF,0,66,9.1375,0.138447
2023_18_LA_SF,2023,18,REG,SF,LA,1,60,8.4353,0.140588
2023_18_MIN_DET,2023,18,REG,DET,MIN,1,57,9.2885,0.162956
2023_18_MIN_DET,2023,18,REG,MIN,DET,0,73,0.5508,0.007545
2023_18_NYJ_NE,2023,18,REG,NE,NYJ,1,58,-32.4497,-0.559477
2023_18_NYJ_NE,2023,18,REG,NYJ,NE,0,65,-13.7095,-0.210916
2023_18_PHI_NYG,2023,18,REG,NYG,PHI,1,67,4.8171,0.071896
2023_18_PHI_NYG,2023,18,REG,PHI,NYG,0,65,-18.3389,-0.282136
2023_18_PIT_BAL,2023,18,REG,BAL,PIT,1,56,-16.0604,-0.286793
2023_18_PIT_BAL,2023,18,REG,PIT,BAL,0,61,-4.1397,-0.067864
2023_18_SEA_ARI,2023,18,REG,ARI,SEA,1,70,14.9752,0.213932
2023_18_SEA_ARI,2023,18,REG,SEA,ARI,0,55,6.5896,0.119812
2023_18_TB_CAR,2023,18,REG,CAR,TB,1,52,-15.5227,-0.298513
2023_18_TB_CAR,2023,18,REG,TB,CAR,0,62,-6.4294,-0.1037
2023_19_CLE_HOU,2023,19,POST,CLE,HOU,0,71,-22.3395,-0.31464
2023_19_CLE_HOU,2023,19,POST,HOU,CLE,1,43,12.4927,0.290529
2023_19_GB_DAL,2023,19,POST,DAL,GB,1,95,7.2985,0.076826
2023_19_GB_DAL,2023,19,POST,GB,DAL,0,55,24.9533,0.453696
2023_19_LA_DET,2023,19,POST,DET,LA,1,53,9.0006,0.169823
2023_19_LA_DET,2023,19,POST,LA,DET,0,58,15.6661,0.270105
2023_19_MIA_KC,2023,19,POST,KC,MIA,1,79,7.2247,0.091452
2023_19_MIA_KC,2023,19,POST,MIA,KC,0,61,-14.0749,-0.230736
2023_19_PHI_TB,2023,19,POST,PHI,TB,0,59,-9.4498,-0.160165
2023_19_PHI_TB,2023,19,POST,TB,PHI,1,70,11.0141,0.157345
2023_19_PIT_BUF,2023,19,POST,BUF,PIT,1,66,12.7753,0.193565
2023_19_PIT_BUF,2023,19,POST,PIT,BUF,0,65,-7.1293,-0.109681
2023_20_GB_SF,2023,20,POST,GB,SF,0,66,4.7774,0.072385
2023_20_GB_SF,2023,20,POST,SF,GB,1,62,10.4591,0.168695
2023_20_HOU_BAL,2023,20,POST,BAL,HOU,1,68,13.8024,0.202977
2023_20_HOU_BAL,2023,20,POST,HOU,BAL,0,48,-10.2426,-0.213387
2023_20_KC_BUF,2023,20,POST,BUF,KC,1,78,11.169,0.143192
2023_20_KC_BUF,2023,20,POST,KC,BUF,0,46,11.6486,0.253231
2023_20_TB_DET,2023,20,POST,DET,TB,1,69,11.9393,0.173033
2023_20_TB_DET,2023,20,POST,TB,DET,0,64,3.3414,0.052209
2023_21_DET_SF,2023,21,POST,DET,SF,0,72,9.2671,0.128709
2023_21_DET_SF,2023,21,POST,SF,DET,1,64,14.042,0.219406
2023_21_KC_BAL,2023,21,POST,BAL,KC,1,57,-11.1178,-0.195048
2023_21_KC_BAL,2023,21,POST,KC,BAL,0,77,2.4389,0.031675
2023_22_SF_KC,2023,22,POST,KC,SF,1,79,-1.4655,-0.01855
2023_22_SF_KC,2023,22,POST,SF,KC,0,74,0.2951,0.003988
2024_01_ARI_BUF,2024,1,REG,ARI,BUF,0,60,3.8001,0.063335
2024_01_ARI_BUF,2024,1,REG,BUF,ARI,1,60,12.6893,0.211489
2024_01_BAL_KC,2024,1,REG,BAL,KC,0,80,3.1359,0.039199
2024_01_BAL_KC,2024,1,REG,KC,BAL,1,53,9.6561,0.182191
2024_01_CAR_NO,2024,1,REG,CAR,NO,0,59,-27.1644,-0.460413
2024_01_CAR_NO,2024,1,REG,NO,CAR,1,66,13.694,0.207484
2024_01_DAL_CLE,2024,1,REG,CLE,DAL,1,76,-22.9456,-0.301916
2024_01_DAL_CLE,2024,1,REG,DAL,CLE,0,62,-6.2437,-0.100704
2024_01_DEN_SEA,2024,1,REG,DEN,SEA,0,69,-21.4643,-0.311077
2024_01_DEN_SEA,2024,1,REG,SEA,DEN,1,64,-4.2497,-0.066402
2024_01_GB_PHI,2024,1,REG,GB,PHI,0,67,8.779,0.13103
2024_01_GB_PHI,2024,1,REG,PHI,GB,1,75,4.4555,0.059406
2024_01_HOU_IND,2024,1,REG,HOU,IND,0,77,13.5022,0.175353
2024_01_HOU_IND,2024,1,REG,IND,HOU,1,45,2.5146,0.055879
2024_01_JAX_MIA,2024,1,REG,JAX,MIA,0,53,-4.8646,-0.091785
2024_01_JAX_MIA,2024,1,REG,MIA,JAX,1,71,1.4126,0.019896
2024_01_LA_DET,2024,1,REG,DET,LA,1,61,6.4524,0.105776
2024_01_LA_DET,2024,1,REG,LA,DET,0,78,5.8954,0.075582
2024_01_LV_LAC,2024,1,REG,LAC,LV,1,54,-4.9709,-0.092055
2024_01_LV_LAC,2024,1,REG,LV,LAC,0,60,-19.1181,-0.318635
2024_01_MIN_NYG,2024,1,REG,MIN,NYG,0,54,8.8356,0.163623
2024_01_MIN_NYG,2024,1,REG,NYG,MIN,1,70,-24.7557,-0.353652
2024_01_NE_CIN,2024,1,REG,CIN,NE,1,51,-6.1456,-0.120502
2024_01_NE_CIN,2024,1,REG,NE,CIN,0,61,-0.4209,-0.006899
2024_01_NYJ_SF,2024,1,REG,NYJ,SF,0,50,-2.4682,-0.049363
2024_01_NYJ_SF,2024,1,REG,SF,NYJ,1,71,8.7941,0.123861
2024_01_PIT_ATL,2024,1,REG,ATL,PIT,1,55,-17.5853,-0.319732
2024_01_PIT_ATL,2024,1,REG,PIT,ATL,0,68,-8.2071,-0.120692
2024_01_TEN_CHI,2024,1,REG,CHI,TEN,1,54,-13.7165,-0.254009
2024_01_TEN_CHI,2024,1,REG,TEN,CHI,0,64,-16.6906,-0.26079
2024_01_WAS_TB,2024,1,REG,TB,WAS,1,61,19.4136,0.318256
2024_01_WAS_TB,2024,1,REG,WAS,TB,0,58,9.1839,0.158343
2024_02_ATL_PHI,2024,2,REG,ATL,PHI,0,59,9.3939,0.159219
2024_02_ATL_PHI,2024,2,REG,PHI,ATL,1,71,6.0189,0.084774
2024_02_BUF_MIA,2024,2,REG,BUF,MIA,0,42,9.6901,0.230716
2024_02_BUF_MIA,2024,2,REG,MIA,BUF,1,76,-21.1606,-0.278429
2024_02_CHI_HOU,2024,2,REG,CHI,HOU,0,70,-14.0256,-0.200366
2024_02_CHI_HOU,2024,2,REG,HOU,CHI,1,61,-9.6195,-0.157697
2024_02_CIN_KC,2024,2,REG,CIN,KC,0,64,1.7047,0.026635
2024_02_CIN_KC,2024,2,REG,KC,CIN,1,65,-4.2192,-0.064911
2024_02_CLE_JAX,2024,2,REG,CLE,JAX,0,72,-1.4196,-0.019717
2024_02_CLE_JAX,2024,2,REG,JAX,CLE,1,59,-1.4762,-0.025021
2024_02_IND_GB,2024,2,REG,GB,IND,1,70,-2.3544,-0.033634
2024_02_IND_GB,2024,2,REG,IND,GB,0,55,-5.3718,-0.097669
2024_02_LAC_CAR,2024,2,REG,CAR,LAC,1,48,-24.1917,-0.503994
2024_02_LAC_CAR,2024,2,REG,LAC,CAR,0,66,6.7791,0.102713
2024_02_LA_ARI,2024,2,REG,ARI,LA,1,66,21.6502,0.328033
2024_02_LA_ARI,2024,2,REG,LA,ARI,0,52,-13.6782,-0.263042
2024_02_LV_BAL,2024,2,REG,BAL,LV,1,63,-1.1047,-0.017535
2024_02_LV_BAL,2024,2,REG,LV,BAL,0,62,-3.5266,-0.056881
2024_02_NO_DAL,2024,2,REG,DAL,NO,1,69,-11.1934,-0.162223
2024_02_NO_DAL,2024,2,REG,NO,DAL,0,56,23.7914,0.424846
2024_02_NYG_WAS,2024,2,REG,NYG,WAS,0,56,6.2341,0.111323
2024_02_NYG_WAS,2024,2,REG,WAS,NYG,1,70,13.068,0.186686
2024_02_NYJ_TEN,2024,2,REG,NYJ,TEN,0,56,4.6967,0.08387
2024_02_NYJ_TEN,2024,2,REG,TEN,NYJ,1,66,-4.2553,-0.064475
2024_02_PIT_DEN,2024,2,REG,DEN,PIT,1,61,-14.6102,-0.239512
2024_02_PIT_DEN,2024,2,REG,PIT,DEN,0,66,-5.0754,-0.0769
2024_02_SEA_NE,2024,2,REG,NE,SEA,1,68,3.3942,0.049915
2024_02_SEA_NE,2024,2,REG,SEA,NE,0,68,4.2036,0.061818
2024_02_SF_MIN,2024,2,REG,MIN,SF,1,51,-2.1529,-0.042214
2024_02_SF_MIN,2024,2,REG,SF,MIN,0,70,-5.3212,-0.076017
2024_02_TB_DET,2024,2,REG,DET,TB,1,84,-6.4784,-0.077123
2024_02_TB_DET,2024,2,REG,TB,DET,0,47,-1.497,-0.031851
2024_03_BAL_DAL,2024,3,REG,BAL,DAL,0,61,19.1468,0.313882
2024_03_BAL_DAL,2024,3,REG,DAL,BAL,1,80,4.45,0.055625
2024_03_CAR_LV,2024,3,REG,CAR,LV,0,72,14.2061,0.197306
2024_03_CAR_LV,2024,3,REG,LV,CAR,1,64,-4.2586,-0.066541
2024_03_CHI_IND,2024,3,REG,CHI,IND,0,89,-13.433,-0.150933
2024_03_CHI_IND,2024,3,REG,IND,CHI,1,53,-12.1439,-0.229129
2024_03_DEN_TB,2024,3,REG,DEN,TB,0,67,6.1338,0.09155
2024_03_DEN_TB,2024,3,REG,TB,DEN,1,57,-19.5389,-0.342787
2024_03_DET_ARI,2024,3,REG,ARI,DET,1,59,-9.8418,-0.166811
2024_03_DET_ARI,2024,3,REG,DET,ARI,0,66,2.9555,0.04478
2024_03_GB_TEN,2024,3,REG,GB,TEN,0,63,3.3626,0.053375
2024_03_GB_TEN,2024,3,REG,TEN,GB,1,54,-18.7237,-0.346735
2024_03_HOU_MIN,2024,3,REG,HOU,MIN,0,66,-14.7844,-0.224006
2024_03_HOU_MIN,2024,3,REG,MIN,HOU,1,62,5.9853,0.096538
2024_03_JAX_BUF,2024,3,REG,BUF,JAX,1,63,26.6195,0.422532
2024_03_JAX_BUF,2024,3,REG,JAX,BUF,0,71,-14.849,-0.209141
2024_03_KC_ATL,2024,3,REG,ATL,KC,1,60,-2.0987,-0.034979
2024_03_KC_ATL,2024,3,REG,KC,ATL,0,71,7.5497,0.106334
2024_03_LAC_PIT,2024,3,REG,LAC,PIT,0,46,-8.7074,-0.189292
2024_03_LAC_PIT,2024,3,REG,PIT,LAC,1,66,7.3785,0.111795
2024_03_MIA_SEA,2024,3,REG,MIA,SEA,0,61,-25.0664,-0.410924
2024_03_MIA_SEA,2024,3,REG,SEA,MIA,1,62,-3.303,-0.053275
2024_03_NE_NYJ,2024,3,REG,NE,NYJ,0,52,-16.0253,-0.308178
2024_03_NE_NYJ,2024,3,REG,NYJ,NE,1,73,15.785,0.216233
2024_03_NYG_CLE,2024,3,REG,CLE,NYG,1,66,-22.4433,-0.34005
2024_03_NYG_CLE,2024,3,REG,NYG,CLE,0,68,2.7983,0.041151
2024_03_PHI_NO,2024,3,REG,NO,PHI,1,55,-11.1357,-0.202467
2024_03_PHI_NO,2024,3,REG,PHI,NO,0,68,0.8368,0.012305
2024_03_SF_LA,2024,3,REG,LA,SF,1,59,11.5028,0.194963
2024_03_SF_LA,2024,3,REG,SF,LA,0,71,15.4562,0.217693
2024_03_WAS_CIN,2024,3,REG,CIN,WAS,1,62,25.2041,0.406518
2024_03_WAS_CIN,2024,3,REG,WAS,CIN,0,56,28.3384,0.506044
2024_04_BUF_BAL,2024,4,REG,BAL,BUF,1,57,14.5854,0.255885
2024_04_BUF_BAL,2024,4,REG,BUF,BAL,0,59,-10.4155,-0.176534
2024_04_CIN_CAR,2024,4,REG,CAR,CIN,1,70,1.5774,0.022534
2024_04_CIN_CAR,2024,4,REG,CIN,CAR,0,67,10.6729,0.159296
2024_04_CLE_LV,2024,4,REG,CLE,LV,0,59,-8.1949,-0.138897
2024_04_CLE_LV,2024,4,REG,LV,CLE,1,57,-7.731,-0.135631
2024_04_DAL_NYG,2024,4,REG,DAL,NYG,0,55,5.0126,0.091138
2024_04_DAL_NYG,2024,4,REG,NYG,DAL,1,67,-3.8098,-0.056862
2024_04_DEN_NYJ,2024,4,REG,DEN,NYJ,0,59,-15.0362,-0.25485
2024_04_DEN_NYJ,2024,4,REG,NYJ,DEN,1,74,-17.3627,-0.234631
2024_04_JAX_HOU,2024,4,REG,HOU,JAX,1,75,7.8364,0.104485
2024_04_JAX_HOU,2024,4,REG,JAX,HOU,0,57,-0.7668,-0.013453
2024_04_KC_LAC,2024,4,REG,KC,LAC,0,59,-7.2136,-0.122264
2024_04_KC_LAC,2024,4,REG,LAC,KC,1,56,-14.0821,-0.251466
2024_04_LA_CHI,2024,4,REG,CHI,LA,1,58,6.0551,0.104399
2024_04_LA_CHI,2024,4,REG,LA,CHI,0,60,2.3662,0.039437
2024_04_MIN_GB,2024,4,REG,GB,MIN,1,76,-7.2584,-0.095505
2024_04_MIN_GB,2024,4,REG,MIN,GB,0,65,3.5362,0.054402
2024_04_NE_SF,2024,4,REG,NE,SF,0,64,-27.6552,-0.432112
2024_04_NE_SF,2024,4,REG,SF,NE,1,61,6.4721,0.1061
2024_04_NO_ATL,2024,4,REG,ATL,NO,1,56,-1.6352,-0.0292
2024_04_NO_ATL,2024,4,REG,NO,ATL,0,74,3.5474,0.047938
2024_04_PHI_TB,2024,4,REG,PHI,TB,0,56,-4.3452,-0.077592
2024_04_PHI_TB,2024,4,REG,TB,PHI,1,76,18.2985,0.240769
2024_04_PIT_IND,2024,4,REG,IND,PIT,1,65,9.4785,0.145824
2024_04_PIT_IND,2024,4,REG,PIT,IND,0,69,-0.9363,-0.013569
2024_04_SEA_DET,2024,4,REG,DET,SEA,1,50,20.4628,0.409256
2024_04_SEA_DET,2024,4,REG,SEA,DET,0,90,11.1401,0.123779
2024_04_TEN_MIA,2024,4,REG,MIA,TEN,1,60,-24.937,-0.415617
2024_04_TEN_MIA,2024,4,REG,TEN,MIA,0,64,-4.2801,-0.066877
2024_04_WAS_ARI,2024,4,REG,ARI,WAS,1,59,-6.0608,-0.102726
2024_04_WAS_ARI,2024,4,REG,WAS,ARI,0,71,29.6681,0.41786
2024_05_ARI_SF,2024,5,REG,ARI,SF,0,56,6.9201,0.123573
2024_05_ARI_SF,2024,5,REG,SF,ARI,1,64,-4.5336,-0.070837
2024_05_BAL_CIN,2024,5,REG,BAL,CIN,0,77,21.204,0.275377
2024_05_BAL_CIN,2024,5,REG,CIN,BAL,1,67,17.5711,0.262255
2024_05_BUF_HOU,2024,5,REG,BUF,HOU,0,61,-1.6397,-0.02688
2024_05_BUF_HOU,2024,5,REG,HOU,BUF,1,68,-4.7459,-0.069793
2024_05_CAR_CHI,2024,5,REG,CAR,CHI,0,59,-13.3846,-0.226857
2024_05_CAR_CHI,2024,5,REG,CHI,CAR,1,71,12.5546,0.176825
2024_05_CLE_WAS,2024,5,REG,CLE,WAS,0,62,-17.3947,-0.280559
2024_05_CLE_WAS,2024,5,REG,WAS,CLE,1,66,4.8069,0.072832
2024_05_DAL_PIT,2024,5,REG,DAL,PIT,0,76,10.2272,0.134568
2024_05_DAL_PIT,2024,5,REG,PIT,DAL,1,58,3.6467,0.062874
2024_05_GB_LA,2024,5,REG,GB,LA,0,57,2.0425,0.035834
2024_05_GB_LA,2024,5,REG,LA,GB,1,78,-5.7265,-0.073417
2024_05_IND_JAX,2024,5,REG,IND,JAX,0,69,17.7235,0.256863
2024_05_IND_JAX,2024,5,REG,JAX,IND,1,58,14.291,0.246396
2024_05_LV_DEN,2024,5,REG,DEN,LV,1,57,1.0522,0.01846
2024_05_LV_DEN,2024,5,REG,LV,DEN,0,70,-14.4162,-0.205946
2024_05_MIA_NE,2024,5,REG,MIA,NE,0,79,-2.4751,-0.03133
2024_05_MIA_NE,2024,5,REG,NE,MIA,1,59,-8.3738,-0.141928
2024_05_NO_KC,2024,5,REG,KC,NO,1,81,11.3093,0.139621
2024_05_NO_KC,2024,5,REG,NO,KC,0,53,-5.136,-0.096905
2024_05_NYG_SEA,2024,5,REG,NYG,SEA,0,70,0.9105,0.013007
2024_05_NYG_SEA,2024,5,REG,SEA,NYG,1,58,-5.5345,-0.095423
2024_05_NYJ_MIN,2024,5,REG,MIN,NYJ,1,71,-10.9562,-0.154312
2024_05_NYJ_MIN,2024,5,REG,NYJ,MIN,0,72,-22.4078,-0.311219
2024_05_TB_ATL,2024,5,REG,ATL,TB,1,85,16.9205,0.199065
2024_05_TB_ATL,2024,5,REG,TB,ATL,0,52,6.9614,0.133873
2024_06_ARI_GB,2024,6,REG,ARI,GB,0,58,-7.9371,-0.136847
2024_06_ARI_GB,2024,6,REG,GB,ARI,1,71,19.0573,0.268413
2024_06_ATL_CAR,2024,6,REG,ATL,CAR,0,66,20.2132,0.30626
2024_06_ATL_CAR,2024,6,REG,CAR,ATL,1,66,-5.7133,-0.086564
2024_06_BUF_NYJ,2024,6,REG,BUF,NYJ,0,65,17.7869,0.273644
2024_06_BUF_NYJ,2024,6,REG,NYJ,BUF,1,63,10.7313,0.170338
2024_06_CIN_NYG,2024,6,REG,CIN,NYG,0,51,-0.504,-0.009881
2024_06_CIN_NYG,2024,6,REG,NYG,CIN,1,76,-5.6775,-0.074703
2024_06_CLE_PHI,2024,6,REG,CLE,PHI,0,57,-4.2123,-0.0739
2024_06_CLE_PHI,2024,6,REG,PHI,CLE,1,58,9.934,0.171276
2024_06_DET_DAL,2024,6,REG,DAL,DET,1,69,-30.6963,-0.444874
2024_06_DET_DAL,2024,6,REG,DET,DAL,0,66,22.4264,0.339794
2024_06_HOU_NE,2024,6,REG,HOU,NE,0,65,10.6364,0.163637
2024_06_HOU_NE,2024,6,REG,NE,HOU,1,66,-18.4342,-0.279306
2024_06_IND_TEN,2024,6,REG,IND,TEN,0,70,1.0181,0.014545
2024_06_IND_TEN,2024,6,REG,TEN,IND,1,58,-1.0832,-0.018676
2024_06_JAX_CHI,2024,6,REG,CHI,JAX,1,63,20.1672,0.320114
2024_06_JAX_CHI,2024,6,REG,JAX,CHI,0,61,-1.4595,-0.023926
2024_06_LAC_DEN,2024,6,REG,DEN,LAC,1,56,-3.9496,-0.070529
2024_06_LAC_DEN,2024,6,REG,LAC,DEN,0,75,7.3453,0.097937
2024_06_PIT_LV,2024,6,REG,LV,PIT,1,63,-16.5156,-0.262152
2024_06_PIT_LV,2024,6,REG,PIT,LV,0,65,4.2902,0.066003
2024_06_SF_SEA,2024,6,REG,SEA,SF,1,77,0.5411,0.007027
2024_06_SF_SEA,2024,6,REG,SF,SEA,0,64,18.8991,0.295298
2024_06_TB_NO,2024,6,REG,NO,TB,1,70,-26.0578,-0.372255
2024_06_TB_NO,2024,6,REG,TB,NO,0,76,14.8163,0.194951
2024_06_WAS_BAL,2024,6,REG,BAL,WAS,1,66,15.3339,0.232332
2024_06_WAS_BAL,2024,6,REG,WAS,BAL,0,59,7.2584,0.123024
2024_07_BAL_TB,2024,7,REG,BAL,TB,0,59,20.6752,0.350428
2024_07_BAL_TB,2024,7,REG,TB,BAL,1,81,9.4306,0.116427
2024_07_CAR_WAS,2024,7,REG,CAR,WAS,0,42,-19.9078,-0.473995
2024_07_CAR_WAS,2024,7,REG,WAS,CAR,1,67,16.2054,0.241871
2024_07_CIN_CLE,2024,7,REG,CIN,CLE,0,51,-9.0153,-0.176771
2024_07_CIN_CLE,2024,7,REG,CLE,CIN,1,83,-12.6327,-0.152201
2024_07_DEN_NO,2024,7,REG,DEN,NO,0,63,4.987,0.079158
2024_07_DEN_NO,2024,7,REG,NO,DEN,1,69,-22.9167,-0.332125
2024_07_DET_MIN,2024,7,REG,DET,MIN,0,56,4.241,0.075732
2024_07_DET_MIN,2024,7,REG,MIN,DET,1,59,-1.2688,-0.021504
2024_07_HOU_GB,2024,7,REG,GB,HOU,1,58,-1.5255,-0.026303
2024_07_HOU_GB,2024,7,REG,HOU,GB,0,63,-9.03,-0.143334
2024_07_KC_SF,2024,7,REG,KC,SF,0,68,2.7859,0.04097
2024_07_KC_SF,2024,7,REG,SF,KC,1,63,-9.2068,-0.14614
2024_07_LAC_ARI,2024,7,REG,ARI,LAC,1,55,5.6277,0.102322
2024_07_LAC_ARI,2024,7,REG,LAC,ARI,0,65,3.0337,0.046672
2024_07_LV_LA,2024,7,REG,LA,LV,1,53,-13.5101,-0.254907
2024_07_LV_LA,2024,7,REG,LV,LA,0,79,-25.6277,-0.324402
2024_07_MIA_IND,2024,7,REG,IND,MIA,1,61,-11.6759,-0.191407
2024_07_MIA_IND,2024,7,REG,MIA,IND,0,68,-15.939,-0.234397
2024_07_NE_JAX,2024,7,REG,JAX,NE,1,61,15.5471,0.254871
2024_07_NE_JAX,2024,7,REG,NE,JAX,0,60,4.1247,0.068745
2024_07_NYJ_PIT,2024,7,REG,NYJ,PIT,0,57,-2.178,-0.03821
2024_07_NYJ_PIT,2024,7,REG,PIT,NYJ,1,68,11.4709,0.168689
2024_07_PHI_NYG,2024,7,REG,NYG,PHI,1,57,-23.8883,-0.419093
2024_07_PHI_NYG,2024,7,REG,PHI,NYG,0,65,9.3794,0.144298
2024_07_SEA_ATL,2024,7,REG,ATL,SEA,1,72,-6.8332,-0.094906
2024_07_SEA_ATL,2024,7,REG,SEA,ATL,0,60,10.6645,0.177741
2024_07_TEN_BUF,2024,7,REG,BUF,TEN,1,55,12.3929,0.225325
2024_07_TEN_BUF,2024,7,REG,TEN,BUF,0,72,-13.0043,-0.180615
2024_08_ARI_MIA,2024,8,REG,ARI,MIA,0,65,15.5322,0.238957
2024_08_ARI_MIA,2024,8,REG,MIA,ARI,1,65,11.4346,0.175917
2024_08_ATL_TB,2024,8,REG,ATL,TB,0,62,15.0684,0.243039
2024_08_ATL_TB,2024,8,REG,TB,ATL,1,72,3.5944,0.049922
2024_08_BAL_CLE,2024,8,REG,BAL,CLE,0,66,9.471,0.143499
2024_08_BAL_CLE,2024,8,REG,CLE,BAL,1,69,8.0618,0.116838
2024_08_BUF_SEA,2024,8,REG,BUF,SEA,0,73,20.0087,0.274091
2024_08_BUF_SEA,2024,8,REG,SEA,BUF,1,50,-10.2866,-0.205732
2024_08_CAR_DEN,2024,8,REG,CAR,DEN,0,62,-11.1259,-0.17945
2024_08_CAR_DEN,2024,8,REG,DEN,CAR,1,72,3.887,0.053986
2024_08_CHI_WAS,2024,8,REG,CHI,WAS,0,63,-5.3889,-0.085539
2024_08_CHI_WAS,2024,8,REG,WAS,CHI,1,74,3.7651,0.050879
2024_08_DAL_SF,2024,8,REG,DAL,SF,0,61,1.4191,0.023264
2024_08_DAL_SF,2024,8,REG,SF,DAL,1,67,11.6811,0.174345
2024_08_GB_JAX,2024,8,REG,GB,JAX,0,67,10.618,0.158478
2024_08_GB_JAX,2024,8,REG,JAX,GB,1,57,2.2345,0.039202
2024_08_IND_HOU,2024,8,REG,HOU,IND,1,71,-3.5942,-0.050623
2024_08_IND_HOU,2024,8,REG,IND,HOU,0,62,-6.4295,-0.103701
2024_08_KC_LV,2024,8,REG,KC,LV,0,68,8.5623,0.125916
2024_08_KC_LV,2024,8,REG,LV,KC,1,55,-4.0076,-0.072865
2024_08_MIN_LA,2024,8,REG,LA,MIN,1,68,16.5407,0.243246
2024_08_MIN_LA,2024,8,REG,MIN,LA,0,49,5.2914,0.107988
2024_08_NO_LAC,2024,8,REG,LAC,NO,1,66,0.9397,0.014238
2024_08_NO_LAC,2024,8,REG,NO,LAC,0,73,-15.7234,-0.215388
2024_08_NYG_PIT,2024,8,REG,NYG,PIT,0,72,-0.3692,-0.005128
2024_08_NYG_PIT,2024,8,REG,PIT,NYG,1,63,2.59,0.041111
2024_08_NYJ_NE,2024,8,REG,NE,NYJ,1,67,2.156,0.03218
2024_08_NYJ_NE,2024,8,REG,NYJ,NE,0,62,10.9297,0.176286
2024_08_PHI_CIN,2024,8,REG,CIN,PHI,1,57,-0.0531,-0.000932
2024_08_PHI_CIN,2024,8,REG,PHI,CIN,0,61,20.4122,0.334626
2024_08_TEN_DET,2024,8,REG,DET,TEN,1,48,2.989,0.062271
2024_08_TEN_DET,2024,8,REG,TEN,DET,0,76,-21.3365,-0.280743
2024_09_CHI_ARI,2024,9,REG,ARI,CHI,1,58,-5.0268,-0.086669
2024_09_CHI_ARI,2024,9,REG,CHI,ARI,0,73,-17.74,-0.243014
2024_09_DAL_ATL,2024,9,REG,ATL,DAL,1,55,4.3987,0.079977
2024_09_DAL_ATL,2024,9,REG,DAL,ATL,0,76,-2.3135,-0.030441
2024_09_DEN_BAL,2024,9,REG,BAL,DEN,1,56,21.1871,0.378341
2024_09_DEN_BAL,2024,9,REG,DEN,BAL,0,71,-10.5089,-0.148013
2024_09_DET_GB,2024,9,REG,DET,GB,0,54,6.975,0.129166
2024_09_DET_GB,2024,9,REG,GB,DET,1,65,0.6664,0.010252
2024_09_HOU_NYJ,2024,9,REG,HOU,NYJ,0,78,-3.2557,-0.04174
2024_09_HOU_NYJ,2024,9,REG,NYJ,HOU,1,57,4.3716,0.076695
2024_09_IND_MIN,2024,9,REG,IND,MIN,0,53,-17.3048,-0.326505
2024_09_IND_MIN,2024,9,REG,MIN,IND,1,72,-3.7156,-0.051606
2024_09_JAX_PHI,2024,9,REG,JAX,PHI,0,53,-7.564,-0.142718
2024_09_JAX_PHI,2024,9,REG,PHI,JAX,1,76,-0.9919,-0.013051
2024_09_LAC_CLE,2024,9,REG,CLE,LAC,1,79,-22.277,-0.281988
2024_09_LAC_CLE,2024,9,REG,LAC,CLE,0,55,0.2994,0.005445
2024_09_LA_SEA,2024,9,REG,LA,SEA,0,77,0.6661,0.008651
2024_09_LA_SEA,2024,9,REG,SEA,LA,1,79,-17.4955,-0.221462
2024_09_LV_CIN,2024,9,REG,CIN,LV,1,71,6.5303,0.091976
2024_09_LV_CIN,2024,9,REG,LV,CIN,0,61,-12.5643,-0.205972
2024_09_MIA_BUF,2024,9,REG,BUF,MIA,1,65,11.906,0.183169
2024_09_MIA_BUF,2024,9,REG,MIA,BUF,0,60,19.2032,0.320053
2024_09_NE_TEN,2024,9,REG,NE,TEN,0,68,-6.0445,-0.08889
2024_09_NE_TEN,2024,9,REG,TEN,NE,1,77,-0.195,-0.002533
2024_09_NO_CAR,2024,9,REG,CAR,NO,1,51,2.4715,0.04846
2024_09_NO_CAR,2024,9,REG,NO,CAR,0,80,9.3119,0.116398
2024_09_TB_KC,2024,9,REG,KC,TB,1,85,12.085,0.142177
2024_09_TB_KC,2024,9,REG,TB,KC,0,55,9.084,0.165163
2024_09_WAS_NYG,2024,9,REG,NYG,WAS,1,65,8.5009,0.130783
2024_09_WAS_NYG,2024,9,REG,WAS,NYG,0,59,18.8102,0.318816
2024_10_ATL_NO,2024,10,REG,ATL,NO,0,78,7.3696,0.094482
2024_10_ATL_NO,2024,10,REG,NO,ATL,1,52,-1.0849,-0.020864
2024_10_BUF_IND,2024,10,REG,BUF,IND,0,73,0.269,0.003685
2024_10_BUF_IND,2024,10,REG,IND,BUF,1,64,-14.7269,-0.230108
2024_10_CIN_BAL,2024,10,REG,BAL,CIN,1,62,16.9698,0.273706
2024_10_CIN_BAL,2024,10,REG,CIN,BAL,0,82,14.7684,0.180103
2024_10_DEN_KC,2024,10,REG,DEN,KC,0,57,1.7184,0.030147
2024_10_DEN_KC,2024,10,REG,KC,DEN,1,68,1.2933,0.01902
2024_10_DET_HOU,2024,10,REG,DET,HOU,0,65,-7.5508,-0.116166
2024_10_DET_HOU,2024,10,REG,HOU,DET,1,68,-13.7453,-0.202137
2024_10_MIA_LA,2024,10,REG,LA,MIA,1,69,-17.4881,-0.253451
2024_10_MIA_LA,2024,10,REG,MIA,LA,0,52,-6.2763,-0.120699
2024_10_MIN_JAX,2024,10,REG,JAX,MIN,1,44,-13.8845,-0.315556
2024_10_MIN_JAX,2024,10,REG,MIN,JAX,0,82,-0.0576,-0.000703
2024_10_NE_CHI,2024,10,REG,CHI,NE,1,60,-22.3986,-0.37331
2024_10_NE_CHI,2024,10,REG,NE,CHI,0,62,-1.9135,-0.030862
2024_10_NYG_CAR,2024,10,REG,CAR,NYG,1,60,-2.6853,-0.044755
2024_10_NYG_CAR,2024,10,REG,NYG,CAR,0,73,-6.6207,-0.090695
2024_10_NYJ_ARI,2024,10,REG,ARI,NYJ,1,58,22.7852,0.392849
2024_10_NYJ_ARI,2024,10,REG,NYJ,ARI,0,58,-6.1385,-0.105837
2024_10_PHI_DAL,2024,10,REG,DAL,PHI,1,60,-38.7789,-0.646315
2024_10_PHI_DAL,2024,10,REG,PHI,DAL,0,67,-1.9563,-0.029198
2024_10_PIT_WAS,2024,10,REG,PIT,WAS,0,76,0.9547,0.012561
2024_10_PIT_WAS,2024,10,REG,WAS,PIT,1,64,-5.0724,-0.079257
2024_10_SF_TB,2024,10,REG,SF,TB,0,62,17.6784,0.285135
2024_10_SF_TB,2024,10,REG,TB,SF,1,61,-0.931,-0.015262
2024_10_TEN_LAC,2024,10,REG,LAC,TEN,1,56,12.7601,0.227858
2024_10_TEN_LAC,2024,10,REG,TEN,LAC,0,54,5.5579,0.102925
2024_11_ATL_DEN,2024,11,REG,ATL,DEN,0,58,-14.6389,-0.252395
2024_11_ATL_DEN,2024,11,REG,DEN,ATL,1,62,20.1822,0.325519
2024_11_BAL_PIT,2024,11,REG,BAL,PIT,0,60,-7.9679,-0.132798
2024_11_BAL_PIT,2024,11,REG,PIT,BAL,1,75,-20.1841,-0.269122
2024_11_CIN_LAC,2024,11,REG,CIN,LAC,0,82,9.4173,0.114845
2024_11_CIN_LAC,2024,11,REG,LAC,CIN,1,66,2.7087,0.041041
2024_11_CLE_NO,2024,11,REG,CLE,NO,0,72,3.101,0.04307
2024_11_CLE_NO,2024,11,REG,NO,CLE,1,58,13.8342,0.23852
2024_11_GB_CHI,2024,11,REG,CHI,GB,1,72,11.5818,0.160858
2024_11_GB_CHI,2024,11,REG,GB,CHI,0,45,11.0145,0.244767
2024_11_HOU_DAL,2024,11,REG,DAL,HOU,1,84,-25.3832,-0.302181
2024_11_HOU_DAL,2024,11,REG,HOU,DAL,0,63,10.6666,0.16931
2024_11_IND_NYJ,2024,11,REG,IND,NYJ,0,70,-0.0171,-0.000245
2024_11_IND_NYJ,2024,11,REG,NYJ,IND,1,52,-5.2526,-0.101012
2024_11_JAX_DET,2024,11,REG,DET,JAX,1,77,42.7147,0.554737
2024_11_JAX_DET,2024,11,REG,JAX,DET,0,48,-17.0528,-0.355267
2024_11_KC_BUF,2024,11,REG,BUF,KC,1,71,11.836,0.166704
2024_11_KC_BUF,2024,11,REG,KC,BUF,0,55,4.8041,0.087347
2024_11_LA_NE,2024,11,REG,LA,NE,0,49,19.5501,0.398982
2024_11_LA_NE,2024,11,REG,NE,LA,1,76,7.1939,0.094657
2024_11_LV_MIA,2024,11,REG,LV,MIA,0,65,4.1987,0.064595
2024_11_LV_MIA,2024,11,REG,MIA,LV,1,67,21.7071,0.323987
2024_11_MIN_TEN,2024,11,REG,MIN,TEN,0,72,3.7531,0.052126
2024_11_MIN_TEN,2024,11,REG,TEN,MIN,1,59,-10.8936,-0.184638
2024_11_SEA_SF,2024,11,REG,SEA,SF,0,60,0.4281,0.007136
2024_11_SEA_SF,2024,11,REG,SF,SEA,1,63,1.3637,0.021645
2024_11_WAS_PHI,2024,11,REG,PHI,WAS,1,70,12.9889,0.185556
2024_11_WAS_PHI,2024,11,REG,WAS,PHI,0,66,-3.9234,-0.059445
2024_12_ARI_SEA,2024,12,REG,ARI,SEA,0,58,-12.8392,-0.221365
2024_12_ARI_SEA,2024,12,REG,SEA,ARI,1,62,-4.1449,-0.066854
2024_12_BAL_LAC,2024,12,REG,BAL,LAC,0,63,16.701,0.265095
2024_12_BAL_LAC,2024,12,REG,LAC,BAL,1,69,1.9325,0.028008
2024_12_DAL_WAS,2024,12,REG,DAL,WAS,0,66,-2.0436,-0.030964
2024_12_DAL_WAS,2024,12,REG,WAS,DAL,1,69,-3.0844,-0.044702
2024_12_DEN_LV,2024,12,REG,DEN,LV,0,68,1.5597,0.022937
2024_12_DEN_LV,2024,12,REG,LV,DEN,1,77,-14.3838,-0.186803
2024_12_DET_IND,2024,12,REG,DET,IND,0,71,10.9039,0.153576
2024_12_DET_IND,2024,12,REG,IND,DET,1,54,-13.0382,-0.241448
2024_12_KC_CAR,2024,12,REG,CAR,KC,1,62,14.2215,0.229379
2024_12_KC_CAR,2024,12,REG,KC,CAR,0,74,18.8763,0.255085
2024_12_MIN_CHI,2024,12,REG,CHI,MIN,1,75,3.3411,0.044548
2024_12_MIN_CHI,2024,12,REG,MIN,CHI,0,71,6.2433,0.087933
2024_12_NE_MIA,2024,12,REG,MIA,NE,1,65,-0.1394,-0.002145
2024_12_NE_MIA,2024,12,REG,NE,MIA,0,68,-13.3548,-0.196394
2024_12_PHI_LA,2024,12,REG,LA,PHI,1,64,1.6901,0.026407
2024_12_PHI_LA,2024,12,REG,PHI,LA,0,70,22.1763,0.316804
2024_12_PIT_CLE,2024,12,REG,CLE,PIT,1,59,-0.4297,-0.007283
2024_12_PIT_CLE,2024,12,REG,PIT,CLE,0,69,-0.6037,-0.008749
2024_12_SF_GB,2024,12,REG,GB,SF,1,71,7.6377,0.107573
2024_12_SF_GB,2024,12,REG,SF,GB,0,48,-19.5773,-0.40786
2024_12_TB_NYG,2024,12,REG,NYG,TB,1,58,-13.4273,-0.231505
2024_12_TB_NYG,2024,12,REG,TB,NYG,0,65,19.7333,0.30359
2024_12_TEN_HOU,2024,12,REG,HOU,TEN,1,56,-14.1385,-0.252473
2024_12_TEN_HOU,2024,12,REG,TEN,HOU,0,65,-4.3714,-0.067253
2024_13_ARI_MIN,2024,13,REG,ARI,MIN,0,81,6.7484,0.083314
2024_13_ARI_MIN,2024,13,REG,MIN,ARI,1,52,-1.2354,-0.023757
2024_13_CHI_DET,2024,13,REG,CHI,DET,0,66,0.2724,0.004127
2024_13_CHI_DET,2024,13,REG,DET,CHI,1,70,3.6294,0.051848
2024_13_CLE_DEN,2024,13,REG,CLE,DEN,0,86,-1.7802,-0.0207
2024_13_CLE_DEN,2024,13,REG,DEN,CLE,1,64,5.9037,0.092245
2024_13_HOU_JAX,2024,13,REG,HOU,JAX,0,60,4.7601,0.079335
2024_13_HOU_JAX,2024,13,REG,JAX,HOU,1,70,4.5642,0.065203
2024_13_IND_NE,2024,13,REG,IND,NE,0,61,7.648,0.125376
2024_13_IND_NE,2024,13,REG,NE,IND,1,72,8.0032,0.111156
2024_13_LAC_ATL,2024,13,REG,ATL,LAC,1,81,-13.3055,-0.164265
2024_13_LAC_ATL,2024,13,REG,LAC,ATL,0,44,-12.5948,-0.286246
2024_13_LA_NO,2024,13,REG,LA,NO,0,54,8.4362,0.156225
2024_13_LA_NO,2024,13,REG,NO,LA,1,71,-1.1744,-0.016541
2024_13_LV_KC,2024,13,REG,KC,LV,1,69,-0.4948,-0.00717
2024_13_LV_KC,2024,13,REG,LV,KC,0,67,2.254,0.033642
2024_13_MIA_GB,2024,13,REG,GB,MIA,1,54,11.8338,0.219145
2024_13_MIA_GB,2024,13,REG,MIA,GB,0,71,5.13,0.072253
2024_13_NYG_DAL,2024,13,REG,DAL,NYG,1,73,-3.073,-0.042096
2024_13_NYG_DAL,2024,13,REG,NYG,DAL,0,63,-14.3711,-0.228112
2024_13_PHI_BAL,2024,13,REG,BAL,PHI,1,72,1.4083,0.01956
2024_13_PHI_BAL,2024,13,REG,PHI,BAL,0,54,2.3051,0.042686
2024_13_PIT_CIN,2024,13,REG,CIN,PIT,1,62,4.8223,0.077779
2024_13_PIT_CIN,2024,13,REG,PIT,CIN,0,66,20.6194,0.312416
2024_13_SEA_NYJ,2024,13,REG,NYJ,SEA,1,67,-15.6946,-0.234248
2024_13_SEA_NYJ,2024,13,REG,SEA,NYJ,0,62,6.4043,0.103295
2024_13_SF_BUF,2024,13,REG,BUF,SF,1,55,18.956,0.344655
2024_13_SF_BUF,2024,13,REG,SF,BUF,0,47,-10.1162,-0.215239
2024_13_TB_CAR,2024,13,REG,CAR,TB,1,70,0.2814,0.00402
2024_13_TB_CAR,2024,13,REG,TB,CAR,0,79,-0.4842,-0.00613
2024_13_TEN_WAS,2024,13,REG,TEN,WAS,0,55,-4.5648,-0.082997
2024_13_TEN_WAS,2024,13,REG,WAS,TEN,1,81,23.5078,0.290219
2024_14_ATL_MIN,2024,14,REG,ATL,MIN,0,74,5.8868,0.079551
2024_14_ATL_MIN,2024,14,REG,MIN,ATL,1,57,25.6601,0.450177
2024_14_BUF_LA,2024,14,REG,BUF,LA,0,60,31.7802,0.529669
2024_14_BUF_LA,2024,14,REG,LA,BUF,1,77,23.3104,0.302733
2024_14_CAR_PHI,2024,14,REG,CAR,PHI,0,70,0.6181,0.00883
2024_14_CAR_PHI,2024,14,REG,PHI,CAR,1,57,7.1685,0.125762
2024_14_CHI_SF,2024,14,REG,CHI,SF,0,53,-8.1997,-0.15471
2024_14_CHI_SF,2024,14,REG,SF,CHI,1,60,24.4204,0.407007
2024_14_CIN_DAL,2024,14,REG,CIN,DAL,0,69,7.015,0.101666
2024_14_CIN_DAL,2024,14,REG,DAL,CIN,1,60,-0.0682,-0.001137
2024_14_CLE_PIT,2024,14,REG,CLE,PIT,0,72,-11.1305,-0.154591
2024_14_CLE_PIT,2024,14,REG,PIT,CLE,1,63,-6.4212,-0.101924
2024_14_GB_DET,2024,14,REG,DET,GB,1,80,3.3783,0.042228
2024_14_GB_DET,2024,14,REG,GB,DET,0,49,7.7264,0.157681
2024_14_JAX_TEN,2024,14,REG,JAX,TEN,0,58,0.6616,0.011406
2024_14_JAX_TEN,2024,14,REG,TEN,JAX,1,64,-9.4063,-0.146973
2024_14_LAC_KC,2024,14,REG,KC,LAC,1,67,4.604,0.068717
2024_14_LAC_KC,2024,14,REG,LAC,KC,0,60,5.6546,0.094244
2024_14_LV_TB,2024,14,REG,LV,TB,0,66,-9.9456,-0.150691
2024_14_LV_TB,2024,14,REG,TB,LV,1,62,8.7468,0.141077
2024_14_NO_NYG,2024,14,REG,NO,NYG,0,68,-4.1144,-0.060506
2024_14_NO_NYG,2024,14,REG,NYG,NO,1,77,-10.8169,-0.140479
2024_14_NYJ_MIA,2024,14,REG,MIA,NYJ,1,71,15.5858,0.219518
2024_14_NYJ_MIA,2024,14,REG,NYJ,MIA,0,68,16.5913,0.243989
2024_14_SEA_ARI,2024,14,REG,ARI,SEA,1,70,-7.0882,-0.10126
2024_14_SEA_ARI,2024,14,REG,SEA,ARI,0,63,7.9052,0.12548
2024_15_ATL_LV,2024,15,REG,ATL,LV,0,58,-10.5247,-0.181461
2024_15_ATL_LV,2024,15,REG,LV,ATL,1,66,-18.0402,-0.273337
2024_15_BAL_NYG,2024,15,REG,BAL,NYG,0,58,25.7093,0.443264
2024_15_BAL_NYG,2024,15,REG,NYG,BAL,1,67,-0.3058,-0.004565
2024_15_BUF_DET,2024,15,REG,BUF,DET,0,69,30.2598,0.438547
2024_15_BUF_DET,2024,15,REG,DET,BUF,1,77,17.4061,0.226053
2024_15_CHI_MIN,2024,15,REG,CHI,MIN,0,67,-18.601,-0.277627
2024_15_CHI_MIN,2024,15,REG,MIN,CHI,1,77,3.879,0.050376
2024_15_CIN_TEN,2024,15,REG,CIN,TEN,0,68,16.0232,0.235635
2024_15_CIN_TEN,2024,15,REG,TEN,CIN,1,69,-3.343,-0.048449
2024_15_DAL_CAR,2024,15,REG,CAR,DAL,1,55,-9.557,-0.173764
2024_15_DAL_CAR,2024,15,REG,DAL,CAR,0,70,12.1911,0.174159
2024_15_GB_SEA,2024,15,REG,GB,SEA,0,64,7.591,0.118609
2024_15_GB_SEA,2024,15,REG,SEA,GB,1,59,-20.1363,-0.341293
2024_15_IND_DEN,2024,15,REG,DEN,IND,1,60,-17.3547,-0.289244
2024_15_IND_DEN,2024,15,REG,IND,DEN,0,76,-33.2959,-0.438104
2024_15_KC_CLE,2024,15,REG,CLE,KC,1,61,-29.9319,-0.490688
2024_15_KC_CLE,2024,15,REG,KC,CLE,0,73,-5.6521,-0.077425
2024_15_LA_SF,2024,15,REG,LA,SF,0,65,-6.2133,-0.095589
2024_15_LA_SF,2024,15,REG,SF,LA,1,54,-16.1298,-0.2987
2024_15_MIA_HOU,2024,15,REG,HOU,MIA,1,48,-10.3868,-0.216393
2024_15_MIA_HOU,2024,15,REG,MIA,HOU,0,68,-14.8605,-0.218536
2024_15_NE_ARI,2024,15,REG,ARI,NE,1,69,12.9944,0.188325
2024_15_NE_ARI,2024,15,REG,NE,ARI,0,51,1.1942,0.023415
2024_15_NYJ_JAX,2024,15,REG,JAX,NYJ,1,84,10.0028,0.11908
2024_15_NYJ_JAX,2024,15,REG,NYJ,JAX,0,58,24.1451,0.416296
2024_15_PIT_PHI,2024,15,REG,PHI,PIT,1,77,11.8312,0.153652
2024_15_PIT_PHI,2024,15,REG,PIT,PHI,0,43,-12.9106,-0.300245
2024_15_TB_LAC,2024,15,REG,LAC,TB,1,52,-15.1941,-0.292194
2024_15_TB_LAC,2024,15,REG,TB,LAC,0,72,13.1507,0.182649
2024_15_WAS_NO,2024,15,REG,NO,WAS,1,54,-3.1816,-0.058918
2024_15_WAS_NO,2024,15,REG,WAS,NO,0,78,1.5178,0.019458
2024_16_ARI_CAR,2024,16,REG,ARI,CAR,0,70,10.5478,0.150683
2024_16_ARI_CAR,2024,16,REG,CAR,ARI,1,67,17.5304,0.261648
2024_16_CLE_CIN,2024,16,REG,CIN,CLE,1,55,6.2728,0.114051
2024_16_CLE_CIN,2024,16,REG,CLE,CIN,0,66,-14.4868,-0.219497
2024_16_DEN_LAC,2024,16,REG,DEN,LAC,0,64,10.7971,0.168705
2024_16_DEN_LAC,2024,16,REG,LAC,DEN,1,62,14.8592,0.239664
2024_16_DET_CHI,2024,16,REG,CHI,DET,1,63,0.3691,0.005858
2024_16_DET_CHI,2024,16,REG,DET,CHI,0,64,20.6894,0.323271
2024_16_HOU_KC,2024,16,REG,HOU,KC,0,59,4.3893,0.074394
2024_16_HOU_KC,2024,16,REG,KC,HOU,1,72,11.5291,0.160127
2024_16_JAX_LV,2024,16,REG,JAX,LV,0,67,-15.7164,-0.234573
2024_16_JAX_LV,2024,16,REG,LV,JAX,1,71,-5.2476,-0.07391
2024_16_LA_NYJ,2024,16,REG,LA,NYJ,0,49,5.2531,0.107206
2024_16_LA_NYJ,2024,16,REG,NYJ,LA,1,69,-7.0174,-0.101702
2024_16_MIN_SEA,2024,16,REG,MIN,SEA,0,63,7.0072,0.111226
2024_16_MIN_SEA,2024,16,REG,SEA,MIN,1,64,2.9189,0.045607
2024_16_NE_BUF,2024,16,REG,BUF,NE,1,59,1.6885,0.028619
2024_16_NE_BUF,2024,16,REG,NE,BUF,0,74,3.5514,0.047992
2024_16_NO_GB,2024,16,REG,GB,NO,1,67,17.6837,0.263936
2024_16_NO_GB,2024,16,REG,NO,GB,0,55,-18.4963,-0.336297
2024_16_NYG_ATL,2024,16,REG,ATL,NYG,1,65,6.3264,0.097329
2024_16_NYG_ATL,2024,16,REG,NYG,ATL,0,58,-26.2549,-0.452671
2024_16_PHI_WAS,2024,16,REG,PHI,WAS,0,74,8.9832,0.121395
2024_16_PHI_WAS,2024,16,REG,WAS,PHI,1,66,-2.7461,-0.041607
2024_16_PIT_BAL,2024,16,REG,BAL,PIT,1,59,10.508,0.178102
2024_16_PIT_BAL,2024,16,REG,PIT,BAL,0,59,-10.5587,-0.178961
2024_16_SF_MIA,2024,16,REG,MIA,SF,1,66,7.968,0.120728
2024_16_SF_MIA,2024,16,REG,SF,MIA,0,62,4.9778,0.080287
2024_16_TB_DAL,2024,16,REG,DAL,TB,1,57,-0.2978,-0.005224
2024_16_TB_DAL,2024,16,REG,TB,DAL,0,72,3.116,0.043278
2024_16_TEN_IND,2024,16,REG,IND,TEN,1,62,13.5296,0.218219
2024_16_TEN_IND,2024,16,REG,TEN,IND,0,60,5.9696,0.099493
2024_17_ARI_LA,2024,17,REG,ARI,LA,0,79,-2.7729,-0.0351
2024_17_ARI_LA,2024,17,REG,LA,ARI,1,56,-3.7824,-0.067543
2024_17_ATL_WAS,2024,17,REG,ATL,WAS,0,64,7.0856,0.110713
2024_17_ATL_WAS,2024,17,REG,WAS,ATL,1,82,13.119,0.159988
2024_17_BAL_HOU,2024,17,REG,BAL,HOU,0,63,19.4258,0.308345
2024_17_BAL_HOU,2024,17,REG,HOU,BAL,1,56,-20.0924,-0.358793
2024_17_CAR_TB,2024,17,REG,CAR,TB,0,47,-4.6691,-0.099343
2024_17_CAR_TB,2024,17,REG,TB,CAR,1,74,33.7202,0.455679
2024_17_DAL_PHI,2024,17,REG,DAL,PHI,0,62,-17.3324,-0.279554
2024_17_DAL_PHI,2024,17,REG,PHI,DAL,1,63,18.3701,0.291589
2024_17_DEN_CIN,2024,17,REG,CIN,DEN,1,89,16.0098,0.179885
2024_17_DEN_CIN,2024,17,REG,DEN,CIN,0,60,10.3005,0.171675
2024_17_DET_SF,2024,17,REG,DET,SF,0,68,25.0069,0.367748
2024_17_DET_SF,2024,17,REG,SF,DET,1,63,19.715,0.312937
2024_17_GB_MIN,2024,17,REG,GB,MIN,0,62,-2.9206,-0.047106
2024_17_GB_MIN,2024,17,REG,MIN,GB,1,69,6.1062,0.088496
2024_17_IND_NYG,2024,17,REG,IND,NYG,0,77,7.3144,0.094993
2024_17_IND_NYG,2024,17,REG,NYG,IND,1,52,17.0613,0.328102
2024_17_KC_PIT,2024,17,REG,KC,PIT,0,62,16.0123,0.258263
2024_17_KC_PIT,2024,17,REG,PIT,KC,1,75,-10.2425,-0.136567
2024_17_LAC_NE,2024,17,REG,LAC,NE,0,79,23.6538,0.299415
2024_17_LAC_NE,2024,17,REG,NE,LAC,1,53,-23.623,-0.445716
2024_17_LV_NO,2024,17,REG,LV,NO,0,75,7.1283,0.095044
2024_17_LV_NO,2024,17,REG,NO,LV,1,60,-19.2767,-0.321279
2024_17_MIA_CLE,2024,17,REG,CLE,MIA,1,79,-28.147,-0.356291
2024_17_MIA_CLE,2024,17,REG,MIA,CLE,0,58,-6.9079,-0.119102
2024_17_NYJ_BUF,2024,17,REG,BUF,NYJ,1,68,11.1265,0.163625
2024_17_NYJ_BUF,2024,17,REG,NYJ,BUF,0,63,-12.7447,-0.202296
2024_17_SEA_CHI,2024,17,REG,CHI,SEA,1,61,-13.231,-0.216901
2024_17_SEA_CHI,2024,17,REG,SEA,CHI,0,51,-9.158,-0.179568
2024_17_TEN_JAX,2024,17,REG,JAX,TEN,1,57,7.625,0.133772
2024_17_TEN_JAX,2024,17,REG,TEN,JAX,0,69,2.3733,0.034396
2024_18_BUF_NE,2024,18,REG,BUF,NE,0,67,-5.933,-0.088552
2024_18_BUF_NE,2024,18,REG,NE,BUF,1,61,0.8405,0.013779
2024_18_CAR_ATL,2024,18,REG,ATL,CAR,1,79,20.1038,0.254479
2024_18_CAR_ATL,2024,18,REG,CAR,ATL,0,66,25.5559,0.38721
2024_18_CHI_GB,2024,18,REG,CHI,GB,0,61,-11.0887,-0.181783
2024_18_CHI_GB,2024,18,REG,GB,CHI,1,65,-7.8483,-0.120743
2024_18_CIN_PIT,2024,18,REG,CIN,PIT,0,73,-1.0016,-0.013721
2024_18_CIN_PIT,2024,18,REG,PIT,CIN,1,61,-7.4587,-0.122274
2024_18_CLE_BAL,2024,18,REG,BAL,CLE,1,69,8.8736,0.128603
2024_18_CLE_BAL,2024,18,REG,CLE,BAL,0,58,-20.1245,-0.346974
2024_18_HOU_TEN,2024,18,REG,HOU,TEN,0,59,8.409,0.142525
2024_18_HOU_TEN,2024,18,REG,TEN,HOU,1,62,-12.1035,-0.195217
2024_18_JAX_IND,2024,18,REG,IND,JAX,1,78,3.9696,0.050892
2024_18_JAX_IND,2024,18,REG,JAX,IND,0,67,0.6434,0.009603
2024_18_KC_DEN,2024,18,REG,DEN,KC,1,73,26.8698,0.36808
2024_18_KC_DEN,2024,18,REG,KC,DEN,0,34,-14.1231,-0.415386
2024_18_LAC_LV,2024,18,REG,LAC,LV,0,73,22.5798,0.309312
2024_18_LAC_LV,2024,18,REG,LV,LAC,1,50,-3.8921,-0.077843
2024_18_MIA_NYJ,2024,18,REG,MIA,NYJ,0,70,-10.0134,-0.143049
2024_18_MIA_NYJ,2024,18,REG,NYJ,MIA,1,64,4.8579,0.075905
2024_18_MIN_DET,2024,18,REG,DET,MIN,1,68,-1.5885,-0.02336
2024_18_MIN_DET,2024,18,REG,MIN,DET,0,64,-16.6118,-0.25956
2024_18_NO_TB,2024,18,REG,NO,TB,0,66,0.6623,0.010034
2024_18_NO_TB,2024,18,REG,TB,NO,1,66,11.3277,0.171632
2024_18_NYG_PHI,2024,18,REG,NYG,PHI,0,54,-6.4122,-0.118744
2024_18_NYG_PHI,2024,18,REG,PHI,NYG,1,67,-2.7074,-0.040409
2024_18_SEA_LA,2024,18,REG,LA,SEA,1,66,1.5903,0.024096
2024_18_SEA_LA,2024,18,REG,SEA,LA,0,54,13.2995,0.246287
2024_18_SF_ARI,2024,18,REG,ARI,SF,1,66,18.7699,0.284392
2024_18_SF_ARI,2024,18,REG,SF,ARI,0,74,-0.0379,-0.000513
2024_18_WAS_DAL,2024,18,REG,DAL,WAS,1,78,0.1598,0.002048
2024_18_WAS_DAL,2024,18,REG,WAS,DAL,0,56,4.7939,0.085606
2024_19_DEN_BUF,2024,19,POST,BUF,DEN,1,73,23.2067,0.317901
2024_19_DEN_BUF,2024,19,POST,DEN,BUF,0,43,-5.2275,-0.121571
2024_19_GB_PHI,2024,19,POST,GB,PHI,0,65,-5.6327,-0.086658
2024_19_GB_PHI,2024,19,POST,PHI,GB,1,59,-0.2094,-0.00355
2024_19_LAC_HOU,2024,19,POST,HOU,LAC,1,71,-8.3719,-0.117914
2024_19_LAC_HOU,2024,19,POST,LAC,HOU,0,56,-27.1482,-0.484789
2024_19_MIN_LA,2024,19,POST,LA,MIN,1,51,0.3827,0.007503
2024_19_MIN_LA,2024,19,POST,MIN,LA,0,73,-26.3676,-0.3612
2024_19_PIT_BAL,2024,19,POST,BAL,PIT,1,72,24.0885,0.334562
2024_19_PIT_BAL,2024,19,POST,PIT,BAL,0,45,4.5507,0.101127
2024_19_WAS_TB,2024,19,POST,TB,WAS,1,47,5.7553,0.122452
2024_19_WAS_TB,2024,19,POST,WAS,TB,0,71,11.0643,0.155836
2024_20_BAL_BUF,2024,20,POST,BAL,BUF,0,58,8.1157,0.139926
2024_20_BAL_BUF,2024,20,POST,BUF,BAL,1,59,6.036,0.102304
2024_20_HOU_KC,2024,20,POST,HOU,KC,0,67,3.5847,0.053503
2024_20_HOU_KC,2024,20,POST,KC,HOU,1,49,3.2012,0.06533
2024_20_LA_PHI,2024,20,POST,LA,PHI,0,71,-5.8103,-0.081836
2024_20_LA_PHI,2024,20,POST,PHI,LA,1,62,5.257,0.08479
2024_20_WAS_DET,2024,20,POST,DET,WAS,1,66,6.5565,0.099341
2024_20_WAS_DET,2024,20,POST,WAS,DET,0,72,22.0948,0.306873
2024_21_BUF_KC,2024,21,POST,BUF,KC,0,73,11.1476,0.152707
2024_21_BUF_KC,2024,21,POST,KC,BUF,1,63,17.3196,0.274914
2024_21_WAS_PHI,2024,21,POST,PHI,WAS,1,69,31.5418,0.457127
2024_21_WAS_PHI,2024,21,POST,WAS,PHI,0,80,-6.5212,-0.081514
2024_22_KC_PHI,2024,22,POST,KC,PHI,0,56,-19.5004,-0.348221
2024_22_KC_PHI,2024,22,POST,PHI,KC,1,71,3.4719,0.0489
